main_post,duplicate_post,tier,similarity,same_pillar,reason,differentiator,recommended_role_split
2026-07-30-cleaning-28,2026-07-31-cleaning-74,HIGH,0.56,예,"같은 세부 클러스터(laundry-clothing) / 공통 표현: 세탁기 냄새, 빨래 쉰 냄새",검색의도 다름: 2026-07-30-cleaning-28=문제해결형 / 2026-07-31-cleaning-74=질문형,"2026-07-30-cleaning-28=주요 관점 유지, 2026-07-31-cleaning-74=세탁기 청소 중심으로 검색의도 분리 검토"
2026-07-30-cleaning-28,2026-08-04-cleaning-auto-123d17,HIGH,0.55,예,"같은 세부 클러스터(laundry-clothing) / 공통 표현: 세탁 팁, 1인 가구 살림",검색의도 다름: 2026-07-30-cleaning-28=문제해결형 / 2026-08-04-cleaning-auto-123d17=질문형,"2026-07-30-cleaning-28=주요 관점 유지, 2026-08-04-cleaning-auto-123d17=옷 줄었을 때 중심으로 검색의도 분리 검토"
2026-07-30-cleaning-67,2026-08-07-cleaning-auto-c3121d,HIGH,0.67,아니오,"같은 세부 클러스터(odor-removal) / 공통 표현: 냉장고 청소법, 1인 가구 냉장고, 냉장고 청소, 살림 팁",검색의도 다름: 2026-07-30-cleaning-67=방법형 / 2026-08-07-cleaning-auto-c3121d=문제해결형,"2026-07-30-cleaning-67=주요 관점 유지, 2026-08-07-cleaning-auto-c3121d=냉장고 정리 팁 중심으로 검색의도 분리 검토"
2026-08-06-cleaning-auto-f4b529,2026-08-01-cleaning-auto-070bfd,HIGH,0.57,예,"같은 세부 클러스터(laundry-clothing) / 공통 표현: 1인 가구 빨래, 빨래",검색의도 다름: 2026-08-06-cleaning-auto-f4b529=질문형 / 2026-08-01-cleaning-auto-070bfd=비교형,"2026-08-06-cleaning-auto-f4b529=주요 관점 유지, 2026-08-01-cleaning-auto-070bfd=원룸 빨래 건조 중심으로 검색의도 분리 검토"
2026-08-01-cleaning-auto-070bfd,2026-08-10-cleaning-auto-aeb4a0,HIGH,0.55,예,"같은 세부 클러스터(laundry-clothing) / 공통 표현: 1인 가구 빨래, 빨래","2026-08-01-cleaning-auto-070bfd 고유 키워드: 원룸 빨래 건조, 미니 건조기 추천, 빨래 쉰내 / 2026-08-10-cleaning-auto-aeb4a0 고유 키워드: 좁은 집 빨래, 소형 건조기, 스마트 건조대","2026-08-01-cleaning-auto-070bfd=주요 관점 유지, 2026-08-10-cleaning-auto-aeb4a0=좁은 집 빨래 중심으로 검색의도 분리 검토"
2026-08-01-cleaning-auto-2b8bbd,2026-08-10-cleaning-auto-6e0644,HIGH,0.57,예,"같은 세부 클러스터(laundry-clothing) / 공통 표현: 얼룩 제거, 세탁 꿀팁","2026-08-01-cleaning-auto-2b8bbd 고유 키워드: 옷 얼룩 제거, 커피 얼룩, 기름 얼룩 / 2026-08-10-cleaning-auto-6e0644 고유 키워드: 옷 얼룩, 얼룩 지우기, 얼룩 제거법","2026-08-01-cleaning-auto-2b8bbd=주요 관점 유지, 2026-08-10-cleaning-auto-6e0644=옷 얼룩 중심으로 검색의도 분리 검토"
2026-08-01-cleaning-auto-48265b,2026-08-06-cleaning-auto-e80db8,HIGH,0.67,아니오,"같은 세부 클러스터(odor-removal) / 공통 표현: 1인 가구 음식물 쓰레기, 음식물 쓰레기 냄새, 음식물쓰레기",검색의도 다름: 2026-08-01-cleaning-auto-48265b=방법형 / 2026-08-06-cleaning-auto-e80db8=비교형,"2026-08-01-cleaning-auto-48265b=주요 관점 유지, 2026-08-06-cleaning-auto-e80db8=음식물쓰레기 중심으로 검색의도 분리 검토"
2026-08-06-cleaning-auto-ab8bbf,2026-08-14-cleaning-auto-0fc7dd,HIGH,0.73,아니오,"같은 세부 클러스터(appliance-cleaning) / 공통 표현: 에어컨 필터 청소, 에어컨 냄새, 에어컨 청소, 전기세 절약",검색의도 다름: 2026-08-06-cleaning-auto-ab8bbf=비교형 / 2026-08-14-cleaning-auto-0fc7dd=질문형,"2026-08-06-cleaning-auto-ab8bbf=주요 관점 유지, 2026-08-14-cleaning-auto-0fc7dd=냉방 효율 중심으로 검색의도 분리 검토"
2026-08-06-cleaning-auto-f4b529,2026-08-10-cleaning-auto-aeb4a0,HIGH,0.59,예,"같은 세부 클러스터(laundry-clothing) / 공통 표현: 1인 가구 빨래, 빨래",검색의도 다름: 2026-08-06-cleaning-auto-f4b529=질문형 / 2026-08-10-cleaning-auto-aeb4a0=비교형,"2026-08-06-cleaning-auto-f4b529=주요 관점 유지, 2026-08-10-cleaning-auto-aeb4a0=좁은 집 빨래 중심으로 검색의도 분리 검토"
2026-08-11-cleaning-auto-1ad691,2026-08-11-cleaning-auto-983cbd,HIGH,0.69,아니오,"같은 세부 클러스터(bathroom-cleaning) / 공통 표현: 샤워기 헤드 청소, 샤워기청소, 욕실청소, 물때제거","2026-08-11-cleaning-auto-1ad691 고유 키워드: 샤워기 물때, 샤워기 세균, 피부 가려움 / 2026-08-11-cleaning-auto-983cbd 고유 키워드: 샤워기 물줄기 약함, 샤워기 냄새, 구연산 청소","2026-08-11-cleaning-auto-1ad691=주요 관점 유지, 2026-08-11-cleaning-auto-983cbd=샤워기 물줄기 약함 중심으로 검색의도 분리 검토"
2026-08-08-products-auto-613b49,2026-08-01-products-auto-d180b4,HIGH,0.68,아니오,"같은 세부 클러스터(safety-products) / 공통 표현: 1인 가구 해충, 전문 방역 서비스, 셀프 방역 제품, 바퀴벌레, 셀프 방역","2026-08-08-products-auto-613b49 고유 키워드: 벌레 퇴치법, 바퀴벌레 퇴치, 초파리 없애는 법 / 2026-08-01-products-auto-d180b4 고유 키워드: 바퀴벌레 없애는 법, 개미 퇴치, 자취방 벌레","2026-08-08-products-auto-613b49=주요 관점 유지, 2026-08-01-products-auto-d180b4=바퀴벌레 없애는 법 중심으로 검색의도 분리 검토"
2026-08-01-safety-auto-835af8,2026-08-06-safety-auto-ec7c17,HIGH,0.65,아니오,"같은 세부 클러스터(emergency-response) / 공통 표현: CO 경보기, 일산화탄소, 난방",검색의도 다름: 2026-08-01-safety-auto-835af8=질문형 / 2026-08-06-safety-auto-ec7c17=비교형,"2026-08-01-safety-auto-835af8=주요 관점 유지, 2026-08-06-safety-auto-ec7c17=일산화탄소 경보기 중심으로 검색의도 분리 검토"
2026-08-01-safety-auto-b177af,2026-08-08-safety-auto-ee80c6,HIGH,0.66,아니오,"같은 세부 클러스터(leak-accident) / 공통 표현: 혼자 사는 집 누수, 누수, 천장 누수, 벽 누수","2026-08-01-safety-auto-b177af 고유 키워드: 천장 물샘 대처, 아파트 누수, 원룸 누수 / 2026-08-08-safety-auto-ee80c6 고유 키워드: 천장 누수, 벽 누수, 윗집 누수","2026-08-01-safety-auto-b177af=주요 관점 유지, 2026-08-08-safety-auto-ee80c6=천장 누수 중심으로 검색의도 분리 검토"
2026-08-03-safety-auto-273fdf,2026-08-10-safety-auto-46a836,HIGH,0.73,아니오,"같은 세부 클러스터(pest-control) / 공통 표현: 해충 예방, 해충, 바퀴벌레, 쥐, 위생","2026-08-03-safety-auto-273fdf 고유 키워드: 1인 가구 해충, 혼자 사는 집 바퀴벌레, 쥐 퇴치 / 2026-08-10-safety-auto-46a836 고유 키워드: 1인 가구 바퀴벌레, 혼자 사는 집 쥐, 해충 퇴치","2026-08-03-safety-auto-273fdf=주요 관점 유지, 2026-08-10-safety-auto-46a836=1인 가구 바퀴벌레 중심으로 검색의도 분리 검토"
2026-07-30-storage-19,2026-08-07-storage-auto-54d5cd,HIGH,0.59,예,"같은 세부 클러스터(oneroom-storage) / 공통 표현: 원룸수납, 공간최적화",검색의도 다름: 2026-07-30-storage-19=문제해결형 / 2026-08-07-storage-auto-54d5cd=비교형,"2026-07-30-storage-19=주요 관점 유지, 2026-08-07-storage-auto-54d5cd=침대 밑 수납 중심으로 검색의도 분리 검토"
2026-07-30-storage-24,2026-08-01-storage-auto-316ab0,HIGH,0.59,예,같은 세부 클러스터(oneroom-storage) / 공통 표현: 정리,검색의도 다름: 2026-07-30-storage-24=판단형 / 2026-08-01-storage-auto-316ab0=비교형,"2026-07-30-storage-24=주요 관점 유지, 2026-08-01-storage-auto-316ab0=좁은 집 수납 중심으로 검색의도 분리 검토"
2026-08-01-storage-auto-c94563,2026-08-08-storage-auto-37bfb5,HIGH,0.69,아니오,"같은 세부 클러스터(entryway-storage) / 공통 표현: 현관 정리, 퇴근 후 정리, 현관 수납, 시간 절약","2026-08-01-storage-auto-c94563 고유 키워드: 현관 정리, 좁은 현관 수납, 1인 가구 현관 / 2026-08-08-storage-auto-37bfb5 고유 키워드: 1인 가구 외투, 좁은 집 가방 수납, 의자 옷장","2026-08-01-storage-auto-c94563=주요 관점 유지, 2026-08-08-storage-auto-37bfb5=1인 가구 외투 중심으로 검색의도 분리 검토"
2026-07-30-cost-80,2026-07-30-cost-3,MEDIUM,0.6,아니오,"같은 세부 클러스터(telecom-bill) / 공통 표현: 1인 가구 통신비, 알뜰폰","2026-07-30-cost-80 고유 키워드: 알뜰폰, 통신 3사, 요금제 / 2026-07-30-cost-3 고유 키워드: 알뜰폰 인터넷 결합, 통신사 결합 비교, 직장인 생활비","2026-07-30-cost-80=주요 관점 유지, 2026-07-30-cost-3=알뜰폰 인터넷 결합 중심으로 검색의도 분리 검토"
2026-08-01-cost-auto-e9d2d3,2026-08-12-cost-auto-b36efb,MEDIUM,0.61,아니오,"같은 세부 클러스터(general-living-cost) / 공통 표현: 1인 가구 가전, 가전 렌탈, 가전제품",검색의도 다름: 2026-08-01-cost-auto-e9d2d3=질문형 / 2026-08-12-cost-auto-b36efb=비교형,"2026-08-01-cost-auto-e9d2d3=주요 관점 유지, 2026-08-12-cost-auto-b36efb=1인 가구 가구 중심으로 검색의도 분리 검토"
2026-08-03-cost-auto-4d199c,2026-08-08-cost-auto-c1b0b5,MEDIUM,0.61,아니오,"같은 세부 클러스터(general-living-cost) / 공통 표현: 교통비, 카셰어링, 교통비 절약","2026-08-03-cost-auto-4d199c 고유 키워드: 교통비, 대중교통, 택시 / 2026-08-08-cost-auto-c1b0b5 고유 키워드: 1인 가구 자동차, 카셰어링 장단점, 렌터카 비용","2026-08-03-cost-auto-4d199c=주요 관점 유지, 2026-08-08-cost-auto-c1b0b5=1인 가구 자동차 중심으로 검색의도 분리 검토"
2026-08-12-cost-auto-b175c0,2026-08-12-cost-auto-b36efb,MEDIUM,0.61,아니오,"같은 세부 클러스터(general-living-cost) / 공통 표현: 1인 가구 가구, 가구 구매, 중고 가구","2026-08-12-cost-auto-b175c0 고유 키워드: 가구 선택, 가구 비용, 가구 렌탈 장단점 / 2026-08-12-cost-auto-b36efb 고유 키워드: 1인 가구 가전, 중고 가구, 가전 렌탈","2026-08-12-cost-auto-b175c0=주요 관점 유지, 2026-08-12-cost-auto-b36efb=1인 가구 가전 중심으로 검색의도 분리 검토"
2026-07-30-food-16,2026-07-30-food-12,MEDIUM,0.64,아니오,"같은 세부 클러스터(food-waste) / 공통 표현: 혼밥 식재료, 음식물 쓰레기 줄이기",검색의도 다름: 2026-07-30-food-16=문제해결형 / 2026-07-30-food-12=방법형,"2026-07-30-food-16=주요 관점 유지, 2026-07-30-food-12=남은 음식 활용법 중심으로 검색의도 분리 검토"
2026-08-01-food-auto-2c9171,2026-08-06-food-auto-ef165d,MEDIUM,0.57,아니오,"같은 세부 클러스터(grocery-shopping) / 공통 표현: 1인 가구 장보기, 장보기",검색의도 다름: 2026-08-01-food-auto-2c9171=질문형 / 2026-08-06-food-auto-ef165d=비교형,"2026-08-01-food-auto-2c9171=주요 관점 유지, 2026-08-06-food-auto-ef165d=신선 채소 구매 중심으로 검색의도 분리 검토"
2026-08-06-food-auto-36b7bb,2026-08-07-food-auto-f5cf37,MEDIUM,0.63,아니오,"같은 세부 클러스터(food-waste) / 공통 표현: 혼밥 레시피, 자취 요리, 요리팁",검색의도 다름: 2026-08-06-food-auto-36b7bb=질문형 / 2026-08-07-food-auto-f5cf37=비교형,"2026-08-06-food-auto-36b7bb=주요 관점 유지, 2026-08-07-food-auto-f5cf37=1인 가구 밀키트 중심으로 검색의도 분리 검토"
2026-07-30-cleaning-25,2026-07-31-cleaning-79,MEDIUM,0.56,아니오,"같은 세부 클러스터(cleaning-tools-time) / 공통 표현: 청소 시간 절약, 효율적인 청소",검색의도 다름: 2026-07-30-cleaning-25=문제해결형 / 2026-07-31-cleaning-79=비교형,"2026-07-30-cleaning-25=주요 관점 유지, 2026-07-31-cleaning-79=1인 가구 청소 중심으로 검색의도 분리 검토"
2026-07-30-cleaning-31,2026-08-06-cleaning-auto-ec8541,MEDIUM,0.57,아니오,"같은 세부 클러스터(kitchen-cleaning) / 공통 표현: 찌든 때 청소, 주방 후드 청소",검색의도 다름: 2026-07-30-cleaning-31=문제해결형 / 2026-08-06-cleaning-auto-ec8541=질문형,"2026-07-30-cleaning-31=주요 관점 유지, 2026-08-06-cleaning-auto-ec8541=레인지 후드 청소 중심으로 검색의도 분리 검토"
2026-08-01-products-78,2026-08-01-products-auto-b433a0,MEDIUM,0.55,아니오,"같은 세부 클러스터(kitchen-appliances) / 공통 표현: 주방용품, 살림 최적화",검색의도 다름: 2026-08-01-products-78=방법형 / 2026-08-01-products-auto-b433a0=판단형,"2026-08-01-products-78=주요 관점 유지, 2026-08-01-products-auto-b433a0=1인 가구 식기세척기 중심으로 검색의도 분리 검토"
2026-08-01-products-auto-153ac4,2026-08-08-products-auto-3477b8,MEDIUM,0.59,아니오,"같은 세부 클러스터(air-environment) / 공통 표현: 1인 가구 공기청정기, 공기청정기, 실내 공기",검색의도 다름: 2026-08-01-products-auto-153ac4=비교형 / 2026-08-08-products-auto-3477b8=방법형,"2026-08-01-products-auto-153ac4=주요 관점 유지, 2026-08-08-products-auto-3477b8=좁은 집 공기 중심으로 검색의도 분리 검토"
2026-08-01-products-auto-d180b4,2026-08-08-products-auto-b03456,MEDIUM,0.64,아니오,"같은 세부 클러스터(safety-products) / 공통 표현: 1인 가구 해충, 셀프 방역 제품, 바퀴벌레, 셀프 방역, 전문 방역","2026-08-01-products-auto-d180b4 고유 키워드: 바퀴벌레 없애는 법, 개미 퇴치, 자취방 벌레 / 2026-08-08-products-auto-b03456 고유 키워드: 바퀴벌레 셀프 퇴치, 모기 없애는 법, 초파리 박멸","2026-08-01-products-auto-d180b4=주요 관점 유지, 2026-08-08-products-auto-b03456=바퀴벌레 셀프 퇴치 중심으로 검색의도 분리 검토"
2026-08-04-products-auto-db26cb,2026-08-10-products-auto-b0092a,MEDIUM,0.59,아니오,"같은 세부 클러스터(kitchen-appliances) / 공통 표현: 1인 가구 에어프라이어, 간편 요리, 에어프라이어","2026-08-04-products-auto-db26cb 고유 키워드: 1인 가구 토스터 오븐, 자취생 에어프라이어, 자취생 토스터 오븐 / 2026-08-10-products-auto-b0092a 고유 키워드: 1인 가구 전자레인지, 자취 요리, 주방 가전 추천","2026-08-04-products-auto-db26cb=주요 관점 유지, 2026-08-10-products-auto-b0092a=1인 가구 전자레인지 중심으로 검색의도 분리 검토"
2026-08-08-products-auto-613b49,2026-08-08-products-auto-b03456,MEDIUM,0.64,아니오,"같은 세부 클러스터(safety-products) / 공통 표현: 1인 가구 해충, 셀프 방역 제품, 바퀴벌레, 초파리, 셀프 방역","2026-08-08-products-auto-613b49 고유 키워드: 벌레 퇴치법, 바퀴벌레 퇴치, 초파리 없애는 법 / 2026-08-08-products-auto-b03456 고유 키워드: 바퀴벌레 셀프 퇴치, 모기 없애는 법, 초파리 박멸","2026-08-08-products-auto-613b49=주요 관점 유지, 2026-08-08-products-auto-b03456=바퀴벌레 셀프 퇴치 중심으로 검색의도 분리 검토"
2026-07-30-safety-34,2026-07-31-safety-73,MEDIUM,0.62,아니오,"같은 세부 클러스터(emergency-response) / 공통 표현: 갑자기 아플 때, 건강관리","2026-07-30-safety-34 고유 키워드: 응급실 준비물, 혼자 응급실, 비상 가방 / 2026-07-31-safety-73 고유 키워드: 혼자 고열, 1인가구 병원, 열날 때 대처","2026-07-30-safety-34=주요 관점 유지, 2026-07-31-safety-73=혼자 고열 중심으로 검색의도 분리 검토"
2026-07-30-safety-37,2026-08-09-safety-auto-14bba7,MEDIUM,0.56,아니오,"같은 세부 클러스터(fire-prevention) / 공통 표현: 1인 가구 화재, 주방 화재",검색의도 다름: 2026-07-30-safety-37=질문형 / 2026-08-09-safety-auto-14bba7=비교형,"2026-07-30-safety-37=주요 관점 유지, 2026-08-09-safety-auto-14bba7=간이 소화기 중심으로 검색의도 분리 검토"
2026-07-31-safety-72,2026-08-08-safety-auto-71a5f3,MEDIUM,0.57,아니오,"같은 세부 클러스터(emergency-response) / 공통 표현: 혼자 사는 집 안전, 빈집털이 예방",검색의도 다름: 2026-07-31-safety-72=문제해결형 / 2026-08-08-safety-auto-71a5f3=비교형,"2026-07-31-safety-72=주요 관점 유지, 2026-08-08-safety-auto-71a5f3=DIY 보안 중심으로 검색의도 분리 검토"
2026-08-01-safety-auto-0e6262,2026-08-01-safety-auto-835af8,MEDIUM,0.56,아니오,"같은 세부 클러스터(emergency-response) / 공통 표현: 일산화탄소 중독, 일산화탄소",검색의도 다름: 2026-08-01-safety-auto-0e6262=방법형 / 2026-08-01-safety-auto-835af8=질문형,"2026-08-01-safety-auto-0e6262=주요 관점 유지, 2026-08-01-safety-auto-835af8=보일러 안전 중심으로 검색의도 분리 검토"
2026-08-06-safety-auto-0b96ff,2026-08-01-safety-auto-835af8,MEDIUM,0.59,아니오,"같은 세부 클러스터(emergency-response) / 공통 표현: 보일러 안전, 일산화탄소",검색의도 다름: 2026-08-06-safety-auto-0b96ff=비교형 / 2026-08-01-safety-auto-835af8=질문형,"2026-08-06-safety-auto-0b96ff=주요 관점 유지, 2026-08-01-safety-auto-835af8=일산화탄소 중독 중심으로 검색의도 분리 검토"
2026-08-03-safety-auto-273fdf,2026-08-10-safety-auto-1af8f5,MEDIUM,0.6,아니오,"같은 세부 클러스터(pest-control) / 공통 표현: 1인 가구 해충, 쥐 퇴치, 위생",검색의도 다름: 2026-08-03-safety-auto-273fdf=방법형 / 2026-08-10-safety-auto-1af8f5=비교형,"2026-08-03-safety-auto-273fdf=주요 관점 유지, 2026-08-10-safety-auto-1af8f5=바퀴벌레 퇴치 중심으로 검색의도 분리 검토"
2026-08-10-safety-auto-e68c91,2026-08-03-safety-auto-273fdf,MEDIUM,0.59,아니오,"같은 세부 클러스터(pest-control) / 공통 표현: 해충, 바퀴벌레, 위생","2026-08-10-safety-auto-e68c91 고유 키워드: 바퀴벌레, 바퀴벌레 퇴치, 혼자 바퀴벌레 / 2026-08-03-safety-auto-273fdf 고유 키워드: 1인 가구 해충, 혼자 사는 집 바퀴벌레, 쥐 퇴치","2026-08-10-safety-auto-e68c91=주요 관점 유지, 2026-08-03-safety-auto-273fdf=1인 가구 해충 중심으로 검색의도 분리 검토"
2026-08-03-safety-auto-7bde55,2026-08-09-safety-auto-14bba7,MEDIUM,0.57,아니오,"같은 세부 클러스터(fire-prevention) / 공통 표현: 주방 화재, 소화기","2026-08-03-safety-auto-7bde55 고유 키워드: 소화기, 소방 담요, 1인 가구 안전 / 2026-08-09-safety-auto-14bba7 고유 키워드: 1인 가구 화재, 간이 소화기, 분말 소화기","2026-08-03-safety-auto-7bde55=주요 관점 유지, 2026-08-09-safety-auto-14bba7=1인 가구 화재 중심으로 검색의도 분리 검토"
2026-08-05-safety-auto-d98bca,2026-08-11-safety-auto-d99e57,MEDIUM,0.58,아니오,"같은 세부 클러스터(electrical-safety) / 공통 표현: 전기안전, 두꺼비집, 누전차단기","2026-08-05-safety-auto-d98bca 고유 키워드: 혼자사는전기사고, 두꺼비집내려감, 콘센트불꽃 / 2026-08-11-safety-auto-d99e57 고유 키워드: 1인 가구 전기 고장, 두꺼비집 내렸을 때, 콘센트 고장","2026-08-05-safety-auto-d98bca=주요 관점 유지, 2026-08-11-safety-auto-d99e57=1인 가구 전기 고장 중심으로 검색의도 분리 검토"
2026-08-06-safety-auto-0b96ff,2026-08-06-safety-auto-ec7c17,MEDIUM,0.59,아니오,"같은 세부 클러스터(emergency-response) / 공통 표현: 일산화탄소 경보기, 일산화탄소","2026-08-06-safety-auto-0b96ff 고유 키워드: 경보기 오작동, 경보기 배터리, 보일러 안전 / 2026-08-06-safety-auto-ec7c17 고유 키워드: CO 경보기, 스마트 CO 경보기, 겨울철 난방","2026-08-06-safety-auto-0b96ff=주요 관점 유지, 2026-08-06-safety-auto-ec7c17=CO 경보기 중심으로 검색의도 분리 검토"
2026-08-14-safety-auto-f47696,2026-08-09-safety-auto-eb5e4c,MEDIUM,0.58,아니오,"같은 세부 클러스터(lock-security) / 공통 표현: 현관문, 열쇠 분실, 스마트 도어락",검색의도 다름: 2026-08-14-safety-auto-f47696=문제해결형 / 2026-08-09-safety-auto-eb5e4c=방법형,"2026-08-14-safety-auto-f47696=주요 관점 유지, 2026-08-09-safety-auto-eb5e4c=1인 가구 현관문 잠김 중심으로 검색의도 분리 검토"
2026-08-10-safety-auto-e68c91,2026-08-10-safety-auto-1af8f5,MEDIUM,0.61,아니오,"같은 세부 클러스터(pest-control) / 공통 표현: 바퀴벌레 퇴치, 위생, 해충 방역",검색의도 다름: 2026-08-10-safety-auto-e68c91=방법형 / 2026-08-10-safety-auto-1af8f5=비교형,"2026-08-10-safety-auto-e68c91=주요 관점 유지, 2026-08-10-safety-auto-1af8f5=1인 가구 해충 중심으로 검색의도 분리 검토"
2026-08-07-storage-auto-613d62,2026-08-06-storage-auto-4e768a,MEDIUM,0.62,아니오,"같은 세부 클러스터(closet-clothing) / 공통 표현: 좁은 옷장 수납, 옷 정리, 옷장 최적화",검색의도 다름: 2026-08-07-storage-auto-613d62=질문형 / 2026-08-06-storage-auto-4e768a=비교형,"2026-08-07-storage-auto-613d62=주요 관점 유지, 2026-08-06-storage-auto-4e768a=1인 가구 옷장 중심으로 검색의도 분리 검토"
2026-07-30-cost-80,2026-08-08-cost-auto-123a00,LOW,0.51,아니오,같은 세부 클러스터(telecom-bill) / 공통 표현: 알뜰폰,"2026-07-30-cost-80 고유 키워드: 알뜰폰, 통신 3사, 요금제 / 2026-08-08-cost-auto-123a00 고유 키워드: 혼자 사는 직장인, 통신비 아끼는 법, 알뜰폰 추천","2026-07-30-cost-80=주요 관점 유지, 2026-08-08-cost-auto-123a00=혼자 사는 직장인 중심으로 검색의도 분리 검토"
2026-08-01-cost-auto-aa6f9d,2026-08-06-cost-auto-f652a0,LOW,0.52,아니오,"같은 세부 클러스터(general-living-cost) / 공통 표현: 생활비 아끼기, 중고거래","2026-08-01-cost-auto-aa6f9d 고유 키워드: 1인가구 가전, 1인가구 가구, 가전제품 구매 / 2026-08-06-cost-auto-f652a0 고유 키워드: 1인 가구 중고거래, 혼자 살 때 물건 정리, 중고거래 앱","2026-08-01-cost-auto-aa6f9d=주요 관점 유지, 2026-08-06-cost-auto-f652a0=1인 가구 중고거래 중심으로 검색의도 분리 검토"
2026-08-01-cost-auto-aa6f9d,2026-08-12-cost-auto-b175c0,LOW,0.52,아니오,"같은 세부 클러스터(general-living-cost) / 공통 표현: 가구 렌탈, 중고 가구","2026-08-01-cost-auto-aa6f9d 고유 키워드: 1인가구 가전, 1인가구 가구, 가전제품 구매 / 2026-08-12-cost-auto-b175c0 고유 키워드: 1인 가구 가구, 가구 선택, 가구 비용","2026-08-01-cost-auto-aa6f9d=주요 관점 유지, 2026-08-12-cost-auto-b175c0=1인 가구 가구 중심으로 검색의도 분리 검토"
2026-08-01-cost-auto-aa6f9d,2026-08-12-cost-auto-b36efb,LOW,0.53,아니오,"같은 세부 클러스터(general-living-cost) / 공통 표현: 중고 가구, 생활비 아끼기","2026-08-01-cost-auto-aa6f9d 고유 키워드: 1인가구 가전, 1인가구 가구, 가전제품 구매 / 2026-08-12-cost-auto-b36efb 고유 키워드: 1인 가구 가구, 1인 가구 가전, 가전 렌탈","2026-08-01-cost-auto-aa6f9d=주요 관점 유지, 2026-08-12-cost-auto-b36efb=1인 가구 가구 중심으로 검색의도 분리 검토"
2026-08-01-cost-auto-e9d2d3,2026-08-07-cost-auto-7256ba,LOW,0.53,아니오,"같은 세부 클러스터(general-living-cost) / 공통 표현: 가전제품, 가구",검색의도 다름: 2026-08-01-cost-auto-e9d2d3=질문형 / 2026-08-07-cost-auto-7256ba=비교형,"2026-08-01-cost-auto-e9d2d3=주요 관점 유지, 2026-08-07-cost-auto-7256ba=1인 가구 대형 폐기물 중심으로 검색의도 분리 검토"
2026-08-01-cost-auto-e9d2d3,2026-08-12-cost-auto-b175c0,LOW,0.53,아니오,"같은 세부 클러스터(general-living-cost) / 공통 표현: 가구 렌탈, 가구",검색의도 다름: 2026-08-01-cost-auto-e9d2d3=질문형 / 2026-08-12-cost-auto-b175c0=비교형,"2026-08-01-cost-auto-e9d2d3=주요 관점 유지, 2026-08-12-cost-auto-b175c0=1인 가구 가구 중심으로 검색의도 분리 검토"
2026-08-11-cost-auto-bf7238,2026-08-06-cost-auto-e2088d,LOW,0.51,아니오,같은 세부 클러스터(general-living-cost) / 공통 표현: 혼밥,검색의도 다름: 2026-08-11-cost-auto-bf7238=질문형 / 2026-08-06-cost-auto-e2088d=방법형,"2026-08-11-cost-auto-bf7238=주요 관점 유지, 2026-08-06-cost-auto-e2088d=남은 음식물 처리 중심으로 검색의도 분리 검토"
2026-08-01-food-auto-0ac183,2026-07-30-food-12,LOW,0.51,아니오,같은 세부 클러스터(food-waste) / 공통 표현: 음식물 쓰레기 줄이기,"2026-08-01-food-auto-0ac183 고유 키워드: 남은 채소 보관, 1인 가구 식재료, 냉장고 야채 / 2026-07-30-food-12 고유 키워드: 남은 음식 활용법, 혼밥 식재료, 냉장고 정리","2026-08-01-food-auto-0ac183=주요 관점 유지, 2026-07-30-food-12=남은 음식 활용법 중심으로 검색의도 분리 검토"
2026-07-30-food-12,2026-08-01-food-auto-174113,LOW,0.53,아니오,같은 세부 클러스터(food-waste) / 공통 표현: 혼밥 식재료,검색의도 다름: 2026-07-30-food-12=방법형 / 2026-08-01-food-auto-174113=질문형,"2026-07-30-food-12=주요 관점 유지, 2026-08-01-food-auto-174113=1인 가구 식재료 중심으로 검색의도 분리 검토"
2026-07-30-food-12,2026-08-14-food-auto-0030b0,LOW,0.5,아니오,같은 세부 클러스터(food-waste) / 공통 표현: 음식물 쓰레기 줄이기,검색의도 다름: 2026-07-30-food-12=방법형 / 2026-08-14-food-auto-0030b0=문제해결형,"2026-07-30-food-12=주요 관점 유지, 2026-08-14-food-auto-0030b0=1인 가구 식재료 보관 중심으로 검색의도 분리 검토"
2026-08-06-food-auto-19b20f,2026-07-30-food-13,LOW,0.51,아니오,같은 세부 클러스터(food-waste) / 공통 표현: 1인 가구 식단,검색의도 다름: 2026-08-06-food-auto-19b20f=문제해결형 / 2026-07-30-food-13=질문형,"2026-08-06-food-auto-19b20f=주요 관점 유지, 2026-07-30-food-13=배달음식 보관 중심으로 검색의도 분리 검토"
2026-07-30-food-13,2026-08-07-food-auto-f5cf37,LOW,0.51,아니오,같은 세부 클러스터(food-waste) / 공통 표현: 자취 요리,검색의도 다름: 2026-07-30-food-13=질문형 / 2026-08-07-food-auto-f5cf37=비교형,"2026-07-30-food-13=주요 관점 유지, 2026-08-07-food-auto-f5cf37=1인 가구 밀키트 중심으로 검색의도 분리 검토"
2026-07-30-food-16,2026-08-01-food-auto-0ac183,LOW,0.5,아니오,같은 세부 클러스터(food-waste) / 공통 표현: 음식물 쓰레기 줄이기,검색의도 다름: 2026-07-30-food-16=문제해결형 / 2026-08-01-food-auto-0ac183=방법형,"2026-07-30-food-16=주요 관점 유지, 2026-08-01-food-auto-0ac183=남은 채소 보관 중심으로 검색의도 분리 검토"
2026-07-30-food-16,2026-08-01-food-auto-174113,LOW,0.52,아니오,같은 세부 클러스터(food-waste) / 공통 표현: 혼밥 식재료,검색의도 다름: 2026-07-30-food-16=문제해결형 / 2026-08-01-food-auto-174113=질문형,"2026-07-30-food-16=주요 관점 유지, 2026-08-01-food-auto-174113=1인 가구 식재료 중심으로 검색의도 분리 검토"
2026-07-30-food-16,2026-08-01-food-auto-6b8a79,LOW,0.5,아니오,같은 세부 클러스터(food-waste) / 공통 표현: 1인 가구 살림,검색의도 다름: 2026-07-30-food-16=문제해결형 / 2026-08-01-food-auto-6b8a79=판단형,"2026-07-30-food-16=주요 관점 유지, 2026-08-01-food-auto-6b8a79=1인 가구 식재료 중심으로 검색의도 분리 검토"
2026-07-30-food-16,2026-08-06-food-auto-75ad3e,LOW,0.5,아니오,같은 세부 클러스터(food-waste) / 공통 표현: 1인 가구 살림,검색의도 다름: 2026-07-30-food-16=문제해결형 / 2026-08-06-food-auto-75ad3e=질문형,"2026-07-30-food-16=주요 관점 유지, 2026-08-06-food-auto-75ad3e=1인 가구 냉동실 중심으로 검색의도 분리 검토"
2026-07-30-food-16,2026-08-07-food-auto-bb56bf,LOW,0.52,아니오,같은 세부 클러스터(food-waste) / 공통 표현: 1인 가구 살림,검색의도 다름: 2026-07-30-food-16=문제해결형 / 2026-08-07-food-auto-bb56bf=판단형,"2026-07-30-food-16=주요 관점 유지, 2026-08-07-food-auto-bb56bf=1인 가구 식재료 중심으로 검색의도 분리 검토"
2026-08-01-food-auto-2c9171,2026-08-01-food-auto-0f5d02,LOW,0.51,아니오,"같은 세부 클러스터(grocery-shopping) / 공통 표현: 1인 가구 장보기, 장보기",검색의도 다름: 2026-08-01-food-auto-2c9171=질문형 / 2026-08-01-food-auto-0f5d02=비교형,"2026-08-01-food-auto-2c9171=주요 관점 유지, 2026-08-01-food-auto-0f5d02=온라인 장보기 중심으로 검색의도 분리 검토"
2026-08-01-food-auto-0f5d02,2026-08-04-food-auto-c6481a,LOW,0.52,아니오,"같은 세부 클러스터(grocery-shopping) / 공통 표현: 장보기, 돈 절약","2026-08-01-food-auto-0f5d02 고유 키워드: 1인 가구 장보기, 온라인 장보기, 오프라인 마트 장점 / 2026-08-04-food-auto-c6481a 고유 키워드: 1인 가구 식재료, 식재료 구독 서비스, 개별 구매","2026-08-01-food-auto-0f5d02=주요 관점 유지, 2026-08-04-food-auto-c6481a=1인 가구 식재료 중심으로 검색의도 분리 검토"
2026-08-01-food-auto-0f5d02,2026-08-06-food-auto-ef165d,LOW,0.53,아니오,"같은 세부 클러스터(grocery-shopping) / 공통 표현: 1인 가구 장보기, 장보기","2026-08-01-food-auto-0f5d02 고유 키워드: 온라인 장보기, 오프라인 마트 장점, 온라인 장보기 장점 / 2026-08-06-food-auto-ef165d 고유 키워드: 신선 채소 구매, 온라인 새벽배송, 동네마트","2026-08-01-food-auto-0f5d02=주요 관점 유지, 2026-08-06-food-auto-ef165d=신선 채소 구매 중심으로 검색의도 분리 검토"
2026-08-06-food-auto-19b20f,2026-08-01-food-auto-6b8a79,LOW,0.5,아니오,같은 세부 클러스터(food-waste) / 공통 표현: 식재료 구매,검색의도 다름: 2026-08-06-food-auto-19b20f=문제해결형 / 2026-08-01-food-auto-6b8a79=판단형,"2026-08-06-food-auto-19b20f=주요 관점 유지, 2026-08-01-food-auto-6b8a79=1인 가구 식재료 중심으로 검색의도 분리 검토"
2026-08-01-food-auto-6b8a79,2026-08-07-food-auto-bb56bf,LOW,0.51,아니오,같은 세부 클러스터(food-waste) / 공통 표현: 1인 가구 살림,"2026-08-01-food-auto-6b8a79 고유 키워드: 혼자 살 때 마트, 식재료 선택 기준, 장보기 노하우 / 2026-08-07-food-auto-bb56bf 고유 키워드: 애매한 식재료, 유통기한, 섭취기한","2026-08-01-food-auto-6b8a79=주요 관점 유지, 2026-08-07-food-auto-bb56bf=애매한 식재료 중심으로 검색의도 분리 검토"
2026-08-01-food-auto-976f1b,2026-08-06-food-auto-b02493,LOW,0.5,아니오,같은 세부 클러스터(freeze-portion) / 공통 표현: 대용량 식재료,검색의도 다름: 2026-08-01-food-auto-976f1b=질문형 / 2026-08-06-food-auto-b02493=비교형,"2026-08-01-food-auto-976f1b=주요 관점 유지, 2026-08-06-food-auto-b02493=소량 팩 중심으로 검색의도 분리 검토"
2026-08-04-food-auto-c6481a,2026-08-06-food-auto-ef165d,LOW,0.5,아니오,같은 세부 클러스터(grocery-shopping) / 공통 표현: 장보기,"2026-08-04-food-auto-c6481a 고유 키워드: 1인 가구 식재료, 식재료 구독 서비스, 개별 구매 / 2026-08-06-food-auto-ef165d 고유 키워드: 1인 가구 장보기, 신선 채소 구매, 온라인 새벽배송","2026-08-04-food-auto-c6481a=주요 관점 유지, 2026-08-06-food-auto-ef165d=1인 가구 장보기 중심으로 검색의도 분리 검토"
2026-08-06-food-auto-75ad3e,2026-08-07-food-auto-bb56bf,LOW,0.51,아니오,같은 세부 클러스터(food-waste) / 공통 표현: 1인 가구 살림,검색의도 다름: 2026-08-06-food-auto-75ad3e=질문형 / 2026-08-07-food-auto-bb56bf=판단형,"2026-08-06-food-auto-75ad3e=주요 관점 유지, 2026-08-07-food-auto-bb56bf=1인 가구 식재료 중심으로 검색의도 분리 검토"
2026-07-31-cleaning-74,2026-08-06-cleaning-auto-eb5789,LOW,0.54,예,"같은 세부 클러스터(laundry-clothing) / 공통 표현: 세탁기 냄새, 세탁기 청소",검색의도 다름: 2026-07-31-cleaning-74=질문형 / 2026-08-06-cleaning-auto-eb5789=방법형,"2026-07-31-cleaning-74=주요 관점 유지, 2026-08-06-cleaning-auto-eb5789=세탁기 청소 주기 중심으로 검색의도 분리 검토"
2026-07-31-cleaning-74,2026-08-08-cleaning-auto-e6a45e,LOW,0.54,예,"같은 세부 클러스터(laundry-clothing) / 공통 표현: 세탁기 냄새, 세탁기 청소","2026-07-31-cleaning-74 고유 키워드: 세탁기 청소, 곰팡이 냄새, 빨래 쉰 냄새 / 2026-08-08-cleaning-auto-e6a45e 고유 키워드: 세탁기 곰팡이, 고무패킹 청소, 세제 투입구 청소","2026-07-31-cleaning-74=주요 관점 유지, 2026-08-08-cleaning-auto-e6a45e=세탁기 곰팡이 중심으로 검색의도 분리 검토"
2026-08-06-cleaning-auto-858326,2026-07-31-cleaning-79,LOW,0.5,아니오,같은 세부 클러스터(cleaning-tools-time) / 공통 표현: 효율적인 청소,"2026-08-06-cleaning-auto-858326 고유 키워드: 청소포, 극세사 걸레, 청소 용품 비교 / 2026-07-31-cleaning-79 고유 키워드: 정기 청소서비스 비용, 직접 청소 방법, 청소 시간 절약","2026-08-06-cleaning-auto-858326=주요 관점 유지, 2026-07-31-cleaning-79=정기 청소서비스 비용 중심으로 검색의도 분리 검토"
2026-08-01-cleaning-auto-dd0fd9,2026-08-11-cleaning-auto-1ad691,LOW,0.54,아니오,"같은 세부 클러스터(bathroom-cleaning) / 공통 표현: 샤워기 물때, 샤워기 헤드 청소","2026-08-01-cleaning-auto-dd0fd9 고유 키워드: 혼자 사는 청소, 샤워기 곰팡이, 샤워기 수압 / 2026-08-11-cleaning-auto-1ad691 고유 키워드: 샤워기 헤드 청소, 샤워기 세균, 피부 가려움","2026-08-01-cleaning-auto-dd0fd9=주요 관점 유지, 2026-08-11-cleaning-auto-1ad691=샤워기 헤드 청소 중심으로 검색의도 분리 검토"
2026-08-06-cleaning-auto-ec8541,2026-08-03-cleaning-auto-fd154a,LOW,0.5,아니오,같은 세부 클러스터(kitchen-cleaning) / 공통 표현: 1인 가구 주방,"2026-08-06-cleaning-auto-ec8541 고유 키워드: 주방 후드 청소, 레인지 후드 청소, 기름때 제거 / 2026-08-03-cleaning-auto-fd154a 고유 키워드: 전자레인지 냄새 제거, 전자레인지 찌든 때, 자취방 청소","2026-08-06-cleaning-auto-ec8541=주요 관점 유지, 2026-08-03-cleaning-auto-fd154a=전자레인지 냄새 제거 중심으로 검색의도 분리 검토"
2026-08-11-cleaning-auto-5be420,2026-08-06-cleaning-auto-17f2ed,LOW,0.53,예,"같은 세부 클러스터(laundry-clothing) / 공통 표현: 액체 세제, 캡슐 세제",검색의도 다름: 2026-08-11-cleaning-auto-5be420=비교형 / 2026-08-06-cleaning-auto-17f2ed=판단형,"2026-08-11-cleaning-auto-5be420=주요 관점 유지, 2026-08-06-cleaning-auto-17f2ed=1인 가구 세제 중심으로 검색의도 분리 검토"
2026-08-06-cleaning-auto-530ba0,2026-08-06-cleaning-auto-eb5789,LOW,0.54,예,"같은 세부 클러스터(laundry-clothing) / 공통 표현: 1인 가구 세탁, 집안일 최적화",검색의도 다름: 2026-08-06-cleaning-auto-530ba0=문제해결형 / 2026-08-06-cleaning-auto-eb5789=방법형,"2026-08-06-cleaning-auto-530ba0=주요 관점 유지, 2026-08-06-cleaning-auto-eb5789=세탁기 청소 주기 중심으로 검색의도 분리 검토"
2026-08-08-cleaning-auto-e6a45e,2026-08-06-cleaning-auto-eb5789,LOW,0.54,예,"같은 세부 클러스터(laundry-clothing) / 공통 표현: 세탁기 냄새, 세탁기 청소",검색의도 다름: 2026-08-08-cleaning-auto-e6a45e=질문형 / 2026-08-06-cleaning-auto-eb5789=방법형,"2026-08-08-cleaning-auto-e6a45e=주요 관점 유지, 2026-08-06-cleaning-auto-eb5789=세탁기 청소 주기 중심으로 검색의도 분리 검토"
2026-08-07-cleaning-auto-f340ae,2026-08-07-cleaning-auto-c3121d,LOW,0.53,아니오,"같은 세부 클러스터(odor-removal) / 공통 표현: 냉장고 정리 팁, 냉장고 냄새 제거",검색의도 다름: 2026-08-07-cleaning-auto-f340ae=방법형 / 2026-08-07-cleaning-auto-c3121d=문제해결형,"2026-08-07-cleaning-auto-f340ae=주요 관점 유지, 2026-08-07-cleaning-auto-c3121d=1인 가구 냉장고 중심으로 검색의도 분리 검토"
2026-08-08-housing-auto-82f28f,2026-07-30-housing-43,LOW,0.53,아니오,"같은 세부 클러스터(management-fee) / 공통 표현: 원룸 관리비, 오피스텔 관리비",검색의도 다름: 2026-08-08-housing-auto-82f28f=비용형 / 2026-07-30-housing-43=질문형,"2026-08-08-housing-auto-82f28f=주요 관점 유지, 2026-07-30-housing-43=관리비 항목 중심으로 검색의도 분리 검토"
2026-08-09-housing-auto-da13ec,2026-07-30-housing-45,LOW,0.53,아니오,같은 세부 클러스터(moving-prep) / 공통 표현: 이사 체크리스트,"2026-08-09-housing-auto-da13ec 고유 키워드: 나 홀로 이사, 이사 당일, 이사 체크리스트 / 2026-07-30-housing-45 고유 키워드: 이사 준비, 혼자 이사, 시간 절약","2026-08-09-housing-auto-da13ec=주요 관점 유지, 2026-07-30-housing-45=이사 준비 중심으로 검색의도 분리 검토"
2026-08-01-housing-auto-abec0f,2026-08-01-housing-auto-ace922,LOW,0.51,아니오,같은 세부 클러스터(lease-contract) / 공통 표현: 보증금 보호,검색의도 다름: 2026-08-01-housing-auto-abec0f=방법형 / 2026-08-01-housing-auto-ace922=질문형,"2026-08-01-housing-auto-abec0f=주요 관점 유지, 2026-08-01-housing-auto-ace922=집주인 변경 중심으로 검색의도 분리 검토"
2026-08-11-housing-auto-a2f088,2026-08-01-housing-auto-abec0f,LOW,0.52,아니오,같은 세부 클러스터(lease-contract) / 공통 표현: 보증금 보호,검색의도 다름: 2026-08-11-housing-auto-a2f088=체크형 / 2026-08-01-housing-auto-abec0f=방법형,"2026-08-11-housing-auto-a2f088=주요 관점 유지, 2026-08-01-housing-auto-abec0f=전월세 계약갱신 중심으로 검색의도 분리 검토"
2026-08-11-housing-auto-a2f088,2026-08-01-housing-auto-ace922,LOW,0.52,아니오,같은 세부 클러스터(lease-contract) / 공통 표현: 보증금 보호,검색의도 다름: 2026-08-11-housing-auto-a2f088=체크형 / 2026-08-01-housing-auto-ace922=질문형,"2026-08-11-housing-auto-a2f088=주요 관점 유지, 2026-08-01-housing-auto-ace922=집주인 변경 중심으로 검색의도 분리 검토"
2026-08-01-housing-auto-ecfb76,2026-08-07-housing-auto-5dd703,LOW,0.51,아니오,같은 세부 클러스터(lease-contract) / 공통 표현: 중도 해지,검색의도 다름: 2026-08-01-housing-auto-ecfb76=비용형 / 2026-08-07-housing-auto-5dd703=방법형,"2026-08-01-housing-auto-ecfb76=주요 관점 유지, 2026-08-07-housing-auto-5dd703=1인 가구 중도 해지 중심으로 검색의도 분리 검토"
2026-08-06-housing-auto-36b1cd,2026-08-08-housing-auto-d2c1ed,LOW,0.51,아니오,같은 세부 클러스터(deposit) / 공통 표현: 원상회복,검색의도 다름: 2026-08-06-housing-auto-36b1cd=질문형 / 2026-08-08-housing-auto-d2c1ed=비교형,"2026-08-06-housing-auto-36b1cd=주요 관점 유지, 2026-08-08-housing-auto-d2c1ed=퇴실청소 중심으로 검색의도 분리 검토"
2026-08-06-housing-auto-9d6fe3,2026-08-07-housing-auto-5dd703,LOW,0.5,아니오,같은 세부 클러스터(lease-contract) / 공통 표현: 전월세 계약 해지,"2026-08-06-housing-auto-9d6fe3 고유 키워드: 1인 가구 이사, 전월세 퇴거 통보, 계약 만료 보증금 / 2026-08-07-housing-auto-5dd703 고유 키워드: 1인 가구 중도 해지, 다음 세입자 찾기, 보증금 반환","2026-08-06-housing-auto-9d6fe3=주요 관점 유지, 2026-08-07-housing-auto-5dd703=1인 가구 중도 해지 중심으로 검색의도 분리 검토"
2026-07-30-lifestyle-61,2026-08-01-lifestyle-auto-b13421,LOW,0.51,예,같은 세부 클러스터(loneliness-isolation) / 공통 표현: 외로움 극복,"2026-07-30-lifestyle-61 고유 키워드: 1인 가구 외로움, 퇴근 후 쓸쓸함, 혼자 살기 / 2026-08-01-lifestyle-auto-b13421 고유 키워드: 1인 가구 커뮤니티, 직장인 동호회, 혼자 사는 사람 관계","2026-07-30-lifestyle-61=주요 관점 유지, 2026-08-01-lifestyle-auto-b13421=1인 가구 커뮤니티 중심으로 검색의도 분리 검토"
2026-08-06-lifestyle-auto-91c019,2026-08-11-lifestyle-auto-0f05f0,LOW,0.5,예,같은 세부 클러스터(loneliness-isolation) / 공통 표현: 친구 관계,"2026-08-06-lifestyle-auto-91c019 고유 키워드: 혼자 사는 친구, 결혼 육아 친구, 관계 유지 / 2026-08-11-lifestyle-auto-0f05f0 고유 키워드: 혼자 사는 직장인 친구 관계, 1인 가구 관계 정체기, 사회적 고립감 해소","2026-08-06-lifestyle-auto-91c019=주요 관점 유지, 2026-08-11-lifestyle-auto-0f05f0=혼자 사는 직장인 친구 관계 중심으로 검색의도 분리 검토"
2026-07-30-products-54,2026-08-01-products-78,LOW,0.54,아니오,"같은 세부 클러스터(kitchen-appliances) / 공통 표현: 미니 밥솥, 주방용품",검색의도 다름: 2026-07-30-products-54=판단형 / 2026-08-01-products-78=방법형,"2026-07-30-products-54=주요 관점 유지, 2026-08-01-products-78=1인용 밥솥 중심으로 검색의도 분리 검토"
2026-08-01-products-auto-fee2c4,2026-08-01-products-auto-153ac4,LOW,0.53,아니오,"같은 세부 클러스터(air-environment) / 공통 표현: 1인 가구 공기청정기, 공기청정기",검색의도 다름: 2026-08-01-products-auto-fee2c4=판단형 / 2026-08-01-products-auto-153ac4=비교형,"2026-08-01-products-auto-fee2c4=주요 관점 유지, 2026-08-01-products-auto-153ac4=1인 가구 제습기 중심으로 검색의도 분리 검토"
2026-08-01-products-auto-fee2c4,2026-08-08-products-auto-3477b8,LOW,0.53,아니오,"같은 세부 클러스터(air-environment) / 공통 표현: 1인 가구 공기청정기, 공기청정기",검색의도 다름: 2026-08-01-products-auto-fee2c4=판단형 / 2026-08-08-products-auto-3477b8=방법형,"2026-08-01-products-auto-fee2c4=주요 관점 유지, 2026-08-08-products-auto-3477b8=좁은 집 공기 중심으로 검색의도 분리 검토"
2026-07-30-safety-35,2026-08-05-safety-auto-9a8ad6,LOW,0.51,아니오,"같은 세부 클러스터(lock-security) / 공통 표현: 현관 보안, 생활 최적화",검색의도 다름: 2026-07-30-safety-35=문제해결형 / 2026-08-05-safety-auto-9a8ad6=비교형,"2026-07-30-safety-35=주요 관점 유지, 2026-08-05-safety-auto-9a8ad6=1인 가구 택배 중심으로 검색의도 분리 검토"
2026-08-01-safety-auto-1a5c71,2026-08-01-safety-auto-a71046,LOW,0.54,아니오,"같은 세부 클러스터(emergency-response) / 공통 표현: 문 잠김, 열쇠 분실",검색의도 다름: 2026-08-01-safety-auto-1a5c71=문제해결형 / 2026-08-01-safety-auto-a71046=방법형,"2026-08-01-safety-auto-1a5c71=주요 관점 유지, 2026-08-01-safety-auto-a71046=혼자 살 때 열쇠 분실 중심으로 검색의도 분리 검토"
2026-08-01-safety-auto-909169,2026-08-09-safety-auto-eb5e4c,LOW,0.52,아니오,"같은 세부 클러스터(lock-security) / 공통 표현: 열쇠 분실, 열쇠공",검색의도 다름: 2026-08-01-safety-auto-909169=비용형 / 2026-08-09-safety-auto-eb5e4c=방법형,"2026-08-01-safety-auto-909169=주요 관점 유지, 2026-08-09-safety-auto-eb5e4c=1인 가구 현관문 잠김 중심으로 검색의도 분리 검토"
2026-08-01-safety-auto-909169,2026-08-14-safety-auto-f47696,LOW,0.51,아니오,"같은 세부 클러스터(lock-security) / 공통 표현: 열쇠 분실, 응급상황 대처",검색의도 다름: 2026-08-01-safety-auto-909169=비용형 / 2026-08-14-safety-auto-f47696=문제해결형,"2026-08-01-safety-auto-909169=주요 관점 유지, 2026-08-14-safety-auto-f47696=1인 가구 안전 중심으로 검색의도 분리 검토"
2026-08-04-safety-auto-61ce38,2026-08-11-safety-auto-3045ad,LOW,0.5,아니오,같은 세부 클러스터(emergency-response) / 공통 표현: 주방안전,"2026-08-04-safety-auto-61ce38 고유 키워드: 칼에 베였을 때, 요리 중 부상, 지혈하는 법 / 2026-08-11-safety-auto-3045ad 고유 키워드: 칼 베임, 화상, 응급처치","2026-08-04-safety-auto-61ce38=주요 관점 유지, 2026-08-11-safety-auto-3045ad=칼 베임 중심으로 검색의도 분리 검토"
2026-08-07-safety-auto-e50d7a,2026-08-11-safety-auto-197473,LOW,0.53,아니오,"같은 세부 클러스터(emergency-response) / 공통 표현: 1인 가구 낙상, 안전·응급상황",검색의도 다름: 2026-08-07-safety-auto-e50d7a=방법형 / 2026-08-11-safety-auto-197473=비교형,"2026-08-07-safety-auto-e50d7a=주요 관점 유지, 2026-08-11-safety-auto-197473=낙상 감지기 중심으로 검색의도 분리 검토"
2026-07-30-storage-19,2026-08-05-storage-auto-d93cd5,LOW,0.5,예,같은 세부 클러스터(oneroom-storage) / 공통 표현: 원룸수납,검색의도 다름: 2026-07-30-storage-19=문제해결형 / 2026-08-05-storage-auto-d93cd5=비교형,"2026-07-30-storage-19=주요 관점 유지, 2026-08-05-storage-auto-d93cd5=1인 가구 수납 중심으로 검색의도 분리 검토"
2026-07-30-storage-19,2026-08-06-storage-auto-772373,LOW,0.5,예,같은 세부 클러스터(oneroom-storage) / 공통 표현: 공간활용,검색의도 다름: 2026-07-30-storage-19=문제해결형 / 2026-08-06-storage-auto-772373=질문형,"2026-07-30-storage-19=주요 관점 유지, 2026-08-06-storage-auto-772373=1인 가구 캐리어 중심으로 검색의도 분리 검토"
2026-07-30-storage-24,2026-08-06-storage-auto-ee77b8,LOW,0.52,예,같은 세부 클러스터(oneroom-storage) / 공통 표현: 정리,검색의도 다름: 2026-07-30-storage-24=판단형 / 2026-08-06-storage-auto-ee77b8=질문형,"2026-07-30-storage-24=주요 관점 유지, 2026-08-06-storage-auto-ee77b8=1인 가구 중심으로 검색의도 분리 검토"
2026-07-30-storage-24,2026-08-10-storage-auto-046a46,LOW,0.5,예,같은 세부 클러스터(oneroom-storage) / 공통 표현: 정리,검색의도 다름: 2026-07-30-storage-24=판단형 / 2026-08-10-storage-auto-046a46=질문형,"2026-07-30-storage-24=주요 관점 유지, 2026-08-10-storage-auto-046a46=1인 가구 장바구니 수납 중심으로 검색의도 분리 검토"
2026-08-01-storage-auto-316ab0,2026-08-06-storage-auto-ee77b8,LOW,0.53,예,같은 세부 클러스터(oneroom-storage) / 공통 표현: 정리,검색의도 다름: 2026-08-01-storage-auto-316ab0=비교형 / 2026-08-06-storage-auto-ee77b8=질문형,"2026-08-01-storage-auto-316ab0=주요 관점 유지, 2026-08-06-storage-auto-ee77b8=1인 가구 중심으로 검색의도 분리 검토"
2026-08-01-storage-auto-316ab0,2026-08-10-storage-auto-046a46,LOW,0.51,예,같은 세부 클러스터(oneroom-storage) / 공통 표현: 정리,검색의도 다름: 2026-08-01-storage-auto-316ab0=비교형 / 2026-08-10-storage-auto-046a46=질문형,"2026-08-01-storage-auto-316ab0=주요 관점 유지, 2026-08-10-storage-auto-046a46=1인 가구 장바구니 수납 중심으로 검색의도 분리 검토"
2026-08-08-storage-auto-12975c,2026-08-01-storage-auto-39ae63,LOW,0.53,예,같은 세부 클러스터(oneroom-storage) / 공통 표현: 청소 도구,"2026-08-08-storage-auto-12975c 고유 키워드: 1인 가구 청소 도구 수납, 좁은 집 청소용품 정리, 원룸 무선 청소기 거치대 / 2026-08-01-storage-auto-39ae63 고유 키워드: 1인 가구 수납, 원룸 청소 도구 보관, 좁은 집 공구 수납","2026-08-08-storage-auto-12975c=주요 관점 유지, 2026-08-01-storage-auto-39ae63=1인 가구 수납 중심으로 검색의도 분리 검토"
2026-08-01-storage-auto-39ae63,2026-08-08-storage-auto-24e806,LOW,0.51,예,같은 세부 클러스터(oneroom-storage) / 공통 표현: 청소 도구,"2026-08-01-storage-auto-39ae63 고유 키워드: 1인 가구 수납, 원룸 청소 도구 보관, 좁은 집 공구 수납 / 2026-08-08-storage-auto-24e806 고유 키워드: 1인 가구 청소 도구, 좁은 집 청소용품, 원룸 청소 수납","2026-08-01-storage-auto-39ae63=주요 관점 유지, 2026-08-08-storage-auto-24e806=1인 가구 청소 도구 중심으로 검색의도 분리 검토"
2026-08-01-storage-auto-f1fb81,2026-08-06-storage-auto-b1740f,LOW,0.5,예,같은 세부 클러스터(oneroom-storage) / 공통 표현: 좁은 집 수납 노하우,"2026-08-01-storage-auto-f1fb81 고유 키워드: 1인 가구 부피 큰 짐, 원룸 청소기 수납, 캐리어 보관법 / 2026-08-06-storage-auto-b1740f 고유 키워드: 1인 가구 홈트, 원룸 운동용품, 요가매트 보관","2026-08-01-storage-auto-f1fb81=주요 관점 유지, 2026-08-06-storage-auto-b1740f=1인 가구 홈트 중심으로 검색의도 분리 검토"
2026-08-05-storage-auto-1764b0,2026-08-06-storage-auto-4e768a,LOW,0.53,아니오,"같은 세부 클러스터(closet-clothing) / 공통 표현: 1인 가구 옷장, 옷장 최적화",검색의도 다름: 2026-08-05-storage-auto-1764b0=질문형 / 2026-08-06-storage-auto-4e768a=비교형,"2026-08-05-storage-auto-1764b0=주요 관점 유지, 2026-08-06-storage-auto-4e768a=좁은 옷장 수납 중심으로 검색의도 분리 검토"
2026-08-05-storage-auto-1764b0,2026-08-12-storage-auto-1aceff,LOW,0.54,아니오,"같은 세부 클러스터(closet-clothing) / 공통 표현: 1인 가구 옷장, 옷장 정리",검색의도 다름: 2026-08-05-storage-auto-1764b0=질문형 / 2026-08-12-storage-auto-1aceff=비교형,"2026-08-05-storage-auto-1764b0=주요 관점 유지, 2026-08-12-storage-auto-1aceff=가방 정리 중심으로 검색의도 분리 검토"
2026-08-06-storage-auto-11ba62,2026-08-11-storage-auto-9064d7,LOW,0.51,예,같은 세부 클러스터(oneroom-storage) / 공통 표현: 수납 스툴,"2026-08-06-storage-auto-11ba62 고유 키워드: 좁은 집 수납, 수납 벤치, 다용도 가구 / 2026-08-11-storage-auto-9064d7 고유 키워드: 수납 오토만, 이동식 트롤리, 거실 수납","2026-08-06-storage-auto-11ba62=주요 관점 유지, 2026-08-11-storage-auto-9064d7=수납 오토만 중심으로 검색의도 분리 검토"
2026-08-06-storage-auto-239c0d,2026-08-11-storage-auto-9064d7,LOW,0.5,예,같은 세부 클러스터(oneroom-storage) / 공통 표현: 생활 팁,검색의도 다름: 2026-08-06-storage-auto-239c0d=문제해결형 / 2026-08-11-storage-auto-9064d7=비교형,"2026-08-06-storage-auto-239c0d=주요 관점 유지, 2026-08-11-storage-auto-9064d7=1인 가구 수납 중심으로 검색의도 분리 검토"
2026-08-06-storage-auto-772373,2026-08-07-storage-auto-fcc47d,LOW,0.5,예,같은 세부 클러스터(oneroom-storage) / 공통 표현: 좁은 원룸 수납,"2026-08-06-storage-auto-772373 고유 키워드: 1인 가구 캐리어, 빈 캐리어 활용, 캐리어 정리 / 2026-08-07-storage-auto-fcc47d 고유 키워드: 1인 가구 수납, 계절 가전 보관, 선풍기 수납","2026-08-06-storage-auto-772373=주요 관점 유지, 2026-08-07-storage-auto-fcc47d=1인 가구 수납 중심으로 검색의도 분리 검토"
2026-08-06-storage-auto-ddb1d8,2026-08-07-storage-auto-6dca4b,LOW,0.51,예,같은 세부 클러스터(oneroom-storage) / 공통 표현: 효율적인 삶,검색의도 다름: 2026-08-06-storage-auto-ddb1d8=문제해결형 / 2026-08-07-storage-auto-6dca4b=질문형,"2026-08-06-storage-auto-ddb1d8=주요 관점 유지, 2026-08-07-storage-auto-6dca4b=좁은 집 정리 중심으로 검색의도 분리 검토"
2026-08-08-storage-auto-12975c,2026-08-08-storage-auto-24e806,LOW,0.51,예,같은 세부 클러스터(oneroom-storage) / 공통 표현: 청소 도구,"2026-08-08-storage-auto-12975c 고유 키워드: 1인 가구 청소 도구 수납, 좁은 집 청소용품 정리, 원룸 무선 청소기 거치대 / 2026-08-08-storage-auto-24e806 고유 키워드: 1인 가구 청소 도구, 좁은 집 청소용품, 원룸 청소 수납","2026-08-08-storage-auto-12975c=주요 관점 유지, 2026-08-08-storage-auto-24e806=1인 가구 청소 도구 중심으로 검색의도 분리 검토"
