post_id,applied,target_slug,anchor_text,reason
2026-07-30-cleaning-28,예,2026-08-04-cleaning-auto-123d17,옷 줄었을 때,
2026-07-30-cleaning-32,예,2026-07-30-cleaning-28,빨래 쉰 냄새 제거,
2026-07-30-lifestyle-59,예,2026-07-30-lifestyle-61,1인 가구 외로움,
2026-07-30-lifestyle-61,예,2026-07-30-lifestyle-63,안부 연락,
2026-07-30-lifestyle-63,예,2026-07-30-lifestyle-61,1인 가구 외로움,
2026-07-30-storage-18,예,2026-08-01-storage-auto-387eaf,1인 가구 옷 정리,
2026-07-30-storage-19,예,2026-08-06-storage-auto-772373,1인 가구 캐리어,
2026-07-30-storage-21,예,2026-07-30-storage-18,계절옷 보관,
2026-07-30-storage-24,예,2026-08-01-storage-auto-316ab0,1인 가구 수납,
2026-07-31-cleaning-74,예,2026-08-08-cleaning-auto-e6a45e,세탁기 냄새,
2026-08-01-cleaning-auto-070bfd,예,2026-08-06-cleaning-auto-f4b529,1인 가구 빨래,
2026-08-01-cleaning-auto-2b8bbd,예,2026-08-01-cleaning-auto-b67a07,1인 가구 세탁,
2026-08-01-cleaning-auto-b67a07,예,2026-08-06-cleaning-auto-530ba0,1인 가구 세탁,
2026-08-01-lifestyle-auto-29922b,예,2026-07-30-lifestyle-59,1인 가구 무기력,
2026-08-01-lifestyle-auto-ac59b7,예,2026-07-30-lifestyle-59,1인 가구 무기력,
2026-08-01-lifestyle-auto-b13421,예,2026-07-30-lifestyle-61,1인 가구 외로움,
2026-08-01-lifestyle-auto-f56796,예,2026-08-03-lifestyle-auto-06c5e8,1인 가구 시간 활용,
2026-08-01-storage-auto-316ab0,예,2026-07-30-storage-24,1인 가구 수납,
2026-08-01-storage-auto-387eaf,예,2026-08-01-storage-auto-662a7f,1인 가구 옷 정리,
2026-08-01-storage-auto-39ae63,예,2026-08-08-storage-auto-12975c,1인 가구 청소 도구 수납,
2026-08-01-storage-auto-499287,예,2026-07-30-storage-18,계절옷 보관,
2026-08-01-storage-auto-4eec70,예,2026-08-13-storage-auto-ccc061,싱크대 하부장 정리,
2026-08-01-storage-auto-662a7f,예,2026-08-01-storage-auto-387eaf,1인 가구 옷 정리,
2026-08-01-storage-auto-c54f86,예,2026-07-30-storage-18,계절옷 보관,
2026-08-01-storage-auto-f1fb81,예,2026-08-06-storage-auto-b1740f,1인 가구 홈트,
2026-08-03-lifestyle-auto-06c5e8,예,2026-08-01-lifestyle-auto-f56796,혼자 사는 집,
2026-08-03-lifestyle-auto-dfa23e,예,2026-07-30-lifestyle-59,1인 가구 무기력,
2026-08-03-storage-auto-45d4eb,예,2026-08-09-storage-auto-b54398,1인 가구 이불 수납,
2026-08-04-cleaning-auto-123d17,예,2026-07-30-cleaning-28,빨래 쉰 냄새 제거,
2026-08-04-storage-auto-06061f,예,2026-08-06-storage-auto-d7c10d,1인 가구 수납,
2026-08-04-storage-auto-225475,예,2026-08-07-storage-auto-54d5cd,침대 밑 수납,
2026-08-04-storage-auto-28ed9d,예,2026-07-30-storage-18,계절옷 보관,
2026-08-05-lifestyle-auto-420299,예,2026-07-30-lifestyle-59,1인 가구 무기력,
2026-08-05-storage-auto-c8c36f,예,2026-07-30-storage-18,계절옷 보관,
2026-08-05-storage-auto-d93cd5,예,2026-08-07-storage-auto-54d5cd,침대 밑 수납,
2026-08-06-cleaning-auto-07ebe3,예,2026-08-01-cleaning-auto-070bfd,1인 가구 빨래,
2026-08-06-cleaning-auto-17f2ed,예,2026-08-06-cleaning-auto-eb5789,세탁기 청소 주기,
2026-08-06-cleaning-auto-530ba0,예,2026-08-01-cleaning-auto-b67a07,1인 가구 세탁,
2026-08-06-cleaning-auto-eb5789,예,2026-08-08-cleaning-auto-e6a45e,세탁기 냄새,
2026-08-06-cleaning-auto-f4b529,예,2026-08-01-cleaning-auto-070bfd,1인 가구 빨래,
2026-08-06-cleaning-auto-ff8d39,예,2026-08-08-cleaning-auto-e6a45e,세탁기 냄새,
2026-08-06-lifestyle-auto-91c019,예,2026-08-11-lifestyle-auto-0f05f0,혼자 사는 직장인 친구 관계,
2026-08-06-lifestyle-auto-bf4537,예,2026-07-30-lifestyle-59,1인 가구 무기력,
2026-08-06-storage-auto-11ba62,예,2026-08-11-storage-auto-9064d7,1인 가구 수납,
2026-08-06-storage-auto-19a86d,예,2026-07-30-storage-18,계절옷 보관,
2026-08-06-storage-auto-239c0d,예,2026-08-01-storage-auto-387eaf,1인 가구 옷 정리,
2026-08-06-storage-auto-53c51c,예,2026-08-07-storage-auto-3c236f,1인 가구 주방,
2026-08-06-storage-auto-5477a3,예,2026-07-30-storage-18,계절옷 보관,
2026-08-06-storage-auto-772373,예,2026-07-30-storage-19,침대밑수납,
2026-08-06-storage-auto-b1740f,예,2026-08-01-storage-auto-f1fb81,1인 가구 부피 큰 짐,
2026-08-06-storage-auto-bb011a,예,2026-07-30-storage-18,계절옷 보관,
2026-08-06-storage-auto-c14a3a,예,2026-07-30-storage-18,계절옷 보관,
2026-08-06-storage-auto-c25261,예,2026-08-01-storage-auto-387eaf,1인 가구 옷 정리,
2026-08-06-storage-auto-d7c10d,예,2026-08-04-storage-auto-06061f,1인 가구 책상 정리,
2026-08-06-storage-auto-ddb1d8,예,2026-08-07-storage-auto-6dca4b,1인 가구 수납,
2026-08-06-storage-auto-ee77b8,예,2026-07-30-storage-18,계절옷 보관,
2026-08-07-cleaning-auto-1c4212,예,2026-08-01-cleaning-auto-070bfd,1인 가구 빨래,
2026-08-07-cleaning-auto-5100a8,예,2026-08-06-cleaning-auto-17f2ed,1인 가구 세제,
2026-08-07-cleaning-auto-e52e72,예,2026-07-30-cleaning-28,빨래 쉰 냄새 제거,
2026-08-07-cleaning-auto-ef484e,예,2026-07-30-cleaning-28,빨래 쉰 냄새 제거,
2026-08-07-lifestyle-auto-0b115c,예,2026-07-30-lifestyle-59,1인 가구 무기력,
2026-08-07-lifestyle-auto-6d2617,예,2026-07-30-lifestyle-59,1인 가구 무기력,
2026-08-07-storage-auto-18dbcb,예,2026-07-30-storage-18,계절옷 보관,
2026-08-07-storage-auto-3c236f,예,2026-08-06-storage-auto-53c51c,1인 가구 틈새 수납,
2026-08-07-storage-auto-4a268b,예,2026-08-11-storage-auto-9064d7,1인 가구 수납,
2026-08-07-storage-auto-54d5cd,예,2026-08-04-storage-auto-225475,1인 가구 테이블,
2026-08-07-storage-auto-6dca4b,예,2026-08-06-storage-auto-ddb1d8,1인 가구 수납,
2026-08-07-storage-auto-b02bd8,예,2026-08-01-storage-auto-387eaf,1인 가구 옷 정리,
2026-08-07-storage-auto-c71b14,예,2026-07-30-storage-18,계절옷 보관,
2026-08-07-storage-auto-ee20dc,예,2026-07-30-storage-18,계절옷 보관,
2026-08-07-storage-auto-fcc47d,예,2026-08-06-storage-auto-772373,1인 가구 캐리어,
2026-08-07-storage-auto-ffedfc,예,2026-07-30-storage-18,계절옷 보관,
2026-08-08-cleaning-auto-3b9de2,예,2026-07-31-cleaning-74,세탁기 냄새,
2026-08-08-cleaning-auto-e0020a,예,2026-08-08-cleaning-auto-3b9de2,보풀제거기,
2026-08-08-cleaning-auto-e6a45e,예,2026-07-31-cleaning-74,세탁기 냄새,
2026-08-08-lifestyle-auto-4e7860,예,2026-07-30-lifestyle-59,1인 가구 무기력,
2026-08-08-lifestyle-auto-83e6d5,예,2026-07-30-lifestyle-59,1인 가구 무기력,
2026-08-08-lifestyle-auto-9fe492,예,2026-07-30-lifestyle-59,1인 가구 무기력,
2026-08-08-storage-auto-12975c,예,2026-08-01-storage-auto-39ae63,1인 가구 수납,
2026-08-08-storage-auto-15969c,예,2026-07-30-storage-18,계절옷 보관,
2026-08-08-storage-auto-24e806,예,2026-08-01-storage-auto-39ae63,1인 가구 수납,
2026-08-08-storage-auto-276b92,예,2026-07-30-storage-18,계절옷 보관,
2026-08-08-storage-auto-fda98a,예,2026-07-30-storage-18,계절옷 보관,
2026-08-09-storage-auto-b54398,예,2026-08-03-storage-auto-45d4eb,1인 가구 수납,
2026-08-10-cleaning-auto-6e0644,예,2026-08-01-cleaning-auto-2b8bbd,옷 얼룩 제거,
2026-08-10-cleaning-auto-aeb4a0,예,2026-08-01-cleaning-auto-070bfd,1인 가구 빨래,
2026-08-10-storage-auto-046a46,예,2026-07-30-storage-24,1인 가구 수납,
2026-08-11-cleaning-auto-5be420,예,2026-08-01-cleaning-auto-070bfd,1인 가구 빨래,
2026-08-11-lifestyle-auto-0f05f0,예,2026-08-06-lifestyle-auto-91c019,혼자 사는 친구,
2026-08-11-storage-auto-80b064,예,2026-07-30-storage-18,계절옷 보관,
2026-08-11-storage-auto-9064d7,예,2026-08-01-storage-auto-387eaf,1인 가구 옷 정리,
2026-08-12-storage-auto-0db620,예,2026-08-06-storage-auto-c25261,1인 가구 서랍 정리,
2026-08-12-storage-auto-ec0e5a,예,2026-07-30-storage-18,계절옷 보관,
2026-08-13-storage-auto-545d8d,예,2026-07-30-storage-18,계절옷 보관,
2026-08-13-storage-auto-92e3bb,예,2026-07-30-storage-24,1인 가구 수납,
2026-08-13-storage-auto-ccc061,예,2026-08-01-storage-auto-4eec70,1인 가구 욕실 정리,
2026-08-14-lifestyle-auto-e506f6,예,2026-07-30-lifestyle-59,1인 가구 무기력,
2026-08-14-storage-auto-be0ab4,예,2026-08-04-storage-auto-225475,1인 가구 테이블,
