id,post_id,url,title,claim_type,sub_category,claim,current_value,verification_status,authoritative_source,source_date,checked_date,recommended_text,action,classification_basis
1,2026-07-30-housing-42,https://honsamnote.co.kr/blog/2026-07-30-housing-42/,"내 첫 원룸 계약, 퇴근 후 15분으로 손해 없이 똑똑하게 확인하는 법",가격,가격범위,이사 비용 (최소 30만 원~100만 원 이상)， 부동산 중개 수수료 (월세의 경우 월세액의 0.5% 이내， 전세의 경우 전세금의 0.3~0.5% 이내로 법정 요율 확인 필요)， 수도， 전기， 가스 명의 변경 및 최초 청구 비용， 인터넷 설치비， 생필품 구매 비용 등 초기 목돈이 생각보다 많이 듭니다.,30만 원,NEEDS_EXTERNAL_VERIFICATION,정부기관·법령 원문·지자체,,2026-08-18,,NEEDS_EXTERNAL_VERIFICATION — 시장 가격은 변동. 실제 시세 확인 후 범위 표현으로 유지 또는 출처 명기.,가격 유형 + 미해당 패턴 → 외부 확인 필요
2,2026-07-30-housing-42,https://honsamnote.co.kr/blog/2026-07-30-housing-42/,"내 첫 원룸 계약, 퇴근 후 15분으로 손해 없이 똑똑하게 확인하는 법",가격,가격범위,이사 비용 (최소 30만 원~100만 원 이상)， 부동산 중개 수수료 (월세의 경우 월세액의 0.5% 이내， 전세의 경우 전세금의 0.3~0.5% 이내로 법정 요율 확인 필요)， 수도， 전기， 가스 명의 변경 및 최초 청구 비용， 인터넷 설치비， 생필품 구매 비용 등 초기 목돈이 생각보다 많이 듭니다.,100만 원,NEEDS_EXTERNAL_VERIFICATION,정부기관·법령 원문·지자체,,2026-08-18,,NEEDS_EXTERNAL_VERIFICATION — 시장 가격은 변동. 실제 시세 확인 후 범위 표현으로 유지 또는 출처 명기.,가격 유형 + 미해당 패턴 → 외부 확인 필요
4,2026-07-30-housing-42,https://honsamnote.co.kr/blog/2026-07-30-housing-42/,"내 첫 원룸 계약, 퇴근 후 15분으로 손해 없이 똑똑하게 확인하는 법",통계,통계수치,이사 비용 (최소 30만 원~100만 원 이상)， 부동산 중개 수수료 (월세의 경우 월세액의 0.5% 이내， 전세의 경우 전세금의 0.3~0.5% 이내로 법정 요율 확인 필요)， 수도， 전기， 가스 명의 변경 및 최초 청구 비용， 인터넷 설치비， 생필품 구매 비용 등 초기 목돈이 생각보다 많이 듭니다.,0.5%,NEEDS_EXTERNAL_VERIFICATION,정부기관·법령 원문·지자체,,2026-08-18,,NEEDS_EXTERNAL_VERIFICATION — 수치 출처 확인 필요.,통계 수치 유형 — 출처 미확인
5,2026-07-30-housing-42,https://honsamnote.co.kr/blog/2026-07-30-housing-42/,"내 첫 원룸 계약, 퇴근 후 15분으로 손해 없이 똑똑하게 확인하는 법",가격,가격범위,이사 비용 (최소 30만 원~100만 원 이상)， 부동산 중개 수수료 (월세의 경우 월세액의 0.5% 이내， 전세의 경우 전세금의 0.3~0.5% 이내로 법정 요율 확인 필요)， 수도， 전기， 가스 명의 변경 및 최초 청구 비용， 인터넷 설치비， 생필품 구매 비용 등 초기 목돈이 생각보다 많이 듭니다.,수수료 (월세의 경우 월세액의 0,NEEDS_EXTERNAL_VERIFICATION,정부기관·법령 원문·지자체,,2026-08-18,,NEEDS_EXTERNAL_VERIFICATION — 시장 가격은 변동. 실제 시세 확인 후 범위 표현으로 유지 또는 출처 명기.,가격 유형 + 미해당 패턴 → 외부 확인 필요
6,2026-07-30-housing-42,https://honsamnote.co.kr/blog/2026-07-30-housing-42/,"내 첫 원룸 계약, 퇴근 후 15분으로 손해 없이 똑똑하게 확인하는 법",통계,통계수치,소요 시간: 약 10~20분 (매물당).,약 10,NEEDS_EXTERNAL_VERIFICATION,정부기관·법령 원문·지자체,,2026-08-18,,NEEDS_EXTERNAL_VERIFICATION — 수치 출처 확인 필요.,통계 수치 유형 — 출처 미확인
10,2026-07-30-housing-44,https://honsamnote.co.kr/blog/2026-07-30-housing-44/,"혼자 사는 직장인, 내 전월세 보증금 지키는 법: 이사 후 전입신고·확정일자 한 번에 끝내기",법률,법률,이 스탬프는 접수 번호， 일자， 기관명 등이 포함되어 있으며， 보증금을 보호하는 중요한 증거가 됩니다.,보증금을 보호,NEEDS_EXTERNAL_VERIFICATION,정부기관·법령 원문·지자체,,2026-08-18,,NEEDS_EXTERNAL_VERIFICATION — 공식 출처 확인 후 처리,자동 분류
12,2026-07-30-housing-44,https://honsamnote.co.kr/blog/2026-07-30-housing-44/,"혼자 사는 직장인, 내 전월세 보증금 지키는 법: 이사 후 전입신고·확정일자 한 번에 끝내기",법률,법률,이사 직후 미루다가 집주인에게 예기치 못한 문제가 발생(예: 집이 경매로 넘어감)하면 당신의 보증금이 보호받지 못하거나 후순위로 밀려날 수 있습니다.,보증금이 보호,NEEDS_EXTERNAL_VERIFICATION,정부기관·법령 원문·지자체,,2026-08-18,,NEEDS_EXTERNAL_VERIFICATION — 공식 출처 확인 후 처리,자동 분류
15,2026-07-30-housing-44,https://honsamnote.co.kr/blog/2026-07-30-housing-44/,"혼자 사는 직장인, 내 전월세 보증금 지키는 법: 이사 후 전입신고·확정일자 한 번에 끝내기",행정,행정,(전입신고 기한) □ 임대차 계약서 원본을 준비했는가?,전입신고 기한,NEEDS_EXTERNAL_VERIFICATION,정부기관·법령 원문·지자체,,2026-08-18,,NEEDS_EXTERNAL_VERIFICATION — 공식 출처 확인 후 처리,자동 분류
19,2026-07-30-housing-44,https://honsamnote.co.kr/blog/2026-07-30-housing-44/,"혼자 사는 직장인, 내 전월세 보증금 지키는 법: 이사 후 전입신고·확정일자 한 번에 끝내기",법률,법률,직접 계약을 체결한 임차인만이 보증금을 보호받을 수 있습니다.,임차인만이 보증금을 보호,NEEDS_EXTERNAL_VERIFICATION,정부기관·법령 원문·지자체,,2026-08-18,,NEEDS_EXTERNAL_VERIFICATION — 공식 출처 확인 후 처리,자동 분류
20,2026-07-30-housing-44,https://honsamnote.co.kr/blog/2026-07-30-housing-44/,"혼자 사는 직장인, 내 전월세 보증금 지키는 법: 이사 후 전입신고·확정일자 한 번에 끝내기",가격,가격범위,비용: 전입신고: 무료 확정일자: 주민센터 방문: 600원 인터넷 등기소(온라인): 500원 매우 저렴한 비용으로 당신의 수천만 원 보증금을 지킬 수 있습니다.,600원,NEEDS_EXTERNAL_VERIFICATION,정부기관·법령 원문·지자체,,2026-08-18,,NEEDS_EXTERNAL_VERIFICATION — 시장 가격은 변동. 실제 시세 확인 후 범위 표현으로 유지 또는 출처 명기.,가격 유형 + 미해당 패턴 → 외부 확인 필요
21,2026-07-30-housing-44,https://honsamnote.co.kr/blog/2026-07-30-housing-44/,"혼자 사는 직장인, 내 전월세 보증금 지키는 법: 이사 후 전입신고·확정일자 한 번에 끝내기",가격,가격범위,비용: 전입신고: 무료 확정일자: 주민센터 방문: 600원 인터넷 등기소(온라인): 500원 매우 저렴한 비용으로 당신의 수천만 원 보증금을 지킬 수 있습니다.,500원,NEEDS_EXTERNAL_VERIFICATION,정부기관·법령 원문·지자체,,2026-08-18,,NEEDS_EXTERNAL_VERIFICATION — 시장 가격은 변동. 실제 시세 확인 후 범위 표현으로 유지 또는 출처 명기.,가격 유형 + 미해당 패턴 → 외부 확인 필요
22,2026-07-30-housing-45,https://honsamnote.co.kr/blog/2026-07-30-housing-45/,"1인 가구 이사, 퇴근 후 틈틈이 준비해도 시간과 돈 아끼는 최적의 체크리스트",법률,법률,이는 보증금을 보호받기 위한 필수 절차입니다.,보증금을 보호,NEEDS_EXTERNAL_VERIFICATION,정부기관·법령 원문·지자체,,2026-08-18,,NEEDS_EXTERNAL_VERIFICATION — 공식 출처 확인 후 처리,자동 분류
23,2026-07-30-housing-45,https://honsamnote.co.kr/blog/2026-07-30-housing-45/,"1인 가구 이사, 퇴근 후 틈틈이 준비해도 시간과 돈 아끼는 최적의 체크리스트",법률,법률,보증금 보호: 전세나 월세로 이사할 경우， 이사 당일 새 집으로 전입신고와 확정일자를 받는 것은 보증금을 보호받기 위한 핵심 절차입니다.,보증금 보호,NEEDS_EXTERNAL_VERIFICATION,정부기관·법령 원문·지자체,,2026-08-18,,NEEDS_EXTERNAL_VERIFICATION — 공식 출처 확인 후 처리,자동 분류
24,2026-07-30-housing-45,https://honsamnote.co.kr/blog/2026-07-30-housing-45/,"1인 가구 이사, 퇴근 후 틈틈이 준비해도 시간과 돈 아끼는 최적의 체크리스트",법률,법률,[이사 D-7일 이전] – 행정 처리 및 필수 준비전입신고 및 확정일자 계획 수립: 새 집으로 이사하는 경우， 이사 후 관할 주민센터 방문 또는 '정부24' 웹사이트를 통해 전입신고를 하고 확정일자를 받아야 합니다.,확정일자를 받아야 합니다. 이는 보증금을 보호,NEEDS_EXTERNAL_VERIFICATION,정부기관·법령 원문·지자체,,2026-08-18,,NEEDS_EXTERNAL_VERIFICATION — 공식 출처 확인 후 처리,자동 분류
25,2026-07-30-housing-45,https://honsamnote.co.kr/blog/2026-07-30-housing-45/,"1인 가구 이사, 퇴근 후 틈틈이 준비해도 시간과 돈 아끼는 최적의 체크리스트",법률,법률,보증금 보호: 전세나 월세로 이사할 경우， 이사 당일 새 집으로 전입신고와 확정일자를 받는 것은 보증금을 보호받기 위한 핵심 절차입니다.,확정일자를 받는 것은 보증금을 보호,NEEDS_EXTERNAL_VERIFICATION,정부기관·법령 원문·지자체,,2026-08-18,,NEEDS_EXTERNAL_VERIFICATION — 공식 출처 확인 후 처리,자동 분류
26,2026-07-30-housing-45,https://honsamnote.co.kr/blog/2026-07-30-housing-45/,"1인 가구 이사, 퇴근 후 틈틈이 준비해도 시간과 돈 아끼는 최적의 체크리스트",가격,가격범위,비용·시간·주의사항 비용 가이드 이삿짐센터: 1인 가구 포장이사 기준 50만 원~100만 원 이상(이사 거리， 짐의 양， 이사 날짜， 요일에 따라 상이).,50만 원,NEEDS_EXTERNAL_VERIFICATION,정부기관·법령 원문·지자체,,2026-08-18,,NEEDS_EXTERNAL_VERIFICATION — 시장 가격은 변동. 실제 시세 확인 후 범위 표현으로 유지 또는 출처 명기.,가격 유형 + 미해당 패턴 → 외부 확인 필요
27,2026-07-30-housing-45,https://honsamnote.co.kr/blog/2026-07-30-housing-45/,"1인 가구 이사, 퇴근 후 틈틈이 준비해도 시간과 돈 아끼는 최적의 체크리스트",가격,가격범위,비용·시간·주의사항 비용 가이드 이삿짐센터: 1인 가구 포장이사 기준 50만 원~100만 원 이상(이사 거리， 짐의 양， 이사 날짜， 요일에 따라 상이).,100만 원,NEEDS_EXTERNAL_VERIFICATION,정부기관·법령 원문·지자체,,2026-08-18,,NEEDS_EXTERNAL_VERIFICATION — 시장 가격은 변동. 실제 시세 확인 후 범위 표현으로 유지 또는 출처 명기.,가격 유형 + 미해당 패턴 → 외부 확인 필요
28,2026-07-30-housing-45,https://honsamnote.co.kr/blog/2026-07-30-housing-45/,"1인 가구 이사, 퇴근 후 틈틈이 준비해도 시간과 돈 아끼는 최적의 체크리스트",가격,가격범위,반포장은 30만 원~60만 원， 용달이사는 10만 원~30만 원 선(단순 운반).,30만 원,NEEDS_EXTERNAL_VERIFICATION,정부기관·법령 원문·지자체,,2026-08-18,,NEEDS_EXTERNAL_VERIFICATION — 시장 가격은 변동. 실제 시세 확인 후 범위 표현으로 유지 또는 출처 명기.,가격 유형 + 미해당 패턴 → 외부 확인 필요
29,2026-07-30-housing-45,https://honsamnote.co.kr/blog/2026-07-30-housing-45/,"1인 가구 이사, 퇴근 후 틈틈이 준비해도 시간과 돈 아끼는 최적의 체크리스트",가격,가격범위,반포장은 30만 원~60만 원， 용달이사는 10만 원~30만 원 선(단순 운반).,60만 원,NEEDS_EXTERNAL_VERIFICATION,정부기관·법령 원문·지자체,,2026-08-18,,NEEDS_EXTERNAL_VERIFICATION — 시장 가격은 변동. 실제 시세 확인 후 범위 표현으로 유지 또는 출처 명기.,가격 유형 + 미해당 패턴 → 외부 확인 필요
30,2026-07-30-housing-45,https://honsamnote.co.kr/blog/2026-07-30-housing-45/,"1인 가구 이사, 퇴근 후 틈틈이 준비해도 시간과 돈 아끼는 최적의 체크리스트",가격,가격범위,반포장은 30만 원~60만 원， 용달이사는 10만 원~30만 원 선(단순 운반).,10만 원,NEEDS_EXTERNAL_VERIFICATION,정부기관·법령 원문·지자체,,2026-08-18,,NEEDS_EXTERNAL_VERIFICATION — 시장 가격은 변동. 실제 시세 확인 후 범위 표현으로 유지 또는 출처 명기.,가격 유형 + 미해당 패턴 → 외부 확인 필요
31,2026-07-30-housing-45,https://honsamnote.co.kr/blog/2026-07-30-housing-45/,"1인 가구 이사, 퇴근 후 틈틈이 준비해도 시간과 돈 아끼는 최적의 체크리스트",가격,가격범위,대형 폐기물 처리: 품목당 1천 원~1만 원대.,1만 원,NEEDS_EXTERNAL_VERIFICATION,정부기관·법령 원문·지자체,,2026-08-18,,NEEDS_EXTERNAL_VERIFICATION — 시장 가격은 변동. 실제 시세 확인 후 범위 표현으로 유지 또는 출처 명기.,가격 유형 + 미해당 패턴 → 외부 확인 필요
32,2026-07-30-housing-45,https://honsamnote.co.kr/blog/2026-07-30-housing-45/,"1인 가구 이사, 퇴근 후 틈틈이 준비해도 시간과 돈 아끼는 최적의 체크리스트",가격,가격범위,입주 청소: 1인 가구 원룸(약 10평 내외) 기준 10만 원~20만 원.,20만 원,NEEDS_EXTERNAL_VERIFICATION,정부기관·법령 원문·지자체,,2026-08-18,,NEEDS_EXTERNAL_VERIFICATION — 시장 가격은 변동. 실제 시세 확인 후 범위 표현으로 유지 또는 출처 명기.,가격 유형 + 미해당 패턴 → 외부 확인 필요
33,2026-07-30-housing-45,https://honsamnote.co.kr/blog/2026-07-30-housing-45/,"1인 가구 이사, 퇴근 후 틈틈이 준비해도 시간과 돈 아끼는 최적의 체크리스트",통계,통계수치,약 10~20% 정도 비용 절감 효과를 볼 수 있습니다.,20%,NEEDS_EXTERNAL_VERIFICATION,정부기관·법령 원문·지자체,,2026-08-18,,NEEDS_EXTERNAL_VERIFICATION — 수치 출처 확인 필요.,통계 수치 유형 — 출처 미확인
34,2026-07-30-housing-45,https://honsamnote.co.kr/blog/2026-07-30-housing-45/,"1인 가구 이사, 퇴근 후 틈틈이 준비해도 시간과 돈 아끼는 최적의 체크리스트",가격,가격범위,부동산 중개 수수료: 임대차 계약 시 법정 요율에 따라 발생합니다.,수수료: 임대차 계약,NEEDS_EXTERNAL_VERIFICATION,정부기관·법령 원문·지자체,,2026-08-18,,NEEDS_EXTERNAL_VERIFICATION — 시장 가격은 변동. 실제 시세 확인 후 범위 표현으로 유지 또는 출처 명기.,가격 유형 + 미해당 패턴 → 외부 확인 필요
35,2026-07-30-housing-45,https://honsamnote.co.kr/blog/2026-07-30-housing-45/,"1인 가구 이사, 퇴근 후 틈틈이 준비해도 시간과 돈 아끼는 최적의 체크리스트",통계,통계수치,입주 청소: 1인 가구 원룸(약 10평 내외) 기준 10만 원~20만 원.,약 10,NEEDS_EXTERNAL_VERIFICATION,정부기관·법령 원문·지자체,,2026-08-18,,NEEDS_EXTERNAL_VERIFICATION — 수치 출처 확인 필요.,통계 수치 유형 — 출처 미확인
37,2026-07-30-housing-46,https://honsamnote.co.kr/blog/2026-07-30-housing-46/,"이사 나가는 1인 가구, 복비·공과금 덤터기 없이 보증금 100% 안전하게 돌려받는 준비",법률,법률,혼자서 모든 걸 책임져야 하는 1인 가구에게 이사 전 보증금 반환 준비는 막막하고 불안하기만 합니다.,보증금 반환,NEEDS_EXTERNAL_VERIFICATION,정부기관·법령 원문·지자체,,2026-08-18,,NEEDS_EXTERNAL_VERIFICATION — 공식 출처 확인 후 처리,자동 분류
42,2026-07-30-housing-49,https://honsamnote.co.kr/blog/2026-07-30-housing-49/,퇴실청소 분쟁 체크리스트｜원상복구 의무,가격,가격범위,(이때를 대비해 통화 녹음이나 문자 기록도 남겨두는 것이 좋습니다.) 비용·시간·주의사항 자가 청소: 비용: 청소용품 구매 비용 (약 1만~5만 원).,5만 원,NEEDS_EXTERNAL_VERIFICATION,정부기관·법령 원문·지자체,,2026-08-18,,NEEDS_EXTERNAL_VERIFICATION — 시장 가격은 변동. 실제 시세 확인 후 범위 표현으로 유지 또는 출처 명기.,가격 유형 + 미해당 패턴 → 외부 확인 필요
43,2026-07-30-housing-49,https://honsamnote.co.kr/blog/2026-07-30-housing-49/,퇴실청소 분쟁 체크리스트｜원상복구 의무,가격,가격범위,전문 청소 업체: 비용: 원룸/오피스텔 기준 15만 원 ~ 30만 원 이상 (평수， 오염도， 업체별 편차 큼).,15만 원,NEEDS_EXTERNAL_VERIFICATION,정부기관·법령 원문·지자체,,2026-08-18,,NEEDS_EXTERNAL_VERIFICATION — 시장 가격은 변동. 실제 시세 확인 후 범위 표현으로 유지 또는 출처 명기.,가격 유형 + 미해당 패턴 → 외부 확인 필요
44,2026-07-30-housing-49,https://honsamnote.co.kr/blog/2026-07-30-housing-49/,퇴실청소 분쟁 체크리스트｜원상복구 의무,가격,가격범위,전문 청소 업체: 비용: 원룸/오피스텔 기준 15만 원 ~ 30만 원 이상 (평수， 오염도， 업체별 편차 큼).,30만 원,NEEDS_EXTERNAL_VERIFICATION,정부기관·법령 원문·지자체,,2026-08-18,,NEEDS_EXTERNAL_VERIFICATION — 시장 가격은 변동. 실제 시세 확인 후 범위 표현으로 유지 또는 출처 명기.,가격 유형 + 미해당 패턴 → 외부 확인 필요
45,2026-07-30-housing-49,https://honsamnote.co.kr/blog/2026-07-30-housing-49/,퇴실청소 분쟁 체크리스트｜원상복구 의무,통계,통계수치,(이때를 대비해 통화 녹음이나 문자 기록도 남겨두는 것이 좋습니다.) 비용·시간·주의사항 자가 청소: 비용: 청소용품 구매 비용 (약 1만~5만 원).,약 1,NEEDS_EXTERNAL_VERIFICATION,정부기관·법령 원문·지자체,,2026-08-18,,NEEDS_EXTERNAL_VERIFICATION — 수치 출처 확인 필요.,통계 수치 유형 — 출처 미확인
46,2026-07-30-safety-34,https://honsamnote.co.kr/blog/2026-07-30-safety-34/,"혼자 사는 내가 갑자기 아플 때, 응급실 가기 전 챙길 물건 최소화 리스트",법률,법률,불필요한 구급차 이용은 과태료 대상이 될 수 있습니다.,과태료,NEEDS_EXTERNAL_VERIFICATION,정부기관·법령 원문·지자체,,2026-08-18,,NEEDS_EXTERNAL_VERIFICATION — 공식 출처 확인 후 처리,자동 분류
49,2026-07-31-housing-71,https://honsamnote.co.kr/blog/2026-07-31-housing-71/,"혼자 사는 집 고장! 집주인이 수리 미룰 때, 내 돈 아끼는 현실적인 해결 순서",법률,법률,소액심판 청구: 소액 보증금 반환이나 수리비 청구 등의 문제에 대해 법원에 직접 제기하는 소송 절차입니다.,보증금 반환,NEEDS_EXTERNAL_VERIFICATION,정부기관·법령 원문·지자체,,2026-08-18,,NEEDS_EXTERNAL_VERIFICATION — 공식 출처 확인 후 처리,자동 분류
50,2026-07-31-safety-72,https://honsamnote.co.kr/blog/2026-07-31-safety-72/,"장기 출장/휴가, 혼자 사는 집을 비울 때 빈집털이, 고지서 폭탄 걱정 없이 안전하게 떠나는 법",가스,가스,가스 누출로 인한 화재나 폭발 사고를 막는 가장 기본적인 조치입니다.,가스 누출로 인한 화재나 폭발,NEEDS_EXTERNAL_VERIFICATION,정부기관·법령 원문·지자체,,2026-08-18,,NEEDS_EXTERNAL_VERIFICATION — 공식 출처 확인 후 처리,자동 분류
51,2026-07-31-safety-72,https://honsamnote.co.kr/blog/2026-07-31-safety-72/,"장기 출장/휴가, 혼자 사는 집을 비울 때 빈집털이, 고지서 폭탄 걱정 없이 안전하게 떠나는 법",전기,전기,대기전력 낭비를 막고， 누전으로 인한 화재 위험을 줄일 수 있습니다.,누전으로 인한 화재,NEEDS_EXTERNAL_VERIFICATION,정부기관·법령 원문·지자체,,2026-08-18,,NEEDS_EXTERNAL_VERIFICATION — 공식 출처 확인 후 처리,자동 분류
53,2026-08-01-housing-auto-18e480,https://honsamnote.co.kr/blog/2026-08-01-housing-auto-18e480/,"혼자 사는 직장인, 우리 집 화재·누수 걱정 끝! 내 보증금·물건 지키는 전월세 보험 똑똑하게 가입하기",법률,법률,화재 벌금 보장 특약: 화재 발생 시 과실 여부에 따라 부과될 수 있는 벌금을 보장하는 특약도 고려해볼 만합니다.,벌금,NEEDS_EXTERNAL_VERIFICATION,정부기관·법령 원문·지자체,,2026-08-18,,NEEDS_EXTERNAL_VERIFICATION — 공식 출처 확인 후 처리,자동 분류
55,2026-08-01-housing-auto-1c1518,https://honsamnote.co.kr/blog/2026-08-01-housing-auto-1c1518/,"혼자 사는 직장인, 이사 갈 때 대형 폐기물 처리? 시간과 돈 아끼는 3가지 선택 비교",법률,법률,규정 위반 시 과태료가 부과될 수 있습니다.,과태료,NEEDS_EXTERNAL_VERIFICATION,정부기관·법령 원문·지자체,,2026-08-18,,NEEDS_EXTERNAL_VERIFICATION — 공식 출처 확인 후 처리,자동 분류
64,2026-08-01-housing-auto-abec0f,https://honsamnote.co.kr/blog/2026-08-01-housing-auto-abec0f/,"내 첫 전월세 계약 만료, 집주인 무리한 요구에 당황? 계약갱신청구권으로 당당하게 대처하는 법",법률,법률,다만， 증액된 보증금이 있다면 해당 금액에 대해 반드시 동사무소(행정복지센터)에서 확정일자를 다시 받아두어 보증금 보호를 강화하는 것이 좋습니다.,보증금 보호,NEEDS_EXTERNAL_VERIFICATION,정부기관·법령 원문·지자체,,2026-08-18,,NEEDS_EXTERNAL_VERIFICATION — 공식 출처 확인 후 처리,자동 분류
65,2026-08-01-housing-auto-abec0f,https://honsamnote.co.kr/blog/2026-08-01-housing-auto-abec0f/,"내 첫 전월세 계약 만료, 집주인 무리한 요구에 당황? 계약갱신청구권으로 당당하게 대처하는 법",법률,법률,내용증명 발송: 집주인이 계속 부당하게 거절하거나， 보증금 반환을 거부할 기미가 보인다면 '계약갱신청구권 행사 통지 및 보증금 반환 요청' 내용증명을 우체국을 통해 발송하세요.,보증금 반환,NEEDS_EXTERNAL_VERIFICATION,정부기관·법령 원문·지자체,,2026-08-18,,NEEDS_EXTERNAL_VERIFICATION — 공식 출처 확인 후 처리,자동 분류
66,2026-08-01-housing-auto-abec0f,https://honsamnote.co.kr/blog/2026-08-01-housing-auto-abec0f/,"내 첫 전월세 계약 만료, 집주인 무리한 요구에 당황? 계약갱신청구권으로 당당하게 대처하는 법",법률,법률,다만， 증액된 보증금이 있다면 해당 금액에 대해 반드시 동사무소(행정복지센터)에서 확정일자를 다시 받아두어 보증금 보호를 강화하는 것이 좋습니다.,확정일자를 다시 받아두어 보증금 보호,NEEDS_EXTERNAL_VERIFICATION,정부기관·법령 원문·지자체,,2026-08-18,,NEEDS_EXTERNAL_VERIFICATION — 공식 출처 확인 후 처리,자동 분류
67,2026-08-01-housing-auto-abec0f,https://honsamnote.co.kr/blog/2026-08-01-housing-auto-abec0f/,"내 첫 전월세 계약 만료, 집주인 무리한 요구에 당황? 계약갱신청구권으로 당당하게 대처하는 법",법률,법률,개인 임차인이라면 대부분 이 권리를 행사할 수 있습니다.,임차인이라면 대부분 이 권리,NEEDS_EXTERNAL_VERIFICATION,정부기관·법령 원문·지자체,,2026-08-18,,NEEDS_EXTERNAL_VERIFICATION — 공식 출처 확인 후 처리,자동 분류
72,2026-08-01-housing-auto-ace922,https://honsamnote.co.kr/blog/2026-08-01-housing-auto-ace922/,"혼자 사는 직장인, 살던 집 주인이 바뀌었다고 연락 왔을 때? 내 보증금 지키고 계약 유지하는 똑똑한 대처법",법률,법률,이는 나중에 보증금 반환에 영향을 줄 수 있으므로 중요합니다.,보증금 반환,NEEDS_EXTERNAL_VERIFICATION,정부기관·법령 원문·지자체,,2026-08-18,,NEEDS_EXTERNAL_VERIFICATION — 공식 출처 확인 후 처리,자동 분류
81,2026-08-01-housing-auto-c039f6,https://honsamnote.co.kr/blog/2026-08-01-housing-auto-c039f6/,전월세 계약 갱신 방법｜묵시적 갱신,법률,법률,기존 계약에 대한 확정일자의 효력은 유지되지만， 증액된 부분은 새로운 확정일자 부여 시점부터 보호를 받기 때문입니다.,확정일자 부여 시점부터 보호,NEEDS_EXTERNAL_VERIFICATION,정부기관·법령 원문·지자체,,2026-08-18,,NEEDS_EXTERNAL_VERIFICATION — 공식 출처 확인 후 처리,자동 분류
82,2026-08-01-housing-auto-c039f6,https://honsamnote.co.kr/blog/2026-08-01-housing-auto-c039f6/,전월세 계약 갱신 방법｜묵시적 갱신,법률,법률,이렇게 하면 오히려 악화됩니다 '자동 연장 되겠지' 하고 아무 조치도 취하지 않는 것: 묵시적 갱신은 임차인 보호를 위한 제도이기도 하지만， 임차인에게도 해지 통보 후 3개월의 의무가 생기므로 갑작스러운 상황 변화에 유연하게 대처하기 어려워집니다.,임차인 보호,NEEDS_EXTERNAL_VERIFICATION,정부기관·법령 원문·지자체,,2026-08-18,,NEEDS_EXTERNAL_VERIFICATION — 공식 출처 확인 후 처리,자동 분류
83,2026-08-01-housing-auto-c039f6,https://honsamnote.co.kr/blog/2026-08-01-housing-auto-c039f6/,전월세 계약 갱신 방법｜묵시적 갱신,가격,가격범위,변경된 보증금에 대해 확정일자를 다시 받는 경우， 주민센터에서 소정의 수수료(약 600원)가 발생할 수 있습니다.,600원),NEEDS_EXTERNAL_VERIFICATION,정부기관·법령 원문·지자체,,2026-08-18,,NEEDS_EXTERNAL_VERIFICATION — 시장 가격은 변동. 실제 시세 확인 후 범위 표현으로 유지 또는 출처 명기.,가격 유형 + 미해당 패턴 → 외부 확인 필요
84,2026-08-01-housing-auto-c039f6,https://honsamnote.co.kr/blog/2026-08-01-housing-auto-c039f6/,전월세 계약 갱신 방법｜묵시적 갱신,통계,통계수치,임대인에게 계약 만료 6개월 전부터 2개월 전까지 권리 행사 의사를 통보하면， 임대인은 정당한 사유 없이는 거절할 수 없으며， 이때 보증금 및 월세 인상률은 최대 5%로 제한됩니다.,5%,NEEDS_EXTERNAL_VERIFICATION,정부기관·법령 원문·지자체,,2026-08-18,,NEEDS_EXTERNAL_VERIFICATION — 수치 출처 확인 필요.,통계 수치 유형 — 출처 미확인
85,2026-08-01-housing-auto-c039f6,https://honsamnote.co.kr/blog/2026-08-01-housing-auto-c039f6/,전월세 계약 갱신 방법｜묵시적 갱신,가격,가격범위,변경된 보증금에 대해 확정일자를 다시 받는 경우， 주민센터에서 소정의 수수료(약 600원)가 발생할 수 있습니다.,수수료(약 600,NEEDS_EXTERNAL_VERIFICATION,정부기관·법령 원문·지자체,,2026-08-18,,NEEDS_EXTERNAL_VERIFICATION — 시장 가격은 변동. 실제 시세 확인 후 범위 표현으로 유지 또는 출처 명기.,가격 유형 + 미해당 패턴 → 외부 확인 필요
86,2026-08-01-housing-auto-c039f6,https://honsamnote.co.kr/blog/2026-08-01-housing-auto-c039f6/,전월세 계약 갱신 방법｜묵시적 갱신,통계,통계수치,만약 5%를 초과하는 인상을 요구한다면 계약 갱신 청구권 사용을 고려한다고 명확히 밝힐 수 있습니다.,약 5,NEEDS_EXTERNAL_VERIFICATION,정부기관·법령 원문·지자체,,2026-08-18,,NEEDS_EXTERNAL_VERIFICATION — 수치 출처 확인 필요.,통계 수치 유형 — 출처 미확인
87,2026-08-01-housing-auto-c039f6,https://honsamnote.co.kr/blog/2026-08-01-housing-auto-c039f6/,전월세 계약 갱신 방법｜묵시적 갱신,통계,통계수치,변경된 보증금에 대해 확정일자를 다시 받는 경우， 주민센터에서 소정의 수수료(약 600원)가 발생할 수 있습니다.,약 600,NEEDS_EXTERNAL_VERIFICATION,정부기관·법령 원문·지자체,,2026-08-18,,NEEDS_EXTERNAL_VERIFICATION — 수치 출처 확인 필요.,통계 수치 유형 — 출처 미확인
93,2026-08-01-housing-auto-ecfb76,https://honsamnote.co.kr/blog/2026-08-01-housing-auto-ecfb76/,"혼자 사는 직장인, 갑자기 이사 가야 할 때? 전월세 계약 중도 해지, 손해 최소화하는 현명한 대처법",법률,법률,4단계: 보증금 반환 및 최종 정산 새로운 계약 성사: 새로운 임차인과의 계약이 체결되면， 임대인은 그 임차인으로부터 보증금을 받아 현 임차인에게 보증금을 돌려주는 것이 일반적입니다.,보증금 반환,NEEDS_EXTERNAL_VERIFICATION,정부기관·법령 원문·지자체,,2026-08-18,,NEEDS_EXTERNAL_VERIFICATION — 공식 출처 확인 후 처리,자동 분류
94,2026-08-01-housing-auto-ecfb76,https://honsamnote.co.kr/blog/2026-08-01-housing-auto-ecfb76/,"혼자 사는 직장인, 갑자기 이사 가야 할 때? 전월세 계약 중도 해지, 손해 최소화하는 현명한 대처법",가격,가격범위,(예: 보증금 5，000만 원， 월세 50만 원의 경우， 보증금 5，000만 + (월세 50만 100) = 1억 원으로 계산하여 수수료를 산정하는 경우가 많습니다.,"5,000만 원",NEEDS_EXTERNAL_VERIFICATION,정부기관·법령 원문·지자체,,2026-08-18,,NEEDS_EXTERNAL_VERIFICATION — 시장 가격은 변동. 실제 시세 확인 후 범위 표현으로 유지 또는 출처 명기.,가격 유형 + 미해당 패턴 → 외부 확인 필요
95,2026-08-01-housing-auto-ecfb76,https://honsamnote.co.kr/blog/2026-08-01-housing-auto-ecfb76/,"혼자 사는 직장인, 갑자기 이사 가야 할 때? 전월세 계약 중도 해지, 손해 최소화하는 현명한 대처법",가격,가격범위,(예: 보증금 5，000만 원， 월세 50만 원의 경우， 보증금 5，000만 + (월세 50만 100) = 1억 원으로 계산하여 수수료를 산정하는 경우가 많습니다.,50만 원,NEEDS_EXTERNAL_VERIFICATION,정부기관·법령 원문·지자체,,2026-08-18,,NEEDS_EXTERNAL_VERIFICATION — 시장 가격은 변동. 실제 시세 확인 후 범위 표현으로 유지 또는 출처 명기.,가격 유형 + 미해당 패턴 → 외부 확인 필요
96,2026-08-01-housing-auto-ecfb76,https://honsamnote.co.kr/blog/2026-08-01-housing-auto-ecfb76/,"혼자 사는 직장인, 갑자기 이사 가야 할 때? 전월세 계약 중도 해지, 손해 최소화하는 현명한 대처법",가격,가격범위,이러한 점을 고려하여 법원에서는 관행적으로 '임차인이 새로운 임차인을 구해 임대차 관계를 승계시키고， 그에 따른 합리적인 비용(주로 중개 수수료)을 부담한다면 계약 해지가 가능하다'는 판례를 보여주고 있습니다.,수수료)을 부담한다면 계약,NEEDS_EXTERNAL_VERIFICATION,정부기관·법령 원문·지자체,,2026-08-18,,NEEDS_EXTERNAL_VERIFICATION — 시장 가격은 변동. 실제 시세 확인 후 범위 표현으로 유지 또는 출처 명기.,가격 유형 + 미해당 패턴 → 외부 확인 필요
98,2026-08-01-safety-auto-0e6262,https://honsamnote.co.kr/blog/2026-08-01-safety-auto-0e6262/,일산화탄소 중독 해결 방법｜보일러 이상,가스,가스,먼저 확인할 결론 집에서 원인 모를 두통， 메스꺼움， 어지럼증， 무기력감 등 감기와 비슷한 증상이 나타나고， 보일러 가동 중이라면 즉시 일산화탄소 중독을 의심해야 합니다.,일산화탄소 중독,NEEDS_EXTERNAL_VERIFICATION,정부기관·법령 원문·지자체,,2026-08-18,,NEEDS_EXTERNAL_VERIFICATION — 공식 출처 확인 후 처리,자동 분류
99,2026-08-01-safety-auto-0e6262,https://honsamnote.co.kr/blog/2026-08-01-safety-auto-0e6262/,일산화탄소 중독 해결 방법｜보일러 이상,가격,가격범위,비용·시간·주의사항 비용: 일산화탄소 경보기: 2만원대부터 5만원대까지 다양합니다.,2만원,NEEDS_EXTERNAL_VERIFICATION,정부기관·법령 원문·지자체,,2026-08-18,,NEEDS_EXTERNAL_VERIFICATION — 시장 가격은 변동. 실제 시세 확인 후 범위 표현으로 유지 또는 출처 명기.,가격 유형 + 미해당 패턴 → 외부 확인 필요
100,2026-08-01-safety-auto-0e6262,https://honsamnote.co.kr/blog/2026-08-01-safety-auto-0e6262/,일산화탄소 중독 해결 방법｜보일러 이상,가격,가격범위,비용·시간·주의사항 비용: 일산화탄소 경보기: 2만원대부터 5만원대까지 다양합니다.,5만원,NEEDS_EXTERNAL_VERIFICATION,정부기관·법령 원문·지자체,,2026-08-18,,NEEDS_EXTERNAL_VERIFICATION — 시장 가격은 변동. 실제 시세 확인 후 범위 표현으로 유지 또는 출처 명기.,가격 유형 + 미해당 패턴 → 외부 확인 필요
101,2026-08-01-safety-auto-0e6262,https://honsamnote.co.kr/blog/2026-08-01-safety-auto-0e6262/,일산화탄소 중독 해결 방법｜보일러 이상,통계,통계수치,만약 경보기가 울린다면 100% 일산화탄소 누출이므로 즉시 대처해야 합니다.,100%,NEEDS_EXTERNAL_VERIFICATION,정부기관·법령 원문·지자체,,2026-08-18,,NEEDS_EXTERNAL_VERIFICATION — 수치 출처 확인 필요.,통계 수치 유형 — 출처 미확인
102,2026-08-01-safety-auto-4f0708,https://honsamnote.co.kr/blog/2026-08-01-safety-auto-4f0708/,"혼자 사는 당신, 늦은 밤 갑자기 정전될 때? 당황하지 않고 안전하게 대처하는 현실적인 방법",가격,가격범위,비용·시간·주의사항 초기 투자 비용: 비상용품(충전식 랜턴， 보조배터리， 비상 라디오， 비상 식수/간편식) 마련에 약 3만 원 ~ 5만 원 정도의 예산을 투자하는 것을 권장합니다.,3만 원,NEEDS_EXTERNAL_VERIFICATION,정부기관·법령 원문·지자체,,2026-08-18,,NEEDS_EXTERNAL_VERIFICATION — 시장 가격은 변동. 실제 시세 확인 후 범위 표현으로 유지 또는 출처 명기.,가격 유형 + 미해당 패턴 → 외부 확인 필요
103,2026-08-01-safety-auto-4f0708,https://honsamnote.co.kr/blog/2026-08-01-safety-auto-4f0708/,"혼자 사는 당신, 늦은 밤 갑자기 정전될 때? 당황하지 않고 안전하게 대처하는 현실적인 방법",가격,가격범위,비용·시간·주의사항 초기 투자 비용: 비상용품(충전식 랜턴， 보조배터리， 비상 라디오， 비상 식수/간편식) 마련에 약 3만 원 ~ 5만 원 정도의 예산을 투자하는 것을 권장합니다.,5만 원,NEEDS_EXTERNAL_VERIFICATION,정부기관·법령 원문·지자체,,2026-08-18,,NEEDS_EXTERNAL_VERIFICATION — 시장 가격은 변동. 실제 시세 확인 후 범위 표현으로 유지 또는 출처 명기.,가격 유형 + 미해당 패턴 → 외부 확인 필요
104,2026-08-01-safety-auto-4f0708,https://honsamnote.co.kr/blog/2026-08-01-safety-auto-4f0708/,"혼자 사는 당신, 늦은 밤 갑자기 정전될 때? 당황하지 않고 안전하게 대처하는 현실적인 방법",통계,통계수치,[ ] 스마트폰은 항상 50% 이상 충전 상태를 유지하고 있나요?,50%,NEEDS_EXTERNAL_VERIFICATION,정부기관·법령 원문·지자체,,2026-08-18,,NEEDS_EXTERNAL_VERIFICATION — 수치 출처 확인 필요.,통계 수치 유형 — 출처 미확인
105,2026-08-01-safety-auto-4f0708,https://honsamnote.co.kr/blog/2026-08-01-safety-auto-4f0708/,"혼자 사는 당신, 늦은 밤 갑자기 정전될 때? 당황하지 않고 안전하게 대처하는 현실적인 방법",통계,통계수치,비용·시간·주의사항 초기 투자 비용: 비상용품(충전식 랜턴， 보조배터리， 비상 라디오， 비상 식수/간편식) 마련에 약 3만 원 ~ 5만 원 정도의 예산을 투자하는 것을 권장합니다.,약 3,NEEDS_EXTERNAL_VERIFICATION,정부기관·법령 원문·지자체,,2026-08-18,,NEEDS_EXTERNAL_VERIFICATION — 수치 출처 확인 필요.,통계 수치 유형 — 출처 미확인
106,2026-08-03-housing-auto-5b4f05,https://honsamnote.co.kr/blog/2026-08-03-housing-auto-5b4f05/,"혼자 사는 직장인, 이사 당일 보증금 못 받을 위기? 당황 말고 내 돈 지키는 3단계 대처법",법률,법률,그런데 아침부터 집주인에게 연락했더니， 새로운 세입자의 잔금이 들어오지 않았다거나， 하자가 있다며 보증금 반환을 미루기 시작합니다.,보증금 반환,NEEDS_EXTERNAL_VERIFICATION,정부기관·법령 원문·지자체,,2026-08-18,,NEEDS_EXTERNAL_VERIFICATION — 공식 출처 확인 후 처리,자동 분류
107,2026-08-03-housing-auto-5b4f05,https://honsamnote.co.kr/blog/2026-08-03-housing-auto-5b4f05/,"혼자 사는 직장인, 이사 당일 보증금 못 받을 위기? 당황 말고 내 돈 지키는 3단계 대처법",법률,법률,"보증금 반환 요청: ""OO년 OO월 OO일부로 계약이 만료되었으므로， 보증금 OO원을 즉시 반환해 주시기 바랍니다."" 또는 ""OO년 OO월 OO일까지 보증금 전액을 반환해 주십시오."" 와 같이 구체적인 반환 요청일자를 포함해 명확히 요구합니다.",보증금 OO원을 즉시 반환,NEEDS_EXTERNAL_VERIFICATION,정부기관·법령 원문·지자체,,2026-08-18,,NEEDS_EXTERNAL_VERIFICATION — 공식 출처 확인 후 처리,자동 분류
108,2026-08-03-housing-auto-5b4f05,https://honsamnote.co.kr/blog/2026-08-03-housing-auto-5b4f05/,"혼자 사는 직장인, 이사 당일 보증금 못 받을 위기? 당황 말고 내 돈 지키는 3단계 대처법",법률,법률,"보증금 반환 요청: ""OO년 OO월 OO일부로 계약이 만료되었으므로， 보증금 OO원을 즉시 반환해 주시기 바랍니다."" 또는 ""OO년 OO월 OO일까지 보증금 전액을 반환해 주십시오."" 와 같이 구체적인 반환 요청일자를 포함해 명확히 요구합니다.",보증금 전액을 반환,NEEDS_EXTERNAL_VERIFICATION,정부기관·법령 원문·지자체,,2026-08-18,,NEEDS_EXTERNAL_VERIFICATION — 공식 출처 확인 후 처리,자동 분류
109,2026-08-03-housing-auto-5b4f05,https://honsamnote.co.kr/blog/2026-08-03-housing-auto-5b4f05/,"혼자 사는 직장인, 이사 당일 보증금 못 받을 위기? 당황 말고 내 돈 지키는 3단계 대처법",법률,법률,"법적 조치 예고: ""기한 내에 보증금 반환이 이루어지지 않을 경우， 임차권등기명령 신청， 보증금반환청구소송 등 법적 절차를 진행할 수 있음을 알려드립니다."" 라고 명시하여 집주인에게 심리적 압박을 가합니다.",보증금반환,NEEDS_EXTERNAL_VERIFICATION,정부기관·법령 원문·지자체,,2026-08-18,,NEEDS_EXTERNAL_VERIFICATION — 공식 출처 확인 후 처리,자동 분류
110,2026-08-03-housing-auto-5b4f05,https://honsamnote.co.kr/blog/2026-08-03-housing-auto-5b4f05/,"혼자 사는 직장인, 이사 당일 보증금 못 받을 위기? 당황 말고 내 돈 지키는 3단계 대처법",법률,법률,2단계: 이사가 급하다면 ‘임차권등기명령’ 신청 (대항력 및 우선변제권 유지) 내용증명 발송 후에도 보증금이 반환되지 않고， 다음 집으로 이사해야 하는 상황이라면 반드시 이 절차를 거쳐야 합니다.,보증금이 반환,NEEDS_EXTERNAL_VERIFICATION,정부기관·법령 원문·지자체,,2026-08-18,,NEEDS_EXTERNAL_VERIFICATION — 공식 출처 확인 후 처리,자동 분류
111,2026-08-03-housing-auto-5b4f05,https://honsamnote.co.kr/blog/2026-08-03-housing-auto-5b4f05/,"혼자 사는 직장인, 이사 당일 보증금 못 받을 위기? 당황 말고 내 돈 지키는 3단계 대처법",법률,법률,신청 조건: 임대차 계약이 종료되었음에도 불구하고 보증금을 반환받지 못한 경우에 신청할 수 있습니다.,보증금을 반환,NEEDS_EXTERNAL_VERIFICATION,정부기관·법령 원문·지자체,,2026-08-18,,NEEDS_EXTERNAL_VERIFICATION — 공식 출처 확인 후 처리,자동 분류
112,2026-08-03-housing-auto-5b4f05,https://honsamnote.co.kr/blog/2026-08-03-housing-auto-5b4f05/,"혼자 사는 직장인, 이사 당일 보증금 못 받을 위기? 당황 말고 내 돈 지키는 3단계 대처법",법률,법률,신청서와 함께 임대차 계약서， 주민등록표 초본， 부동산 등기부 등본， 보증금 미반환 증빙 서류(내용증명 등)를 첨부해야 합니다.,보증금 미반환,NEEDS_EXTERNAL_VERIFICATION,정부기관·법령 원문·지자체,,2026-08-18,,NEEDS_EXTERNAL_VERIFICATION — 공식 출처 확인 후 처리,자동 분류
113,2026-08-03-housing-auto-5b4f05,https://honsamnote.co.kr/blog/2026-08-03-housing-auto-5b4f05/,"혼자 사는 직장인, 이사 당일 보증금 못 받을 위기? 당황 말고 내 돈 지키는 3단계 대처법",법률,법률,보증금액에 따라 변동.,보증금액에 따라 변동. 보증금반환,NEEDS_EXTERNAL_VERIFICATION,정부기관·법령 원문·지자체,,2026-08-18,,NEEDS_EXTERNAL_VERIFICATION — 공식 출처 확인 후 처리,자동 분류
125,2026-08-03-housing-auto-e4e5c4,https://honsamnote.co.kr/blog/2026-08-03-housing-auto-e4e5c4/,"혼자 사는 직장인, 이사 전 빈집 점검 소홀하면 보증금 날릴 수도! 꼼꼼하게 현장 확인하는 순서",기타수치,기타수치,(패턴 미매칭 — 수동 검토 필요),,NEEDS_EXTERNAL_VERIFICATION,정부기관·법령 원문·지자체,,2026-08-18,,NEEDS_EXTERNAL_VERIFICATION — 공식 출처 확인 후 처리,자동 분류
126,2026-08-03-housing-auto-f53851,https://honsamnote.co.kr/blog/2026-08-03-housing-auto-f53851/,"혼자 사는 직장인, 빈집 vs 풀옵션 원룸/오피스텔, 뭘 골라야 현명할까? 시간과 돈 아끼는 최적의 선택 가이드",가격,가격범위,단점: 월세가 비쌈: 일반적으로 빈집에 비해 월세가 5~10만원 정도 더 비싼 경우가 많습니다.,10만원,NEEDS_EXTERNAL_VERIFICATION,정부기관·법령 원문·지자체,,2026-08-18,,NEEDS_EXTERNAL_VERIFICATION — 시장 가격은 변동. 실제 시세 확인 후 범위 표현으로 유지 또는 출처 명기.,가격 유형 + 미해당 패턴 → 외부 확인 필요
127,2026-08-03-housing-auto-f53851,https://honsamnote.co.kr/blog/2026-08-03-housing-auto-f53851/,"혼자 사는 직장인, 빈집 vs 풀옵션 원룸/오피스텔, 뭘 골라야 현명할까? 시간과 돈 아끼는 최적의 선택 가이드",가격,가격범위,비용·시간·주의사항 비용 월세 차이: 풀옵션은 빈집 대비 월 5만 원에서 10만 원 이상 비쌀 수 있습니다.,5만 원,NEEDS_EXTERNAL_VERIFICATION,정부기관·법령 원문·지자체,,2026-08-18,,NEEDS_EXTERNAL_VERIFICATION — 시장 가격은 변동. 실제 시세 확인 후 범위 표현으로 유지 또는 출처 명기.,가격 유형 + 미해당 패턴 → 외부 확인 필요
128,2026-08-03-housing-auto-f53851,https://honsamnote.co.kr/blog/2026-08-03-housing-auto-f53851/,"혼자 사는 직장인, 빈집 vs 풀옵션 원룸/오피스텔, 뭘 골라야 현명할까? 시간과 돈 아끼는 최적의 선택 가이드",가격,가격범위,비용·시간·주의사항 비용 월세 차이: 풀옵션은 빈집 대비 월 5만 원에서 10만 원 이상 비쌀 수 있습니다.,10만 원,NEEDS_EXTERNAL_VERIFICATION,정부기관·법령 원문·지자체,,2026-08-18,,NEEDS_EXTERNAL_VERIFICATION — 시장 가격은 변동. 실제 시세 확인 후 범위 표현으로 유지 또는 출처 명기.,가격 유형 + 미해당 패턴 → 외부 확인 필요
129,2026-08-03-housing-auto-f53851,https://honsamnote.co.kr/blog/2026-08-03-housing-auto-f53851/,"혼자 사는 직장인, 빈집 vs 풀옵션 원룸/오피스텔, 뭘 골라야 현명할까? 시간과 돈 아끼는 최적의 선택 가이드",가격,가격범위,2년 계약 시 연간 60만 원에서 120만 원 이상 추가 지출이 발생할 수 있습니다.,60만 원,NEEDS_EXTERNAL_VERIFICATION,정부기관·법령 원문·지자체,,2026-08-18,,NEEDS_EXTERNAL_VERIFICATION — 시장 가격은 변동. 실제 시세 확인 후 범위 표현으로 유지 또는 출처 명기.,가격 유형 + 미해당 패턴 → 외부 확인 필요
130,2026-08-03-housing-auto-f53851,https://honsamnote.co.kr/blog/2026-08-03-housing-auto-f53851/,"혼자 사는 직장인, 빈집 vs 풀옵션 원룸/오피스텔, 뭘 골라야 현명할까? 시간과 돈 아끼는 최적의 선택 가이드",가격,가격범위,2년 계약 시 연간 60만 원에서 120만 원 이상 추가 지출이 발생할 수 있습니다.,120만 원,NEEDS_EXTERNAL_VERIFICATION,정부기관·법령 원문·지자체,,2026-08-18,,NEEDS_EXTERNAL_VERIFICATION — 시장 가격은 변동. 실제 시세 확인 후 범위 표현으로 유지 또는 출처 명기.,가격 유형 + 미해당 패턴 → 외부 확인 필요
131,2026-08-03-housing-auto-f53851,https://honsamnote.co.kr/blog/2026-08-03-housing-auto-f53851/,"혼자 사는 직장인, 빈집 vs 풀옵션 원룸/오피스텔, 뭘 골라야 현명할까? 시간과 돈 아끼는 최적의 선택 가이드",가격,가격범위,가전/가구 구매 비용 (빈집 선택 시): 필수 가전(냉장고， 세탁기， 에어컨)과 가구(침대， 책상， 옷장)만 해도 최소 150만 원에서 300만 원 이상 들 수 있습니다.,150만 원,NEEDS_EXTERNAL_VERIFICATION,정부기관·법령 원문·지자체,,2026-08-18,,NEEDS_EXTERNAL_VERIFICATION — 시장 가격은 변동. 실제 시세 확인 후 범위 표현으로 유지 또는 출처 명기.,가격 유형 + 미해당 패턴 → 외부 확인 필요
132,2026-08-03-housing-auto-f53851,https://honsamnote.co.kr/blog/2026-08-03-housing-auto-f53851/,"혼자 사는 직장인, 빈집 vs 풀옵션 원룸/오피스텔, 뭘 골라야 현명할까? 시간과 돈 아끼는 최적의 선택 가이드",가격,가격범위,가전/가구 구매 비용 (빈집 선택 시): 필수 가전(냉장고， 세탁기， 에어컨)과 가구(침대， 책상， 옷장)만 해도 최소 150만 원에서 300만 원 이상 들 수 있습니다.,300만 원,NEEDS_EXTERNAL_VERIFICATION,정부기관·법령 원문·지자체,,2026-08-18,,NEEDS_EXTERNAL_VERIFICATION — 시장 가격은 변동. 실제 시세 확인 후 범위 표현으로 유지 또는 출처 명기.,가격 유형 + 미해당 패턴 → 외부 확인 필요
133,2026-08-03-housing-auto-f53851,https://honsamnote.co.kr/blog/2026-08-03-housing-auto-f53851/,"혼자 사는 직장인, 빈집 vs 풀옵션 원룸/오피스텔, 뭘 골라야 현명할까? 시간과 돈 아끼는 최적의 선택 가이드",가격,가격범위,(예: 빈집 고려) [ ] 가전/가구 구매를 위한 초기 목돈(최소 150만원 이상)을 지출할 여유가 있나요?,150만원,NEEDS_EXTERNAL_VERIFICATION,정부기관·법령 원문·지자체,,2026-08-18,,NEEDS_EXTERNAL_VERIFICATION — 시장 가격은 변동. 실제 시세 확인 후 범위 표현으로 유지 또는 출처 명기.,가격 유형 + 미해당 패턴 → 외부 확인 필요
140,2026-08-04-housing-auto-cbaa3c,https://honsamnote.co.kr/blog/2026-08-04-housing-auto-cbaa3c/,"혼자 사는 직장인, 첫 집 계약 전세 vs 월세? 내 돈 아끼는 현명한 선택 가이드",법률,법률,보증금 미반환 위험: 집주인이 파산하거나 새로운 세입자를 구하지 못하면 보증금을 돌려받지 못할 위험이 있습니다.,보증금 미반환,NEEDS_EXTERNAL_VERIFICATION,정부기관·법령 원문·지자체,,2026-08-18,,NEEDS_EXTERNAL_VERIFICATION — 공식 출처 확인 후 처리,자동 분류
141,2026-08-04-housing-auto-cbaa3c,https://honsamnote.co.kr/blog/2026-08-04-housing-auto-cbaa3c/,"혼자 사는 직장인, 첫 집 계약 전세 vs 월세? 내 돈 아끼는 현명한 선택 가이드",법률,법률,보증금 회수 위험 상대적으로 낮음: 전세에 비해 보증금 액수가 작아 미반환 위험 부담이 덜합니다.,보증금 액수가 작아 미반환,NEEDS_EXTERNAL_VERIFICATION,정부기관·법령 원문·지자체,,2026-08-18,,NEEDS_EXTERNAL_VERIFICATION — 공식 출처 확인 후 처리,자동 분류
147,2026-08-05-housing-auto-580e50,https://honsamnote.co.kr/blog/2026-08-05-housing-auto-580e50/,"혼자 사는 직장인, 반려동물 키우고 싶은데 계약 위반 걱정? 집주인과 현명하게 합의하는 3단계",기타수치,기타수치,(패턴 미매칭 — 수동 검토 필요),,NEEDS_EXTERNAL_VERIFICATION,정부기관·법령 원문·지자체,,2026-08-18,,NEEDS_EXTERNAL_VERIFICATION — 공식 출처 확인 후 처리,자동 분류
148,2026-08-05-housing-auto-f0090f,https://honsamnote.co.kr/blog/2026-08-05-housing-auto-f0090f/,"혼자 사는 직장인, 다음 집 어디로 갈까? 퇴근 후 짬 내서 내게 맞는 전월세집 똑똑하게 찾는 순서",가격,가격범위,(비용 700원) 계약 조건 최종 조율: 특약 사항(예: 퇴실 청소비용， 옵션 파손 시 수리 책임 등)을 명확히 하고， 중개사에게 궁금한 점을 모두 물어보세요.,700원),NEEDS_EXTERNAL_VERIFICATION,정부기관·법령 원문·지자체,,2026-08-18,,NEEDS_EXTERNAL_VERIFICATION — 시장 가격은 변동. 실제 시세 확인 후 범위 표현으로 유지 또는 출처 명기.,가격 유형 + 미해당 패턴 → 외부 확인 필요
149,2026-08-05-housing-auto-f0090f,https://honsamnote.co.kr/blog/2026-08-05-housing-auto-f0090f/,"혼자 사는 직장인, 다음 집 어디로 갈까? 퇴근 후 짬 내서 내게 맞는 전월세집 똑똑하게 찾는 순서",통계,통계수치,월급의 25~30%를 넘지 않는 선에서 주거비용을 잡는 것이 좋습니다.,30%,NEEDS_EXTERNAL_VERIFICATION,정부기관·법령 원문·지자체,,2026-08-18,,NEEDS_EXTERNAL_VERIFICATION — 수치 출처 확인 필요.,통계 수치 유형 — 출처 미확인
152,2026-08-05-safety-auto-d98bca,https://honsamnote.co.kr/blog/2026-08-05-safety-auto-d98bca/,"혼자 사는 당신, 늦은 밤 갑자기 두꺼비집이 내려가거나 콘센트에서 스파크가 튈 때: 당황하지 않고 안전하게 확인하고 대처하는 법",전기,전기,특히 누전은 잠재적인 화재 위험을 안고 있으니 반드시 전문가의 진단을 받으세요.,누전은 잠재적인 화재,NEEDS_EXTERNAL_VERIFICATION,정부기관·법령 원문·지자체,,2026-08-18,,NEEDS_EXTERNAL_VERIFICATION — 공식 출처 확인 후 처리,자동 분류
153,2026-08-05-safety-auto-d98bca,https://honsamnote.co.kr/blog/2026-08-05-safety-auto-d98bca/,"혼자 사는 당신, 늦은 밤 갑자기 두꺼비집이 내려가거나 콘센트에서 스파크가 튈 때: 당황하지 않고 안전하게 확인하고 대처하는 법",전기,전기,젖은 손이나 맨손으로 전기 기기를 만지거나 수리하려 드는 행위: 감전 사고의 위험이 매우 높습니다.,감전 사고의 위험,NEEDS_EXTERNAL_VERIFICATION,정부기관·법령 원문·지자체,,2026-08-18,,NEEDS_EXTERNAL_VERIFICATION — 공식 출처 확인 후 처리,자동 분류
154,2026-08-05-safety-auto-d98bca,https://honsamnote.co.kr/blog/2026-08-05-safety-auto-d98bca/,"혼자 사는 당신, 늦은 밤 갑자기 두꺼비집이 내려가거나 콘센트에서 스파크가 튈 때: 당황하지 않고 안전하게 확인하고 대처하는 법",전기,전기,잘못된 배선은 누전이나 화재의 직접적인 원인이 되며， 심각한 인명 피해로 이어질 수 있습니다.,누전이나 화재,NEEDS_EXTERNAL_VERIFICATION,정부기관·법령 원문·지자체,,2026-08-18,,NEEDS_EXTERNAL_VERIFICATION — 공식 출처 확인 후 처리,자동 분류
155,2026-08-05-safety-auto-d98bca,https://honsamnote.co.kr/blog/2026-08-05-safety-auto-d98bca/,"혼자 사는 당신, 늦은 밤 갑자기 두꺼비집이 내려가거나 콘센트에서 스파크가 튈 때: 당황하지 않고 안전하게 확인하고 대처하는 법",가격,가격범위,콘센트 교체 (경미한 손상): 부품비 5천원~1만원 내외， 출장비 및 인건비 포함 시 3~7만원 이상 발생할 수 있습니다.,1만원,NEEDS_EXTERNAL_VERIFICATION,정부기관·법령 원문·지자체,,2026-08-18,,NEEDS_EXTERNAL_VERIFICATION — 시장 가격은 변동. 실제 시세 확인 후 범위 표현으로 유지 또는 출처 명기.,가격 유형 + 미해당 패턴 → 외부 확인 필요
156,2026-08-05-safety-auto-d98bca,https://honsamnote.co.kr/blog/2026-08-05-safety-auto-d98bca/,"혼자 사는 당신, 늦은 밤 갑자기 두꺼비집이 내려가거나 콘센트에서 스파크가 튈 때: 당황하지 않고 안전하게 확인하고 대처하는 법",가격,가격범위,콘센트 교체 (경미한 손상): 부품비 5천원~1만원 내외， 출장비 및 인건비 포함 시 3~7만원 이상 발생할 수 있습니다.,7만원,NEEDS_EXTERNAL_VERIFICATION,정부기관·법령 원문·지자체,,2026-08-18,,NEEDS_EXTERNAL_VERIFICATION — 시장 가격은 변동. 실제 시세 확인 후 범위 표현으로 유지 또는 출처 명기.,가격 유형 + 미해당 패턴 → 외부 확인 필요
157,2026-08-05-safety-auto-d98bca,https://honsamnote.co.kr/blog/2026-08-05-safety-auto-d98bca/,"혼자 사는 당신, 늦은 밤 갑자기 두꺼비집이 내려가거나 콘센트에서 스파크가 튈 때: 당황하지 않고 안전하게 확인하고 대처하는 법",가격,가격범위,(부품 종류 및 난이도에 따라 다름) 전문가 출장 및 수리 (누전， 전선 교체 등): 출장비 포함 기본 5~10만원부터 시작하며， 누전 원인 파악과 전선 교체 등 작업 난이도에 따라 수십만 원까지 발생할 수 있습니다.,10만원,NEEDS_EXTERNAL_VERIFICATION,정부기관·법령 원문·지자체,,2026-08-18,,NEEDS_EXTERNAL_VERIFICATION — 시장 가격은 변동. 실제 시세 확인 후 범위 표현으로 유지 또는 출처 명기.,가격 유형 + 미해당 패턴 → 외부 확인 필요
158,2026-08-05-safety-auto-d98bca,https://honsamnote.co.kr/blog/2026-08-05-safety-auto-d98bca/,"혼자 사는 당신, 늦은 밤 갑자기 두꺼비집이 내려가거나 콘센트에서 스파크가 튈 때: 당황하지 않고 안전하게 확인하고 대처하는 법",가격,가격범위,비용·시간·주의사항 비용: 자가 해결 (과부하 조절): 0원.,0원.,NEEDS_EXTERNAL_VERIFICATION,정부기관·법령 원문·지자체,,2026-08-18,,NEEDS_EXTERNAL_VERIFICATION — 시장 가격은 변동. 실제 시세 확인 후 범위 표현으로 유지 또는 출처 명기.,가격 유형 + 미해당 패턴 → 외부 확인 필요
160,2026-08-06-housing-auto-36b1cd,https://honsamnote.co.kr/blog/2026-08-06-housing-auto-36b1cd/,"혼자 사는 직장인, 이사 나갈 때 보증금 깎일까 걱정? 원상회복 범위 알고 당당하게 돌려받는 법",법률,법률,선제적 접근: 집주인이 먼저 연락하기를 기다리기보다， 퇴거 2~3주 전 먼저 연락하여 원상회복 및 보증금 반환에 대한 논의를 시작하는 것이 유리합니다.,보증금 반환,NEEDS_EXTERNAL_VERIFICATION,정부기관·법령 원문·지자체,,2026-08-18,,NEEDS_EXTERNAL_VERIFICATION — 공식 출처 확인 후 처리,자동 분류
162,2026-08-06-housing-auto-5c27e6,https://honsamnote.co.kr/blog/2026-08-06-housing-auto-5c27e6/,"혼자 사는 직장인, 해외 파견/장기 출장 갈 때? 내 원룸 현명하게 단기 임대주고 돈 버는 법",법률,법률,정확한 정보 없이 불법 숙박업으로 운영하기: 주거용 오피스텔이나 원룸을 영리 목적으로 숙박업으로 운영하는 것은 법률 위반이며， 이에 따른 벌금이나 처벌을 받을 수 있습니다.,벌금,NEEDS_EXTERNAL_VERIFICATION,정부기관·법령 원문·지자체,,2026-08-18,,NEEDS_EXTERNAL_VERIFICATION — 공식 출처 확인 후 처리,자동 분류
163,2026-08-06-housing-auto-5c27e6,https://honsamnote.co.kr/blog/2026-08-06-housing-auto-5c27e6/,"혼자 사는 직장인, 해외 파견/장기 출장 갈 때? 내 원룸 현명하게 단기 임대주고 돈 버는 법",법률,법률,정확한 정보 없이 불법 숙박업으로 운영하기: 주거용 오피스텔이나 원룸을 영리 목적으로 숙박업으로 운영하는 것은 법률 위반이며， 이에 따른 벌금이나 처벌을 받을 수 있습니다.,처벌,NEEDS_EXTERNAL_VERIFICATION,정부기관·법령 원문·지자체,,2026-08-18,,NEEDS_EXTERNAL_VERIFICATION — 공식 출처 확인 후 처리,자동 분류
165,2026-08-06-housing-auto-5c27e6,https://honsamnote.co.kr/blog/2026-08-06-housing-auto-5c27e6/,"혼자 사는 직장인, 해외 파견/장기 출장 갈 때? 내 원룸 현명하게 단기 임대주고 돈 버는 법",가격,가격범위,개인 물품 보관 비용: 짐 보관 서비스(미니창고 등) 이용 시 월 5만~10만원 이상 발생합니다.,10만원,NEEDS_EXTERNAL_VERIFICATION,정부기관·법령 원문·지자체,,2026-08-18,,NEEDS_EXTERNAL_VERIFICATION — 시장 가격은 변동. 실제 시세 확인 후 범위 표현으로 유지 또는 출처 명기.,가격 유형 + 미해당 패턴 → 외부 확인 필요
166,2026-08-06-housing-auto-5c27e6,https://honsamnote.co.kr/blog/2026-08-06-housing-auto-5c27e6/,"혼자 사는 직장인, 해외 파견/장기 출장 갈 때? 내 원룸 현명하게 단기 임대주고 돈 버는 법",가격,가격범위,청소 비용: 단기 임차인 퇴실 후 집 상태에 따라 전문 청소 업체를 이용해야 할 수 있으며， 10만~20만원 가량 소요됩니다.,20만원,NEEDS_EXTERNAL_VERIFICATION,정부기관·법령 원문·지자체,,2026-08-18,,NEEDS_EXTERNAL_VERIFICATION — 시장 가격은 변동. 실제 시세 확인 후 범위 표현으로 유지 또는 출처 명기.,가격 유형 + 미해당 패턴 → 외부 확인 필요
167,2026-08-06-housing-auto-5c27e6,https://honsamnote.co.kr/blog/2026-08-06-housing-auto-5c27e6/,"혼자 사는 직장인, 해외 파견/장기 출장 갈 때? 내 원룸 현명하게 단기 임대주고 돈 버는 법",통계,통계수치,(거의 100% 명시되어 있을 것입니다.)집주인과의 관계는 어떠한가?,100%,NEEDS_EXTERNAL_VERIFICATION,정부기관·법령 원문·지자체,,2026-08-18,,NEEDS_EXTERNAL_VERIFICATION — 수치 출처 확인 필요.,통계 수치 유형 — 출처 미확인
168,2026-08-06-housing-auto-778093,https://honsamnote.co.kr/blog/2026-08-06-housing-auto-778093/,"혼자 사는 직장인, 우리 집 안전 지킴이! 디지털 도어락 vs 보조키, 내게 맞는 현명한 선택은?",법률,법률,"이렇게 하면 오히려 악화됩니다집주인 동의 없이 무단으로 설치하는 행위: ""잠금장치 바꾸는 게 뭐 대수야?""라고 생각하며 집주인에게 알리지 않고 몰래 설치하면， 나중에 이사 나갈 때 원상복구 문제로 보증금 반환에 차질이 생기거나 심각한 분쟁으로 이어질 수 있습니다.",보증금 반환,NEEDS_EXTERNAL_VERIFICATION,정부기관·법령 원문·지자체,,2026-08-18,,NEEDS_EXTERNAL_VERIFICATION — 공식 출처 확인 후 처리,자동 분류
169,2026-08-06-housing-auto-778093,https://honsamnote.co.kr/blog/2026-08-06-housing-auto-778093/,"혼자 사는 직장인, 우리 집 안전 지킴이! 디지털 도어락 vs 보조키, 내게 맞는 현명한 선택은?",가격,가격범위,비용·시간·주의사항 비용 디지털 도어락: 제품 가격: 보급형 10만원대 중반 ~ 고급형 30만원대 후반.,10만원,NEEDS_EXTERNAL_VERIFICATION,정부기관·법령 원문·지자체,,2026-08-18,,NEEDS_EXTERNAL_VERIFICATION — 시장 가격은 변동. 실제 시세 확인 후 범위 표현으로 유지 또는 출처 명기.,가격 유형 + 미해당 패턴 → 외부 확인 필요
170,2026-08-06-housing-auto-778093,https://honsamnote.co.kr/blog/2026-08-06-housing-auto-778093/,"혼자 사는 직장인, 우리 집 안전 지킴이! 디지털 도어락 vs 보조키, 내게 맞는 현명한 선택은?",가격,가격범위,비용·시간·주의사항 비용 디지털 도어락: 제품 가격: 보급형 10만원대 중반 ~ 고급형 30만원대 후반.,30만원,NEEDS_EXTERNAL_VERIFICATION,정부기관·법령 원문·지자체,,2026-08-18,,NEEDS_EXTERNAL_VERIFICATION — 시장 가격은 변동. 실제 시세 확인 후 범위 표현으로 유지 또는 출처 명기.,가격 유형 + 미해당 패턴 → 외부 확인 필요
171,2026-08-06-housing-auto-778093,https://honsamnote.co.kr/blog/2026-08-06-housing-auto-778093/,"혼자 사는 직장인, 우리 집 안전 지킴이! 디지털 도어락 vs 보조키, 내게 맞는 현명한 선택은?",가격,가격범위,설치비: 3만원 ~ 5만원 선 (제품 구매 시 무료 설치 포함인 경우도 많음).,3만원,NEEDS_EXTERNAL_VERIFICATION,정부기관·법령 원문·지자체,,2026-08-18,,NEEDS_EXTERNAL_VERIFICATION — 시장 가격은 변동. 실제 시세 확인 후 범위 표현으로 유지 또는 출처 명기.,가격 유형 + 미해당 패턴 → 외부 확인 필요
172,2026-08-06-housing-auto-778093,https://honsamnote.co.kr/blog/2026-08-06-housing-auto-778093/,"혼자 사는 직장인, 우리 집 안전 지킴이! 디지털 도어락 vs 보조키, 내게 맞는 현명한 선택은?",가격,가격범위,설치비: 3만원 ~ 5만원 선 (제품 구매 시 무료 설치 포함인 경우도 많음).,5만원,NEEDS_EXTERNAL_VERIFICATION,정부기관·법령 원문·지자체,,2026-08-18,,NEEDS_EXTERNAL_VERIFICATION — 시장 가격은 변동. 실제 시세 확인 후 범위 표현으로 유지 또는 출처 명기.,가격 유형 + 미해당 패턴 → 외부 확인 필요
173,2026-08-06-housing-auto-778093,https://honsamnote.co.kr/blog/2026-08-06-housing-auto-778093/,"혼자 사는 직장인, 우리 집 안전 지킴이! 디지털 도어락 vs 보조키, 내게 맞는 현명한 선택은?",가격,가격범위,(연 1만 원 내외) 보조키: 제품 가격: 일반형 3만원대 ~ 특수형 10만원대.,1만 원,NEEDS_EXTERNAL_VERIFICATION,정부기관·법령 원문·지자체,,2026-08-18,,NEEDS_EXTERNAL_VERIFICATION — 시장 가격은 변동. 실제 시세 확인 후 범위 표현으로 유지 또는 출처 명기.,가격 유형 + 미해당 패턴 → 외부 확인 필요
174,2026-08-06-housing-auto-778093,https://honsamnote.co.kr/blog/2026-08-06-housing-auto-778093/,"혼자 사는 직장인, 우리 집 안전 지킴이! 디지털 도어락 vs 보조키, 내게 맞는 현명한 선택은?",가격,가격범위,설치비: 2만원 ~ 4만원 선 (자가 설치 시 절감 가능).,2만원,NEEDS_EXTERNAL_VERIFICATION,정부기관·법령 원문·지자체,,2026-08-18,,NEEDS_EXTERNAL_VERIFICATION — 시장 가격은 변동. 실제 시세 확인 후 범위 표현으로 유지 또는 출처 명기.,가격 유형 + 미해당 패턴 → 외부 확인 필요
175,2026-08-06-housing-auto-778093,https://honsamnote.co.kr/blog/2026-08-06-housing-auto-778093/,"혼자 사는 직장인, 우리 집 안전 지킴이! 디지털 도어락 vs 보조키, 내게 맞는 현명한 선택은?",가격,가격범위,설치비: 2만원 ~ 4만원 선 (자가 설치 시 절감 가능).,4만원,NEEDS_EXTERNAL_VERIFICATION,정부기관·법령 원문·지자체,,2026-08-18,,NEEDS_EXTERNAL_VERIFICATION — 시장 가격은 변동. 실제 시세 확인 후 범위 표현으로 유지 또는 출처 명기.,가격 유형 + 미해당 패턴 → 외부 확인 필요
177,2026-08-06-housing-auto-9d6fe3,https://honsamnote.co.kr/blog/2026-08-06-housing-auto-9d6fe3/,"혼자 사는 직장인, 전월세 계약 만료로 이사 가려는데? 집주인에게 현명하게 통보하고 보증금 지키는 법",법률,법률,내용증명에는 계약 만료일， 퇴거 의사， 보증금 반환 요청 등을 기재합니다.,보증금 반환,NEEDS_EXTERNAL_VERIFICATION,정부기관·법령 원문·지자체,,2026-08-18,,NEEDS_EXTERNAL_VERIFICATION — 공식 출처 확인 후 처리,자동 분류
178,2026-08-06-housing-auto-9d6fe3,https://honsamnote.co.kr/blog/2026-08-06-housing-auto-9d6fe3/,"혼자 사는 직장인, 전월세 계약 만료로 이사 가려는데? 집주인에게 현명하게 통보하고 보증금 지키는 법",법률,법률,이는 잘못된 주장이며， 계약 만료 시 보증금은 집주인이 반환해야 할 의무가 있습니다.,보증금은 집주인이 반환,NEEDS_EXTERNAL_VERIFICATION,정부기관·법령 원문·지자체,,2026-08-18,,NEEDS_EXTERNAL_VERIFICATION — 공식 출처 확인 후 처리,자동 분류
179,2026-08-06-safety-auto-0b96ff,https://honsamnote.co.kr/blog/2026-08-06-safety-auto-0b96ff/,일산화탄소 경보기 비교｜경보기 오작동,가스,가스,해결 순서 1단계: 신체 증상 및 경보음 패턴 확인 (가장 중요!)나의 몸 상태 확인: 두통， 어지러움， 메스꺼움， 무기력감 등 일산화탄소 중독 증상이 있는지 즉시 확인합니다.,일산화탄소 중독,NEEDS_EXTERNAL_VERIFICATION,정부기관·법령 원문·지자체,,2026-08-18,,NEEDS_EXTERNAL_VERIFICATION — 공식 출처 확인 후 처리,자동 분류
189,2026-08-06-safety-auto-a5c266,https://honsamnote.co.kr/blog/2026-08-06-safety-auto-a5c266/,"혼자 사는 당신, 외출 중 갑자기 가스·누수 사고 걱정될 때? 스마트 가스 감지기 vs. 스마트 누수 센서, 나에게 맞는 원격 모니터링은?",가스,가스,✔️ 사야 하는 사람 도시가스 또는 LPG 가스를 주방/난방에 적극적으로 사용하는 사람: 인덕션만 쓰지 않고 가스레인지나 가스보일러를 주로 사용한다면， 누출 위험에 항상 노출되어 있습니다.,"가스보일러를 주로 사용한다면, 누출 위험",NEEDS_EXTERNAL_VERIFICATION,정부기관·법령 원문·지자체,,2026-08-18,,NEEDS_EXTERNAL_VERIFICATION — 공식 출처 확인 후 처리,자동 분류
190,2026-08-06-safety-auto-a5c266,https://honsamnote.co.kr/blog/2026-08-06-safety-auto-a5c266/,"혼자 사는 당신, 외출 중 갑자기 가스·누수 사고 걱정될 때? 스마트 가스 감지기 vs. 스마트 누수 센서, 나에게 맞는 원격 모니터링은?",가스,가스,장기 출장/여행 등으로 집을 자주 비우는 사람: 집을 비운 사이 가스 누출은 자칫 폭발 사고로 이어질 수 있어 특히 위험합니다.,가스 누출은 자칫 폭발,NEEDS_EXTERNAL_VERIFICATION,정부기관·법령 원문·지자체,,2026-08-18,,NEEDS_EXTERNAL_VERIFICATION — 공식 출처 확인 후 처리,자동 분류
191,2026-08-06-safety-auto-a5c266,https://honsamnote.co.kr/blog/2026-08-06-safety-auto-a5c266/,"혼자 사는 당신, 외출 중 갑자기 가스·누수 사고 걱정될 때? 스마트 가스 감지기 vs. 스마트 누수 센서, 나에게 맞는 원격 모니터링은?",가스,가스,❌ 사지 않아도 되는 경우 인덕션 등 전기 조리 기구만 사용하고 가스 보일러가 없는 100% 비가스 주택 거주자: 가스 누출 위험 자체가 없습니다.,가스 주택 거주자: 가스 누출 위험,NEEDS_EXTERNAL_VERIFICATION,정부기관·법령 원문·지자체,,2026-08-18,,NEEDS_EXTERNAL_VERIFICATION — 공식 출처 확인 후 처리,자동 분류
192,2026-08-06-safety-auto-a5c266,https://honsamnote.co.kr/blog/2026-08-06-safety-auto-a5c266/,"혼자 사는 당신, 외출 중 갑자기 가스·누수 사고 걱정될 때? 스마트 가스 감지기 vs. 스마트 누수 센서, 나에게 맞는 원격 모니터링은?",가격,가격범위,비용 스마트 가스 감지기: 3만 원대부터 10만 원대까지 다양합니다.,3만 원,NEEDS_EXTERNAL_VERIFICATION,정부기관·법령 원문·지자체,,2026-08-18,,NEEDS_EXTERNAL_VERIFICATION — 시장 가격은 변동. 실제 시세 확인 후 범위 표현으로 유지 또는 출처 명기.,가격 유형 + 미해당 패턴 → 외부 확인 필요
193,2026-08-06-safety-auto-a5c266,https://honsamnote.co.kr/blog/2026-08-06-safety-auto-a5c266/,"혼자 사는 당신, 외출 중 갑자기 가스·누수 사고 걱정될 때? 스마트 가스 감지기 vs. 스마트 누수 센서, 나에게 맞는 원격 모니터링은?",가격,가격범위,비용 스마트 가스 감지기: 3만 원대부터 10만 원대까지 다양합니다.,10만 원,NEEDS_EXTERNAL_VERIFICATION,정부기관·법령 원문·지자체,,2026-08-18,,NEEDS_EXTERNAL_VERIFICATION — 시장 가격은 변동. 실제 시세 확인 후 범위 표현으로 유지 또는 출처 명기.,가격 유형 + 미해당 패턴 → 외부 확인 필요
194,2026-08-06-safety-auto-a5c266,https://honsamnote.co.kr/blog/2026-08-06-safety-auto-a5c266/,"혼자 사는 당신, 외출 중 갑자기 가스·누수 사고 걱정될 때? 스마트 가스 감지기 vs. 스마트 누수 센서, 나에게 맞는 원격 모니터링은?",가격,가격범위,스마트 누수 센서: 2만 원대부터 7만 원대까지 형성되어 있습니다.,2만 원,NEEDS_EXTERNAL_VERIFICATION,정부기관·법령 원문·지자체,,2026-08-18,,NEEDS_EXTERNAL_VERIFICATION — 시장 가격은 변동. 실제 시세 확인 후 범위 표현으로 유지 또는 출처 명기.,가격 유형 + 미해당 패턴 → 외부 확인 필요
195,2026-08-06-safety-auto-a5c266,https://honsamnote.co.kr/blog/2026-08-06-safety-auto-a5c266/,"혼자 사는 당신, 외출 중 갑자기 가스·누수 사고 걱정될 때? 스마트 가스 감지기 vs. 스마트 누수 센서, 나에게 맞는 원격 모니터링은?",가격,가격범위,스마트 누수 센서: 2만 원대부터 7만 원대까지 형성되어 있습니다.,7만 원,NEEDS_EXTERNAL_VERIFICATION,정부기관·법령 원문·지자체,,2026-08-18,,NEEDS_EXTERNAL_VERIFICATION — 시장 가격은 변동. 실제 시세 확인 후 범위 표현으로 유지 또는 출처 명기.,가격 유형 + 미해당 패턴 → 외부 확인 필요
196,2026-08-06-safety-auto-a5c266,https://honsamnote.co.kr/blog/2026-08-06-safety-auto-a5c266/,"혼자 사는 당신, 외출 중 갑자기 가스·누수 사고 걱정될 때? 스마트 가스 감지기 vs. 스마트 누수 센서, 나에게 맞는 원격 모니터링은?",가격,가격범위,설치 비용: 대부분 자가 설치가 가능하며， 전문가 설치가 필요한 경우 3~5만 원 정도의 출장비가 발생할 수 있습니다.,5만 원,NEEDS_EXTERNAL_VERIFICATION,정부기관·법령 원문·지자체,,2026-08-18,,NEEDS_EXTERNAL_VERIFICATION — 시장 가격은 변동. 실제 시세 확인 후 범위 표현으로 유지 또는 출처 명기.,가격 유형 + 미해당 패턴 → 외부 확인 필요
197,2026-08-06-safety-auto-a5c266,https://honsamnote.co.kr/blog/2026-08-06-safety-auto-a5c266/,"혼자 사는 당신, 외출 중 갑자기 가스·누수 사고 걱정될 때? 스마트 가스 감지기 vs. 스마트 누수 센서, 나에게 맞는 원격 모니터링은?",통계,통계수치,❌ 사지 않아도 되는 경우 인덕션 등 전기 조리 기구만 사용하고 가스 보일러가 없는 100% 비가스 주택 거주자: 가스 누출 위험 자체가 없습니다.,100%,NEEDS_EXTERNAL_VERIFICATION,정부기관·법령 원문·지자체,,2026-08-18,,NEEDS_EXTERNAL_VERIFICATION — 수치 출처 확인 필요.,통계 수치 유형 — 출처 미확인
198,2026-08-07-housing-auto-5dd703,https://honsamnote.co.kr/blog/2026-08-07-housing-auto-5dd703/,"혼자 사는 직장인, 갑자기 이사 가야 하는데 다음 세입자 직접 구하라니? 계약 중도 해지 부담 줄이는 현실적인 방법",법률,법률,보증금 반환은 새로운 세입자의 잔금일과 맞물리는 경우가 많으므로 이사 일정을 잘 조율해야 합니다.,보증금 반환,NEEDS_EXTERNAL_VERIFICATION,정부기관·법령 원문·지자체,,2026-08-18,,NEEDS_EXTERNAL_VERIFICATION — 공식 출처 확인 후 처리,자동 분류
205,2026-08-07-housing-auto-eb35f1,https://honsamnote.co.kr/blog/2026-08-07-housing-auto-eb35f1/,"혼자 사는 직장인, 우리 집 소소한 고장! 매번 사람 부를까, 직접 고쳐볼까? DIY vs. 출장 수리, 내 돈 아끼는 현명한 선택 가이드",법률,법률,잘못된 DIY는 오히려 더 큰 손상을 야기하여 보증금 반환 시 문제가 될 수 있습니다.,보증금 반환,NEEDS_EXTERNAL_VERIFICATION,정부기관·법령 원문·지자체,,2026-08-18,,NEEDS_EXTERNAL_VERIFICATION — 공식 출처 확인 후 처리,자동 분류
206,2026-08-07-housing-auto-eb35f1,https://honsamnote.co.kr/blog/2026-08-07-housing-auto-eb35f1/,"혼자 사는 직장인, 우리 집 소소한 고장! 매번 사람 부를까, 직접 고쳐볼까? DIY vs. 출장 수리, 내 돈 아끼는 현명한 선택 가이드",가격,가격범위,(예: 배수구에 거름망 설치， 물 사용 후 건조 등) 비용·시간·주의사항 DIY (자가 수리) 비용: 공구 구매: 간단한 드라이버 세트는 1~2만 원， 만능 렌치나 공구 세트는 3~10만 원대.,2만 원,NEEDS_EXTERNAL_VERIFICATION,정부기관·법령 원문·지자체,,2026-08-18,,NEEDS_EXTERNAL_VERIFICATION — 시장 가격은 변동. 실제 시세 확인 후 범위 표현으로 유지 또는 출처 명기.,가격 유형 + 미해당 패턴 → 외부 확인 필요
207,2026-08-07-housing-auto-eb35f1,https://honsamnote.co.kr/blog/2026-08-07-housing-auto-eb35f1/,"혼자 사는 직장인, 우리 집 소소한 고장! 매번 사람 부를까, 직접 고쳐볼까? DIY vs. 출장 수리, 내 돈 아끼는 현명한 선택 가이드",가격,가격범위,(예: 배수구에 거름망 설치， 물 사용 후 건조 등) 비용·시간·주의사항 DIY (자가 수리) 비용: 공구 구매: 간단한 드라이버 세트는 1~2만 원， 만능 렌치나 공구 세트는 3~10만 원대.,10만 원,NEEDS_EXTERNAL_VERIFICATION,정부기관·법령 원문·지자체,,2026-08-18,,NEEDS_EXTERNAL_VERIFICATION — 시장 가격은 변동. 실제 시세 확인 후 범위 표현으로 유지 또는 출처 명기.,가격 유형 + 미해당 패턴 → 외부 확인 필요
208,2026-08-07-housing-auto-eb35f1,https://honsamnote.co.kr/blog/2026-08-07-housing-auto-eb35f1/,"혼자 사는 직장인, 우리 집 소소한 고장! 매번 사람 부를까, 직접 고쳐볼까? DIY vs. 출장 수리, 내 돈 아끼는 현명한 선택 가이드",가격,가격범위,재료비: 실리콘， 테이프， 나사， 소모품 등은 몇천 원~1만원 내외.,1만원,NEEDS_EXTERNAL_VERIFICATION,정부기관·법령 원문·지자체,,2026-08-18,,NEEDS_EXTERNAL_VERIFICATION — 시장 가격은 변동. 실제 시세 확인 후 범위 표현으로 유지 또는 출처 명기.,가격 유형 + 미해당 패턴 → 외부 확인 필요
209,2026-08-07-housing-auto-eb35f1,https://honsamnote.co.kr/blog/2026-08-07-housing-auto-eb35f1/,"혼자 사는 직장인, 우리 집 소소한 고장! 매번 사람 부를까, 직접 고쳐볼까? DIY vs. 출장 수리, 내 돈 아끼는 현명한 선택 가이드",가격,가격범위,총비용: 건당 최소 몇천 원에서 최대 2~3만원 내외.,3만원,NEEDS_EXTERNAL_VERIFICATION,정부기관·법령 원문·지자체,,2026-08-18,,NEEDS_EXTERNAL_VERIFICATION — 시장 가격은 변동. 실제 시세 확인 후 범위 표현으로 유지 또는 출처 명기.,가격 유형 + 미해당 패턴 → 외부 확인 필요
210,2026-08-07-housing-auto-eb35f1,https://honsamnote.co.kr/blog/2026-08-07-housing-auto-eb35f1/,"혼자 사는 직장인, 우리 집 소소한 고장! 매번 사람 부를까, 직접 고쳐볼까? DIY vs. 출장 수리, 내 돈 아끼는 현명한 선택 가이드",가격,가격범위,출장 수리 서비스 비용: 기본 출장비: 일반적으로 2~5만 원 (지역， 시간대， 업체에 따라 상이).,5만 원,NEEDS_EXTERNAL_VERIFICATION,정부기관·법령 원문·지자체,,2026-08-18,,NEEDS_EXTERNAL_VERIFICATION — 시장 가격은 변동. 실제 시세 확인 후 범위 표현으로 유지 또는 출처 명기.,가격 유형 + 미해당 패턴 → 외부 확인 필요
211,2026-08-07-housing-auto-eb35f1,https://honsamnote.co.kr/blog/2026-08-07-housing-auto-eb35f1/,"혼자 사는 직장인, 우리 집 소소한 고장! 매번 사람 부를까, 직접 고쳐볼까? DIY vs. 출장 수리, 내 돈 아끼는 현명한 선택 가이드",가격,가격범위,수리비: 고장 유형과 난이도에 따라 3만 원~10만 원 이상.,3만 원,NEEDS_EXTERNAL_VERIFICATION,정부기관·법령 원문·지자체,,2026-08-18,,NEEDS_EXTERNAL_VERIFICATION — 시장 가격은 변동. 실제 시세 확인 후 범위 표현으로 유지 또는 출처 명기.,가격 유형 + 미해당 패턴 → 외부 확인 필요
212,2026-08-07-housing-auto-eb35f1,https://honsamnote.co.kr/blog/2026-08-07-housing-auto-eb35f1/,"혼자 사는 직장인, 우리 집 소소한 고장! 매번 사람 부를까, 직접 고쳐볼까? DIY vs. 출장 수리, 내 돈 아끼는 현명한 선택 가이드",가격,가격범위,총비용: 간단한 수리도 보통 5만원 이상， 복잡한 경우 10만원 이상 발생할 수 있습니다.,5만원,NEEDS_EXTERNAL_VERIFICATION,정부기관·법령 원문·지자체,,2026-08-18,,NEEDS_EXTERNAL_VERIFICATION — 시장 가격은 변동. 실제 시세 확인 후 범위 표현으로 유지 또는 출처 명기.,가격 유형 + 미해당 패턴 → 외부 확인 필요
213,2026-08-07-housing-auto-eb35f1,https://honsamnote.co.kr/blog/2026-08-07-housing-auto-eb35f1/,"혼자 사는 직장인, 우리 집 소소한 고장! 매번 사람 부를까, 직접 고쳐볼까? DIY vs. 출장 수리, 내 돈 아끼는 현명한 선택 가이드",가격,가격범위,총비용: 간단한 수리도 보통 5만원 이상， 복잡한 경우 10만원 이상 발생할 수 있습니다.,10만원,NEEDS_EXTERNAL_VERIFICATION,정부기관·법령 원문·지자체,,2026-08-18,,NEEDS_EXTERNAL_VERIFICATION — 시장 가격은 변동. 실제 시세 확인 후 범위 표현으로 유지 또는 출처 명기.,가격 유형 + 미해당 패턴 → 외부 확인 필요
214,2026-08-07-safety-auto-5a549d,https://honsamnote.co.kr/blog/2026-08-07-safety-auto-5a549d/,"혼자 사는 당신, 중요한 서류나 귀중품을 안전하게 보관할 때: 방화/방수 금고 vs. 보안 서류함, 나에게 맞는 선택은?",가격,가격범위,비용·시간·주의사항 비용: 방화/방수 금고: 소형 가정용은 대략 20만원대부터 시작하여 크기， 내화/방수 등급， 잠금장치 종류에 따라 수백만원까지 다양합니다.,20만원,NEEDS_EXTERNAL_VERIFICATION,정부기관·법령 원문·지자체,,2026-08-18,,NEEDS_EXTERNAL_VERIFICATION — 시장 가격은 변동. 실제 시세 확인 후 범위 표현으로 유지 또는 출처 명기.,가격 유형 + 미해당 패턴 → 외부 확인 필요
215,2026-08-07-safety-auto-5a549d,https://honsamnote.co.kr/blog/2026-08-07-safety-auto-5a549d/,"혼자 사는 당신, 중요한 서류나 귀중품을 안전하게 보관할 때: 방화/방수 금고 vs. 보안 서류함, 나에게 맞는 선택은?",가격,가격범위,가정용 보안 서류함/스마트 보관함: 5만원대부터 20만원대까지 폭넓게 형성되어 있습니다.,5만원,NEEDS_EXTERNAL_VERIFICATION,정부기관·법령 원문·지자체,,2026-08-18,,NEEDS_EXTERNAL_VERIFICATION — 시장 가격은 변동. 실제 시세 확인 후 범위 표현으로 유지 또는 출처 명기.,가격 유형 + 미해당 패턴 → 외부 확인 필요
216,2026-08-07-safety-auto-5a549d,https://honsamnote.co.kr/blog/2026-08-07-safety-auto-5a549d/,"혼자 사는 당신, 중요한 서류나 귀중품을 안전하게 보관할 때: 방화/방수 금고 vs. 보안 서류함, 나에게 맞는 선택은?",통계,통계수치,100%는 없다: 어떤 보관 솔루션도 100% 안전을 보장하지 않습니다.,100%,NEEDS_EXTERNAL_VERIFICATION,정부기관·법령 원문·지자체,,2026-08-18,,NEEDS_EXTERNAL_VERIFICATION — 수치 출처 확인 필요.,통계 수치 유형 — 출처 미확인
217,2026-08-07-safety-auto-6b24c5,https://honsamnote.co.kr/blog/2026-08-07-safety-auto-6b24c5/,"혼자 사는 당신, 새 집 이사 직후 '이것' 안 하면 위험! 도어락 비밀번호와 열쇠 관리 안전 가이드",법률,법률,집주인과 상의 없이 임의 변경: 임대인의 동의 없이 현관 잠금장치를 임의로 변경하면， 퇴거 시 원상복구 문제， 보증금 미반환 등 법적 분쟁으로 이어질 수 있습니다.,보증금 미반환,NEEDS_EXTERNAL_VERIFICATION,정부기관·법령 원문·지자체,,2026-08-18,,NEEDS_EXTERNAL_VERIFICATION — 공식 출처 확인 후 처리,자동 분류
218,2026-08-07-safety-auto-6b24c5,https://honsamnote.co.kr/blog/2026-08-07-safety-auto-6b24c5/,"혼자 사는 당신, 새 집 이사 직후 '이것' 안 하면 위험! 도어락 비밀번호와 열쇠 관리 안전 가이드",가격,가격범위,비용: 도어락 비밀번호 변경: 0원 (자가) 물리 열쇠 실린더 교체 (DIY 부품): 2만 원 ~ 10만 원 (제품 및 난이도에 따라 상이) 물리 열쇠 실린더 교체 (전문가 출장): 5만 원 ~ 15만 원 (출장비， 실린더 종류， 야간 할증 등에 따라 상이) 보조키/안전고리 설치: 1만 원 ~ 5만 원 (제품 및 자가 설치 여부에 따라 상이) 시간: 비밀번,2만 원,NEEDS_EXTERNAL_VERIFICATION,정부기관·법령 원문·지자체,,2026-08-18,,NEEDS_EXTERNAL_VERIFICATION — 시장 가격은 변동. 실제 시세 확인 후 범위 표현으로 유지 또는 출처 명기.,가격 유형 + 미해당 패턴 → 외부 확인 필요
219,2026-08-07-safety-auto-6b24c5,https://honsamnote.co.kr/blog/2026-08-07-safety-auto-6b24c5/,"혼자 사는 당신, 새 집 이사 직후 '이것' 안 하면 위험! 도어락 비밀번호와 열쇠 관리 안전 가이드",가격,가격범위,비용: 도어락 비밀번호 변경: 0원 (자가) 물리 열쇠 실린더 교체 (DIY 부품): 2만 원 ~ 10만 원 (제품 및 난이도에 따라 상이) 물리 열쇠 실린더 교체 (전문가 출장): 5만 원 ~ 15만 원 (출장비， 실린더 종류， 야간 할증 등에 따라 상이) 보조키/안전고리 설치: 1만 원 ~ 5만 원 (제품 및 자가 설치 여부에 따라 상이) 시간: 비밀번,10만 원,NEEDS_EXTERNAL_VERIFICATION,정부기관·법령 원문·지자체,,2026-08-18,,NEEDS_EXTERNAL_VERIFICATION — 시장 가격은 변동. 실제 시세 확인 후 범위 표현으로 유지 또는 출처 명기.,가격 유형 + 미해당 패턴 → 외부 확인 필요
220,2026-08-07-safety-auto-6b24c5,https://honsamnote.co.kr/blog/2026-08-07-safety-auto-6b24c5/,"혼자 사는 당신, 새 집 이사 직후 '이것' 안 하면 위험! 도어락 비밀번호와 열쇠 관리 안전 가이드",가격,가격범위,비용: 도어락 비밀번호 변경: 0원 (자가) 물리 열쇠 실린더 교체 (DIY 부품): 2만 원 ~ 10만 원 (제품 및 난이도에 따라 상이) 물리 열쇠 실린더 교체 (전문가 출장): 5만 원 ~ 15만 원 (출장비， 실린더 종류， 야간 할증 등에 따라 상이) 보조키/안전고리 설치: 1만 원 ~ 5만 원 (제품 및 자가 설치 여부에 따라 상이) 시간: 비밀번,5만 원,NEEDS_EXTERNAL_VERIFICATION,정부기관·법령 원문·지자체,,2026-08-18,,NEEDS_EXTERNAL_VERIFICATION — 시장 가격은 변동. 실제 시세 확인 후 범위 표현으로 유지 또는 출처 명기.,가격 유형 + 미해당 패턴 → 외부 확인 필요
221,2026-08-07-safety-auto-6b24c5,https://honsamnote.co.kr/blog/2026-08-07-safety-auto-6b24c5/,"혼자 사는 당신, 새 집 이사 직후 '이것' 안 하면 위험! 도어락 비밀번호와 열쇠 관리 안전 가이드",가격,가격범위,비용: 도어락 비밀번호 변경: 0원 (자가) 물리 열쇠 실린더 교체 (DIY 부품): 2만 원 ~ 10만 원 (제품 및 난이도에 따라 상이) 물리 열쇠 실린더 교체 (전문가 출장): 5만 원 ~ 15만 원 (출장비， 실린더 종류， 야간 할증 등에 따라 상이) 보조키/안전고리 설치: 1만 원 ~ 5만 원 (제품 및 자가 설치 여부에 따라 상이) 시간: 비밀번,15만 원,NEEDS_EXTERNAL_VERIFICATION,정부기관·법령 원문·지자체,,2026-08-18,,NEEDS_EXTERNAL_VERIFICATION — 시장 가격은 변동. 실제 시세 확인 후 범위 표현으로 유지 또는 출처 명기.,가격 유형 + 미해당 패턴 → 외부 확인 필요
222,2026-08-07-safety-auto-6b24c5,https://honsamnote.co.kr/blog/2026-08-07-safety-auto-6b24c5/,"혼자 사는 당신, 새 집 이사 직후 '이것' 안 하면 위험! 도어락 비밀번호와 열쇠 관리 안전 가이드",가격,가격범위,비용: 도어락 비밀번호 변경: 0원 (자가) 물리 열쇠 실린더 교체 (DIY 부품): 2만 원 ~ 10만 원 (제품 및 난이도에 따라 상이) 물리 열쇠 실린더 교체 (전문가 출장): 5만 원 ~ 15만 원 (출장비， 실린더 종류， 야간 할증 등에 따라 상이) 보조키/안전고리 설치: 1만 원 ~ 5만 원 (제품 및 자가 설치 여부에 따라 상이) 시간: 비밀번,1만 원,NEEDS_EXTERNAL_VERIFICATION,정부기관·법령 원문·지자체,,2026-08-18,,NEEDS_EXTERNAL_VERIFICATION — 시장 가격은 변동. 실제 시세 확인 후 범위 표현으로 유지 또는 출처 명기.,가격 유형 + 미해당 패턴 → 외부 확인 필요
223,2026-08-07-safety-auto-6b24c5,https://honsamnote.co.kr/blog/2026-08-07-safety-auto-6b24c5/,"혼자 사는 당신, 새 집 이사 직후 '이것' 안 하면 위험! 도어락 비밀번호와 열쇠 관리 안전 가이드",가격,가격범위,비용: 도어락 비밀번호 변경: 0원 (자가) 물리 열쇠 실린더 교체 (DIY 부품): 2만 원 ~ 10만 원 (제품 및 난이도에 따라 상이) 물리 열쇠 실린더 교체 (전문가 출장): 5만 원 ~ 15만 원 (출장비， 실린더 종류， 야간 할증 등에 따라 상이) 보조키/안전고리 설치: 1만 원 ~ 5만 원 (제품 및 자가 설치 여부에 따라 상이) 시간: 비밀번,0원,NEEDS_EXTERNAL_VERIFICATION,정부기관·법령 원문·지자체,,2026-08-18,,NEEDS_EXTERNAL_VERIFICATION — 시장 가격은 변동. 실제 시세 확인 후 범위 표현으로 유지 또는 출처 명기.,가격 유형 + 미해당 패턴 → 외부 확인 필요
226,2026-08-08-housing-auto-8b0461,https://honsamnote.co.kr/blog/2026-08-08-housing-auto-8b0461/,"혼자 사는 직장인, 새집 입주 후 당황스러운 전기·가스·수도 명의 변경! 순서대로 해결하고 요금 폭탄 피하는 법",법률,법률,보증금 분쟁: 이사 나갈 때 공과금 정산 문제가 명확하지 않으면 보증금 반환에도 문제가 생길 수 있습니다.,보증금 반환,NEEDS_EXTERNAL_VERIFICATION,정부기관·법령 원문·지자체,,2026-08-18,,NEEDS_EXTERNAL_VERIFICATION — 공식 출처 확인 후 처리,자동 분류
227,2026-08-08-housing-auto-8b0461,https://honsamnote.co.kr/blog/2026-08-08-housing-auto-8b0461/,"혼자 사는 직장인, 새집 입주 후 당황스러운 전기·가스·수도 명의 변경! 순서대로 해결하고 요금 폭탄 피하는 법",가격,가격범위,도시가스 연결/해지: 출장비가 발생할 수 있습니다 (보통 1~2만 원대).,2만 원,NEEDS_EXTERNAL_VERIFICATION,정부기관·법령 원문·지자체,,2026-08-18,,NEEDS_EXTERNAL_VERIFICATION — 시장 가격은 변동. 실제 시세 확인 후 범위 표현으로 유지 또는 출처 명기.,가격 유형 + 미해당 패턴 → 외부 확인 필요
228,2026-08-08-housing-auto-d2c1ed,https://honsamnote.co.kr/blog/2026-08-08-housing-auto-d2c1ed/,"혼자 사는 직장인, 이사 갈 때 퇴실 청소? 셀프 vs 전문 업체, 보증금 지키는 현명한 선택 가이드",가격,가격범위,비용·시간·주의사항 셀프 청소 비용: 청소 도구 및 세제 구입 비용 약 2만원 ~ 5만원.,2만원,NEEDS_EXTERNAL_VERIFICATION,정부기관·법령 원문·지자체,,2026-08-18,,NEEDS_EXTERNAL_VERIFICATION — 시장 가격은 변동. 실제 시세 확인 후 범위 표현으로 유지 또는 출처 명기.,가격 유형 + 미해당 패턴 → 외부 확인 필요
229,2026-08-08-housing-auto-d2c1ed,https://honsamnote.co.kr/blog/2026-08-08-housing-auto-d2c1ed/,"혼자 사는 직장인, 이사 갈 때 퇴실 청소? 셀프 vs 전문 업체, 보증금 지키는 현명한 선택 가이드",가격,가격범위,비용·시간·주의사항 셀프 청소 비용: 청소 도구 및 세제 구입 비용 약 2만원 ~ 5만원.,5만원,NEEDS_EXTERNAL_VERIFICATION,정부기관·법령 원문·지자체,,2026-08-18,,NEEDS_EXTERNAL_VERIFICATION — 시장 가격은 변동. 실제 시세 확인 후 범위 표현으로 유지 또는 출처 명기.,가격 유형 + 미해당 패턴 → 외부 확인 필요
230,2026-08-08-housing-auto-d2c1ed,https://honsamnote.co.kr/blog/2026-08-08-housing-auto-d2c1ed/,"혼자 사는 직장인, 이사 갈 때 퇴실 청소? 셀프 vs 전문 업체, 보증금 지키는 현명한 선택 가이드",가격,가격범위,전문 청소 업체 비용: 원룸/오피스텔 기준 10만원 ~ 25만원.,10만원,NEEDS_EXTERNAL_VERIFICATION,정부기관·법령 원문·지자체,,2026-08-18,,NEEDS_EXTERNAL_VERIFICATION — 시장 가격은 변동. 실제 시세 확인 후 범위 표현으로 유지 또는 출처 명기.,가격 유형 + 미해당 패턴 → 외부 확인 필요
231,2026-08-08-housing-auto-d2c1ed,https://honsamnote.co.kr/blog/2026-08-08-housing-auto-d2c1ed/,"혼자 사는 직장인, 이사 갈 때 퇴실 청소? 셀프 vs 전문 업체, 보증금 지키는 현명한 선택 가이드",가격,가격범위,전문 청소 업체 비용: 원룸/오피스텔 기준 10만원 ~ 25만원.,25만원,NEEDS_EXTERNAL_VERIFICATION,정부기관·법령 원문·지자체,,2026-08-18,,NEEDS_EXTERNAL_VERIFICATION — 시장 가격은 변동. 실제 시세 확인 후 범위 표현으로 유지 또는 출처 명기.,가격 유형 + 미해당 패턴 → 외부 확인 필요
232,2026-08-08-housing-auto-d2c1ed,https://honsamnote.co.kr/blog/2026-08-08-housing-auto-d2c1ed/,"혼자 사는 직장인, 이사 갈 때 퇴실 청소? 셀프 vs 전문 업체, 보증금 지키는 현명한 선택 가이드",가격,가격범위,(기존 보유 시 0원) 시간: 원룸/오피스텔 기준 4시간 ~ 10시간 이상 (집의 오염도， 평수， 개인의 청소 속도에 따라 천차만별).,0원),NEEDS_EXTERNAL_VERIFICATION,정부기관·법령 원문·지자체,,2026-08-18,,NEEDS_EXTERNAL_VERIFICATION — 시장 가격은 변동. 실제 시세 확인 후 범위 표현으로 유지 또는 출처 명기.,가격 유형 + 미해당 패턴 → 외부 확인 필요
233,2026-08-08-housing-auto-d2c1ed,https://honsamnote.co.kr/blog/2026-08-08-housing-auto-d2c1ed/,"혼자 사는 직장인, 이사 갈 때 퇴실 청소? 셀프 vs 전문 업체, 보증금 지키는 현명한 선택 가이드",통계,통계수치,비용·시간·주의사항 셀프 청소 비용: 청소 도구 및 세제 구입 비용 약 2만원 ~ 5만원.,약 2,NEEDS_EXTERNAL_VERIFICATION,정부기관·법령 원문·지자체,,2026-08-18,,NEEDS_EXTERNAL_VERIFICATION — 수치 출처 확인 필요.,통계 수치 유형 — 출처 미확인
236,2026-08-08-safety-auto-2186aa,https://honsamnote.co.kr/blog/2026-08-08-safety-auto-2186aa/,"혼자 사는 당신, 응급상황 시 내 몸이 말 못 할 때? 비상 의료 정보 카드 vs. 스마트폰 응급 ID, 어떤 대비가 나에게 맞을까?",가격,가격범위,전문 업체에 제작을 맡기면 5천 원 ~ 2만 원 수준입니다.,2만 원,NEEDS_EXTERNAL_VERIFICATION,정부기관·법령 원문·지자체,,2026-08-18,,NEEDS_EXTERNAL_VERIFICATION — 시장 가격은 변동. 실제 시세 확인 후 범위 표현으로 유지 또는 출처 명기.,가격 유형 + 미해당 패턴 → 외부 확인 필요
237,2026-08-08-safety-auto-2186aa,https://honsamnote.co.kr/blog/2026-08-08-safety-auto-2186aa/,"혼자 사는 당신, 응급상황 시 내 몸이 말 못 할 때? 비상 의료 정보 카드 vs. 스마트폰 응급 ID, 어떤 대비가 나에게 맞을까?",가격,가격범위,의료 정보 각인 팔찌/목걸이: 재질과 디자인에 따라 1만 원 ~ 5만 원 이상입니다.,1만 원,NEEDS_EXTERNAL_VERIFICATION,정부기관·법령 원문·지자체,,2026-08-18,,NEEDS_EXTERNAL_VERIFICATION — 시장 가격은 변동. 실제 시세 확인 후 범위 표현으로 유지 또는 출처 명기.,가격 유형 + 미해당 패턴 → 외부 확인 필요
238,2026-08-08-safety-auto-2186aa,https://honsamnote.co.kr/blog/2026-08-08-safety-auto-2186aa/,"혼자 사는 당신, 응급상황 시 내 몸이 말 못 할 때? 비상 의료 정보 카드 vs. 스마트폰 응급 ID, 어떤 대비가 나에게 맞을까?",가격,가격범위,의료 정보 각인 팔찌/목걸이: 재질과 디자인에 따라 1만 원 ~ 5만 원 이상입니다.,5만 원,NEEDS_EXTERNAL_VERIFICATION,정부기관·법령 원문·지자체,,2026-08-18,,NEEDS_EXTERNAL_VERIFICATION — 시장 가격은 변동. 실제 시세 확인 후 범위 표현으로 유지 또는 출처 명기.,가격 유형 + 미해당 패턴 → 외부 확인 필요
239,2026-08-08-safety-auto-2186aa,https://honsamnote.co.kr/blog/2026-08-08-safety-auto-2186aa/,"혼자 사는 당신, 응급상황 시 내 몸이 말 못 할 때? 비상 의료 정보 카드 vs. 스마트폰 응급 ID, 어떤 대비가 나에게 맞을까?",가격,가격범위,스마트폰 응급 ID: 별도의 비용 없이 스마트폰 기능을 활용하는 것이므로 0원입니다.,0원입,NEEDS_EXTERNAL_VERIFICATION,정부기관·법령 원문·지자체,,2026-08-18,,NEEDS_EXTERNAL_VERIFICATION — 시장 가격은 변동. 실제 시세 확인 후 범위 표현으로 유지 또는 출처 명기.,가격 유형 + 미해당 패턴 → 외부 확인 필요
240,2026-08-09-housing-auto-da13ec,https://honsamnote.co.kr/blog/2026-08-09-housing-auto-da13ec/,나 홀로 이사 체크리스트｜이사 당일,법률,법률,이는 당신의 보증금을 보호하는 가장 중요한 절차입니다.,보증금을 보호,NEEDS_EXTERNAL_VERIFICATION,정부기관·법령 원문·지자체,,2026-08-18,,NEEDS_EXTERNAL_VERIFICATION — 공식 출처 확인 후 처리,자동 분류
241,2026-08-09-housing-auto-da13ec,https://honsamnote.co.kr/blog/2026-08-09-housing-auto-da13ec/,나 홀로 이사 체크리스트｜이사 당일,법률,법률,또한， 우편물 주소 변경이나 전입신고， 확정일자를 미루면 보증금을 보호받기 어렵거나 중요한 서신을 놓칠 수 있습니다.,확정일자를 미루면 보증금을 보호,NEEDS_EXTERNAL_VERIFICATION,정부기관·법령 원문·지자체,,2026-08-18,,NEEDS_EXTERNAL_VERIFICATION — 공식 출처 확인 후 처리,자동 분류
242,2026-08-10-housing-auto-4bca9b,https://honsamnote.co.kr/blog/2026-08-10-housing-auto-4bca9b/,"혼자 사는 직장인, 집주인이 내가 사는 집을 팔겠다고? 잦은 방문 요청에도 사생활 지키며 현명하게 대처하는 법",법률,법률,합리적인 협조: 너무 비협조적이면 집주인과의 관계가 틀어질 수 있고， 퇴거 시 보증금 반환 지연 등 불이익을 받을 수도 있습니다.,보증금 반환,NEEDS_EXTERNAL_VERIFICATION,정부기관·법령 원문·지자체,,2026-08-18,,NEEDS_EXTERNAL_VERIFICATION — 공식 출처 확인 후 처리,자동 분류
243,2026-08-11-housing-auto-a2f088,https://honsamnote.co.kr/blog/2026-08-11-housing-auto-a2f088/,문제성 집 체크리스트｜전월세 계약,법률,법률,"""임대인은 임차인의 전세 보증금 반환을 위해 해당 주택에 설정된 근저당권을 말소하고 잔금 지급일까지 보증금보다 선순위 채권이 없도록 한다."" (전세 시) ""도배， 장판 등 기본적인 시설물 보수는 임대인이 책임진다."" (노후 주택의 경우) ""누수， 보일러 고장 등 중요 시설물의 하자가 발생할 경우， 임대인이 즉시 수리하고 비용을 부담한다."" 비용·시간·주의사",보증금 반환,NEEDS_EXTERNAL_VERIFICATION,정부기관·법령 원문·지자체,,2026-08-18,,NEEDS_EXTERNAL_VERIFICATION — 공식 출처 확인 후 처리,자동 분류
244,2026-08-11-housing-auto-a2f088,https://honsamnote.co.kr/blog/2026-08-11-housing-auto-a2f088/,문제성 집 체크리스트｜전월세 계약,법률,법률,체크리스트집 현장 점검 (물리적 하자/생활 편의성): [ ] 냄새 (하수구， 곰팡이) 및 습도 [ ] 수압 및 배수 (싱크대， 세면대， 변기) [ ] 창문 및 현관문 (개폐， 잠금장치， 외풍) [ ] 벽면， 천장 (누수， 곰팡이， 벽지 상태) [ ] 소음 (외부， 이웃) [ ] 주변 환경 (교통， 편의시설， 치안， 유해 시설 유무)부동산 공적 장부 확인,보증금 보호,NEEDS_EXTERNAL_VERIFICATION,정부기관·법령 원문·지자체,,2026-08-18,,NEEDS_EXTERNAL_VERIFICATION — 공식 출처 확인 후 처리,자동 분류
245,2026-08-11-housing-auto-a2f088,https://honsamnote.co.kr/blog/2026-08-11-housing-auto-a2f088/,문제성 집 체크리스트｜전월세 계약,법률,법률,특히 전세라면 '선순위 임차인'으로서 보호받을 수 있는지 꼼꼼히 따져봐야 합니다.,임차인'으로서 보호,NEEDS_EXTERNAL_VERIFICATION,정부기관·법령 원문·지자체,,2026-08-18,,NEEDS_EXTERNAL_VERIFICATION — 공식 출처 확인 후 처리,자동 분류
249,2026-08-11-safety-auto-197473,https://honsamnote.co.kr/blog/2026-08-11-safety-auto-197473/,"혼자 사는 당신, 집에서 넘어져 움직일 수 없을까 걱정될 때: 웨어러블 낙상 감지기 vs. 공간형 비접촉 센서, 나에게 맞는 안전 선택은?",가격,가격범위,비용·시간·주의사항 비용: 웨어러블 낙상 감지기: 스마트워치(20만~80만원대)， 전용 낙상 감지 펜던트(10만~30만원대).,80만원,NEEDS_EXTERNAL_VERIFICATION,정부기관·법령 원문·지자체,,2026-08-18,,NEEDS_EXTERNAL_VERIFICATION — 시장 가격은 변동. 실제 시세 확인 후 범위 표현으로 유지 또는 출처 명기.,가격 유형 + 미해당 패턴 → 외부 확인 필요
250,2026-08-11-safety-auto-197473,https://honsamnote.co.kr/blog/2026-08-11-safety-auto-197473/,"혼자 사는 당신, 집에서 넘어져 움직일 수 없을까 걱정될 때: 웨어러블 낙상 감지기 vs. 공간형 비접촉 센서, 나에게 맞는 안전 선택은?",가격,가격범위,비용·시간·주의사항 비용: 웨어러블 낙상 감지기: 스마트워치(20만~80만원대)， 전용 낙상 감지 펜던트(10만~30만원대).,30만원,NEEDS_EXTERNAL_VERIFICATION,정부기관·법령 원문·지자체,,2026-08-18,,NEEDS_EXTERNAL_VERIFICATION — 시장 가격은 변동. 실제 시세 확인 후 범위 표현으로 유지 또는 출처 명기.,가격 유형 + 미해당 패턴 → 외부 확인 필요
251,2026-08-11-safety-auto-197473,https://honsamnote.co.kr/blog/2026-08-11-safety-auto-197473/,"혼자 사는 당신, 집에서 넘어져 움직일 수 없을까 걱정될 때: 웨어러블 낙상 감지기 vs. 공간형 비접촉 센서, 나에게 맞는 안전 선택은?",가격,가격범위,일부 제품은 GPS 추적이나 24시간 모니터링 서비스 가입 시 월 구독료(1만~3만원대)가 발생할 수 있습니다.,3만원,NEEDS_EXTERNAL_VERIFICATION,정부기관·법령 원문·지자체,,2026-08-18,,NEEDS_EXTERNAL_VERIFICATION — 시장 가격은 변동. 실제 시세 확인 후 범위 표현으로 유지 또는 출처 명기.,가격 유형 + 미해당 패턴 → 외부 확인 필요
252,2026-08-11-safety-auto-197473,https://honsamnote.co.kr/blog/2026-08-11-safety-auto-197473/,"혼자 사는 당신, 집에서 넘어져 움직일 수 없을까 걱정될 때: 웨어러블 낙상 감지기 vs. 공간형 비접촉 센서, 나에게 맞는 안전 선택은?",가격,가격범위,공간형 비접촉 센서: 레이더 센서 기반 감지기(10만~50만원대)， 스마트홈 연동형 모션 센서(3만~10만원대).,50만원,NEEDS_EXTERNAL_VERIFICATION,정부기관·법령 원문·지자체,,2026-08-18,,NEEDS_EXTERNAL_VERIFICATION — 시장 가격은 변동. 실제 시세 확인 후 범위 표현으로 유지 또는 출처 명기.,가격 유형 + 미해당 패턴 → 외부 확인 필요
253,2026-08-11-safety-auto-197473,https://honsamnote.co.kr/blog/2026-08-11-safety-auto-197473/,"혼자 사는 당신, 집에서 넘어져 움직일 수 없을까 걱정될 때: 웨어러블 낙상 감지기 vs. 공간형 비접촉 센서, 나에게 맞는 안전 선택은?",가격,가격범위,공간형 비접촉 센서: 레이더 센서 기반 감지기(10만~50만원대)， 스마트홈 연동형 모션 센서(3만~10만원대).,10만원,NEEDS_EXTERNAL_VERIFICATION,정부기관·법령 원문·지자체,,2026-08-18,,NEEDS_EXTERNAL_VERIFICATION — 시장 가격은 변동. 실제 시세 확인 후 범위 표현으로 유지 또는 출처 명기.,가격 유형 + 미해당 패턴 → 외부 확인 필요
254,2026-08-11-safety-auto-197473,https://honsamnote.co.kr/blog/2026-08-11-safety-auto-197473/,"혼자 사는 당신, 집에서 넘어져 움직일 수 없을까 걱정될 때: 웨어러블 낙상 감지기 vs. 공간형 비접촉 센서, 나에게 맞는 안전 선택은?",통계,통계수치,중요한 것은 어떤 시스템이든 100% 완벽하지 않다는 점을 인지하고， 본인의 활동성， 프라이버시 민감도， 예산 등을 종합적으로 고려하여 결정해야 합니다.,100%,NEEDS_EXTERNAL_VERIFICATION,정부기관·법령 원문·지자체,,2026-08-18,,NEEDS_EXTERNAL_VERIFICATION — 수치 출처 확인 필요.,통계 수치 유형 — 출처 미확인
256,2026-08-12-housing-auto-f420ec,https://honsamnote.co.kr/blog/2026-08-12-housing-auto-f420ec/,"혼자 사는 직장인, 집주인이 몰래 문 따고 들어왔다면? 내 사생활과 보증금 지키는 똑똑한 대처법",법률,법률,임대차 계약 해지: 집주인의 무단 침입은 임대차 계약의 중대한 위반 사유가 되므로， 계약 해지를 요구하고 보증금 반환을 청구할 수 있습니다.,보증금 반환,NEEDS_EXTERNAL_VERIFICATION,정부기관·법령 원문·지자체,,2026-08-18,,NEEDS_EXTERNAL_VERIFICATION — 공식 출처 확인 후 처리,자동 분류
257,2026-08-12-housing-auto-f420ec,https://honsamnote.co.kr/blog/2026-08-12-housing-auto-f420ec/,"혼자 사는 직장인, 집주인이 몰래 문 따고 들어왔다면? 내 사생활과 보증금 지키는 똑똑한 대처법",법률,법률,주거침입죄는 3년 이하의 징역 또는 500만원 이하의 벌금에 처해질 수 있는 범죄입니다.,벌금,NEEDS_EXTERNAL_VERIFICATION,정부기관·법령 원문·지자체,,2026-08-18,,NEEDS_EXTERNAL_VERIFICATION — 공식 출처 확인 후 처리,자동 분류
260,2026-08-13-housing-auto-0fa740,https://honsamnote.co.kr/blog/2026-08-13-housing-auto-0fa740/,"혼자 사는 직장인, 보증금 떼일까 불안하다면? 전월세 보증보험 vs 셀프 대비, 내 돈 지키는 현명한 선택 가이드",법률,법률,1단계: 전월세 보증보험 가입 (가장 확실한 방법)보증보험 종류 파악: 전세 보증금 반환 보증: 전세 계약자를 위한 상품으로， 주택도시보증공사(HUG)， 한국주택금융공사(HF)， 서울보증보험(SGI) 등에서 취급합니다.,보증금 반환,NEEDS_EXTERNAL_VERIFICATION,정부기관·법령 원문·지자체,,2026-08-18,,NEEDS_EXTERNAL_VERIFICATION — 공식 출처 확인 후 처리,자동 분류
261,2026-08-13-housing-auto-0fa740,https://honsamnote.co.kr/blog/2026-08-13-housing-auto-0fa740/,"혼자 사는 직장인, 보증금 떼일까 불안하다면? 전월세 보증보험 vs 셀프 대비, 내 돈 지키는 현명한 선택 가이드",법률,법률,"이렇게 하면 오히려 악화됩니다 '설마' 하는 안일한 생각: ""설마 나한테 그런 일이 생기겠어?""라고 생각하며 보증금 보호를 위한 아무런 조치도 취하지 않는다면， 실제 문제가 발생했을 때 속수무책일 수 있습니다.",보증금 보호,NEEDS_EXTERNAL_VERIFICATION,정부기관·법령 원문·지자체,,2026-08-18,,NEEDS_EXTERNAL_VERIFICATION — 공식 출처 확인 후 처리,자동 분류
262,2026-08-13-housing-auto-0fa740,https://honsamnote.co.kr/blog/2026-08-13-housing-auto-0fa740/,"혼자 사는 직장인, 보증금 떼일까 불안하다면? 전월세 보증보험 vs 셀프 대비, 내 돈 지키는 현명한 선택 가이드",법률,법률,전입신고， 확정일자 늦장 처리: 이사는 힘들고 바쁘다는 핑계로 전입신고와 확정일자를 늦게 받으면， 그 사이에 집주인에게 다른 채무가 발생할 경우 보증금을 보호받기 어려워질 수 있습니다.,보증금을 보호,NEEDS_EXTERNAL_VERIFICATION,정부기관·법령 원문·지자체,,2026-08-18,,NEEDS_EXTERNAL_VERIFICATION — 공식 출처 확인 후 처리,자동 분류
263,2026-08-13-housing-auto-0fa740,https://honsamnote.co.kr/blog/2026-08-13-housing-auto-0fa740/,"혼자 사는 직장인, 보증금 떼일까 불안하다면? 전월세 보증보험 vs 셀프 대비, 내 돈 지키는 현명한 선택 가이드",법률,법률,전입신고， 확정일자 늦장 처리: 이사는 힘들고 바쁘다는 핑계로 전입신고와 확정일자를 늦게 받으면， 그 사이에 집주인에게 다른 채무가 발생할 경우 보증금을 보호받기 어려워질 수 있습니다.,확정일자를 늦게 받으면,NEEDS_EXTERNAL_VERIFICATION,정부기관·법령 원문·지자체,,2026-08-18,,NEEDS_EXTERNAL_VERIFICATION — 공식 출처 확인 후 처리,자동 분류
264,2026-08-13-housing-auto-0fa740,https://honsamnote.co.kr/blog/2026-08-13-housing-auto-0fa740/,"혼자 사는 직장인, 보증금 떼일까 불안하다면? 전월세 보증보험 vs 셀프 대비, 내 돈 지키는 현명한 선택 가이드",법률,법률,[ ] 보증보험 가입이 어렵거나 불가한 경우， 소액 임차인 최우선 변제권 등 다른 법적 보호장치에 대해 충분히 숙지했는가?,임차인 최우선 변제권 등 다른 법적 보호,NEEDS_EXTERNAL_VERIFICATION,정부기관·법령 원문·지자체,,2026-08-18,,NEEDS_EXTERNAL_VERIFICATION — 공식 출처 확인 후 처리,자동 분류
275,2026-08-14-housing-auto-189ec3,https://honsamnote.co.kr/blog/2026-08-14-housing-auto-189ec3/,"혼자 사는 직장인, 이사/대청소 앞둔 대형 폐기물 처리! 비용 아끼고 깔끔하게 끝내는 현실 가이드",법률,법률,잘못 버렸다간 과태료가 나올까 불안하고， 폐기물 처리 업체에 맡기자니 비용이 만만치 않아 선뜻 엄두가 나지 않습니다.,과태료,NEEDS_EXTERNAL_VERIFICATION,정부기관·법령 원문·지자체,,2026-08-18,,NEEDS_EXTERNAL_VERIFICATION — 공식 출처 확인 후 처리,자동 분류
281,2026-08-14-safety-auto-f47696,https://honsamnote.co.kr/blog/2026-08-14-safety-auto-f47696/,"혼자 사는 당신, 집 열쇠를 잃어버렸을 때: 빈집털이 걱정 없이 안전하게 대처하고 우리 집 지키는 법",가격,가격범위,비용: 스마트 도어락 비밀번호 변경: 0원 (자가 조치) 물리 열쇠 실린더 교체: 약 5만 원 ~ 15만 원 (출장비 포함， 열쇠 종류 및 업체에 따라 상이) 스마트 도어락 전체 교체: 약 10만 원 ~ 30만 원 이상 (제품 종류 및 설치비 포함) 보조 잠금장치 (문 걸쇠 등): 약 1만 원 ~ 3만 원 (셀프 설치 시) 야간/주말 출장 서비스는 추가 할,5만 원,NEEDS_EXTERNAL_VERIFICATION,정부기관·법령 원문·지자체,,2026-08-18,,NEEDS_EXTERNAL_VERIFICATION — 시장 가격은 변동. 실제 시세 확인 후 범위 표현으로 유지 또는 출처 명기.,가격 유형 + 미해당 패턴 → 외부 확인 필요
282,2026-08-14-safety-auto-f47696,https://honsamnote.co.kr/blog/2026-08-14-safety-auto-f47696/,"혼자 사는 당신, 집 열쇠를 잃어버렸을 때: 빈집털이 걱정 없이 안전하게 대처하고 우리 집 지키는 법",가격,가격범위,비용: 스마트 도어락 비밀번호 변경: 0원 (자가 조치) 물리 열쇠 실린더 교체: 약 5만 원 ~ 15만 원 (출장비 포함， 열쇠 종류 및 업체에 따라 상이) 스마트 도어락 전체 교체: 약 10만 원 ~ 30만 원 이상 (제품 종류 및 설치비 포함) 보조 잠금장치 (문 걸쇠 등): 약 1만 원 ~ 3만 원 (셀프 설치 시) 야간/주말 출장 서비스는 추가 할,15만 원,NEEDS_EXTERNAL_VERIFICATION,정부기관·법령 원문·지자체,,2026-08-18,,NEEDS_EXTERNAL_VERIFICATION — 시장 가격은 변동. 실제 시세 확인 후 범위 표현으로 유지 또는 출처 명기.,가격 유형 + 미해당 패턴 → 외부 확인 필요
283,2026-08-14-safety-auto-f47696,https://honsamnote.co.kr/blog/2026-08-14-safety-auto-f47696/,"혼자 사는 당신, 집 열쇠를 잃어버렸을 때: 빈집털이 걱정 없이 안전하게 대처하고 우리 집 지키는 법",가격,가격범위,비용: 스마트 도어락 비밀번호 변경: 0원 (자가 조치) 물리 열쇠 실린더 교체: 약 5만 원 ~ 15만 원 (출장비 포함， 열쇠 종류 및 업체에 따라 상이) 스마트 도어락 전체 교체: 약 10만 원 ~ 30만 원 이상 (제품 종류 및 설치비 포함) 보조 잠금장치 (문 걸쇠 등): 약 1만 원 ~ 3만 원 (셀프 설치 시) 야간/주말 출장 서비스는 추가 할,10만 원,NEEDS_EXTERNAL_VERIFICATION,정부기관·법령 원문·지자체,,2026-08-18,,NEEDS_EXTERNAL_VERIFICATION — 시장 가격은 변동. 실제 시세 확인 후 범위 표현으로 유지 또는 출처 명기.,가격 유형 + 미해당 패턴 → 외부 확인 필요
284,2026-08-14-safety-auto-f47696,https://honsamnote.co.kr/blog/2026-08-14-safety-auto-f47696/,"혼자 사는 당신, 집 열쇠를 잃어버렸을 때: 빈집털이 걱정 없이 안전하게 대처하고 우리 집 지키는 법",가격,가격범위,비용: 스마트 도어락 비밀번호 변경: 0원 (자가 조치) 물리 열쇠 실린더 교체: 약 5만 원 ~ 15만 원 (출장비 포함， 열쇠 종류 및 업체에 따라 상이) 스마트 도어락 전체 교체: 약 10만 원 ~ 30만 원 이상 (제품 종류 및 설치비 포함) 보조 잠금장치 (문 걸쇠 등): 약 1만 원 ~ 3만 원 (셀프 설치 시) 야간/주말 출장 서비스는 추가 할,30만 원,NEEDS_EXTERNAL_VERIFICATION,정부기관·법령 원문·지자체,,2026-08-18,,NEEDS_EXTERNAL_VERIFICATION — 시장 가격은 변동. 실제 시세 확인 후 범위 표현으로 유지 또는 출처 명기.,가격 유형 + 미해당 패턴 → 외부 확인 필요
285,2026-08-14-safety-auto-f47696,https://honsamnote.co.kr/blog/2026-08-14-safety-auto-f47696/,"혼자 사는 당신, 집 열쇠를 잃어버렸을 때: 빈집털이 걱정 없이 안전하게 대처하고 우리 집 지키는 법",가격,가격범위,비용: 스마트 도어락 비밀번호 변경: 0원 (자가 조치) 물리 열쇠 실린더 교체: 약 5만 원 ~ 15만 원 (출장비 포함， 열쇠 종류 및 업체에 따라 상이) 스마트 도어락 전체 교체: 약 10만 원 ~ 30만 원 이상 (제품 종류 및 설치비 포함) 보조 잠금장치 (문 걸쇠 등): 약 1만 원 ~ 3만 원 (셀프 설치 시) 야간/주말 출장 서비스는 추가 할,1만 원,NEEDS_EXTERNAL_VERIFICATION,정부기관·법령 원문·지자체,,2026-08-18,,NEEDS_EXTERNAL_VERIFICATION — 시장 가격은 변동. 실제 시세 확인 후 범위 표현으로 유지 또는 출처 명기.,가격 유형 + 미해당 패턴 → 외부 확인 필요
286,2026-08-14-safety-auto-f47696,https://honsamnote.co.kr/blog/2026-08-14-safety-auto-f47696/,"혼자 사는 당신, 집 열쇠를 잃어버렸을 때: 빈집털이 걱정 없이 안전하게 대처하고 우리 집 지키는 법",가격,가격범위,비용: 스마트 도어락 비밀번호 변경: 0원 (자가 조치) 물리 열쇠 실린더 교체: 약 5만 원 ~ 15만 원 (출장비 포함， 열쇠 종류 및 업체에 따라 상이) 스마트 도어락 전체 교체: 약 10만 원 ~ 30만 원 이상 (제품 종류 및 설치비 포함) 보조 잠금장치 (문 걸쇠 등): 약 1만 원 ~ 3만 원 (셀프 설치 시) 야간/주말 출장 서비스는 추가 할,3만 원,NEEDS_EXTERNAL_VERIFICATION,정부기관·법령 원문·지자체,,2026-08-18,,NEEDS_EXTERNAL_VERIFICATION — 시장 가격은 변동. 실제 시세 확인 후 범위 표현으로 유지 또는 출처 명기.,가격 유형 + 미해당 패턴 → 외부 확인 필요
287,2026-08-14-safety-auto-f47696,https://honsamnote.co.kr/blog/2026-08-14-safety-auto-f47696/,"혼자 사는 당신, 집 열쇠를 잃어버렸을 때: 빈집털이 걱정 없이 안전하게 대처하고 우리 집 지키는 법",가격,가격범위,비용: 스마트 도어락 비밀번호 변경: 0원 (자가 조치) 물리 열쇠 실린더 교체: 약 5만 원 ~ 15만 원 (출장비 포함， 열쇠 종류 및 업체에 따라 상이) 스마트 도어락 전체 교체: 약 10만 원 ~ 30만 원 이상 (제품 종류 및 설치비 포함) 보조 잠금장치 (문 걸쇠 등): 약 1만 원 ~ 3만 원 (셀프 설치 시) 야간/주말 출장 서비스는 추가 할,0원,NEEDS_EXTERNAL_VERIFICATION,정부기관·법령 원문·지자체,,2026-08-18,,NEEDS_EXTERNAL_VERIFICATION — 시장 가격은 변동. 실제 시세 확인 후 범위 표현으로 유지 또는 출처 명기.,가격 유형 + 미해당 패턴 → 외부 확인 필요
288,2026-08-14-safety-auto-f47696,https://honsamnote.co.kr/blog/2026-08-14-safety-auto-f47696/,"혼자 사는 당신, 집 열쇠를 잃어버렸을 때: 빈집털이 걱정 없이 안전하게 대처하고 우리 집 지키는 법",통계,통계수치,비용: 스마트 도어락 비밀번호 변경: 0원 (자가 조치) 물리 열쇠 실린더 교체: 약 5만 원 ~ 15만 원 (출장비 포함， 열쇠 종류 및 업체에 따라 상이) 스마트 도어락 전체 교체: 약 10만 원 ~ 30만 원 이상 (제품 종류 및 설치비 포함) 보조 잠금장치 (문 걸쇠 등): 약 1만 원 ~ 3만 원 (셀프 설치 시) 야간/주말 출장 서비스는 추가 할,약 5,NEEDS_EXTERNAL_VERIFICATION,정부기관·법령 원문·지자체,,2026-08-18,,NEEDS_EXTERNAL_VERIFICATION — 수치 출처 확인 필요.,통계 수치 유형 — 출처 미확인
289,2026-08-14-safety-auto-f47696,https://honsamnote.co.kr/blog/2026-08-14-safety-auto-f47696/,"혼자 사는 당신, 집 열쇠를 잃어버렸을 때: 빈집털이 걱정 없이 안전하게 대처하고 우리 집 지키는 법",통계,통계수치,비용: 스마트 도어락 비밀번호 변경: 0원 (자가 조치) 물리 열쇠 실린더 교체: 약 5만 원 ~ 15만 원 (출장비 포함， 열쇠 종류 및 업체에 따라 상이) 스마트 도어락 전체 교체: 약 10만 원 ~ 30만 원 이상 (제품 종류 및 설치비 포함) 보조 잠금장치 (문 걸쇠 등): 약 1만 원 ~ 3만 원 (셀프 설치 시) 야간/주말 출장 서비스는 추가 할,약 10,NEEDS_EXTERNAL_VERIFICATION,정부기관·법령 원문·지자체,,2026-08-18,,NEEDS_EXTERNAL_VERIFICATION — 수치 출처 확인 필요.,통계 수치 유형 — 출처 미확인
290,2026-08-14-safety-auto-f47696,https://honsamnote.co.kr/blog/2026-08-14-safety-auto-f47696/,"혼자 사는 당신, 집 열쇠를 잃어버렸을 때: 빈집털이 걱정 없이 안전하게 대처하고 우리 집 지키는 법",통계,통계수치,비용: 스마트 도어락 비밀번호 변경: 0원 (자가 조치) 물리 열쇠 실린더 교체: 약 5만 원 ~ 15만 원 (출장비 포함， 열쇠 종류 및 업체에 따라 상이) 스마트 도어락 전체 교체: 약 10만 원 ~ 30만 원 이상 (제품 종류 및 설치비 포함) 보조 잠금장치 (문 걸쇠 등): 약 1만 원 ~ 3만 원 (셀프 설치 시) 야간/주말 출장 서비스는 추가 할,약 1,NEEDS_EXTERNAL_VERIFICATION,정부기관·법령 원문·지자체,,2026-08-18,,NEEDS_EXTERNAL_VERIFICATION — 수치 출처 확인 필요.,통계 수치 유형 — 출처 미확인
370,2026-08-03-cost-auto-4d199c,https://honsamnote.co.kr/blog/2026-08-03-cost-auto-4d199c/,교통비 비교｜대중교통,법률,법률,과태료: 주차 위반， 속도 위반 등 교통 법규 위반 시 과태료는 이용자 부담입니다.,과태료,NEEDS_EXTERNAL_VERIFICATION,정부기관·법령 원문·지자체,,2026-08-18,,NEEDS_EXTERNAL_VERIFICATION — 공식 출처 확인 후 처리,자동 분류
401,2026-08-05-cost-auto-e4ec33,https://honsamnote.co.kr/blog/2026-08-05-cost-auto-e4ec33/,"혼자 사는 직장인, 매달 쓰레기 봉투값도 아깝다면? 생활 폐기물 비용 줄이고 버리는 스트레스 없애는 법",법률,법률,위반 시 과태료가 부과될 수 있습니다.,과태료,NEEDS_EXTERNAL_VERIFICATION,정부기관·법령 원문·지자체,,2026-08-18,,NEEDS_EXTERNAL_VERIFICATION — 공식 출처 확인 후 처리,자동 분류
469,2026-08-06-cost-auto-f652a0,https://honsamnote.co.kr/blog/2026-08-06-cost-auto-f652a0/,"혼자 사는 직장인, 안 쓰는 물건 쌓여만 간다면? 중고거래 vs 나눔, 후회 없이 처분하고 용돈 버는 법",법률,법률,대충 버리기: 분리수거 원칙을 무시하고 일반 쓰레기에 마구 버리면 환경 오염은 물론， 과태료를 물게 될 수도 있습니다.,과태료,NEEDS_EXTERNAL_VERIFICATION,정부기관·법령 원문·지자체,,2026-08-18,,NEEDS_EXTERNAL_VERIFICATION — 공식 출처 확인 후 처리,자동 분류
503,2026-08-07-cost-auto-7256ba,https://honsamnote.co.kr/blog/2026-08-07-cost-auto-7256ba/,"혼자 사는 직장인, 안 쓰는 대형 가구/가전 버리려니 막막하다면? 무료 수거 vs 유료 폐기, 돈 아끼는 현명한 처분 전략",법률,법률,혼자 옮기기에는 너무 무겁고， 그렇다고 무작정 버렸다가는 벌금을 물 수도 있다는 불안감에 시작부터 진이 빠지죠.,벌금,NEEDS_EXTERNAL_VERIFICATION,정부기관·법령 원문·지자체,,2026-08-18,,NEEDS_EXTERNAL_VERIFICATION — 공식 출처 확인 후 처리,자동 분류
504,2026-08-07-cost-auto-7256ba,https://honsamnote.co.kr/blog/2026-08-07-cost-auto-7256ba/,"혼자 사는 직장인, 안 쓰는 대형 가구/가전 버리려니 막막하다면? 무료 수거 vs 유료 폐기, 돈 아끼는 현명한 처분 전략",법률,법률,무단 투기로 오해받아 과태료가 부과될 수 있습니다.,과태료,NEEDS_EXTERNAL_VERIFICATION,정부기관·법령 원문·지자체,,2026-08-18,,NEEDS_EXTERNAL_VERIFICATION — 공식 출처 확인 후 처리,자동 분류
514,2026-08-07-cost-auto-846842,https://honsamnote.co.kr/blog/2026-08-07-cost-auto-846842/,"혼자 사는 직장인, 예상치 못한 사고에 내 물건 다 날아갈까 봐 불안하다면? 1인 가구 주택화재보험(세입자 보험), 과연 돈 값 할까?",법률,법률,전세보증금 보장 아님: 이 보험은 내 동산(살림살이)과 배상 책임을 위한 것이지， 전세보증금 반환보증과는 다릅니다.,보증금 반환,NEEDS_EXTERNAL_VERIFICATION,정부기관·법령 원문·지자체,,2026-08-18,,NEEDS_EXTERNAL_VERIFICATION — 공식 출처 확인 후 처리,자동 분류
556,2026-08-08-cost-auto-bbb3d7,https://honsamnote.co.kr/blog/2026-08-08-cost-auto-bbb3d7/,"혼자 사는 직장인, 매달 아파트/오피스텔 관리비 폭탄 막고 지출 최적화하는 3단계 전략",법률,법률,보통 전세보증금 반환 시 또는 월세 마지막 달에 정산하는 경우가 많습니다.,보증금 반환,NEEDS_EXTERNAL_VERIFICATION,정부기관·법령 원문·지자체,,2026-08-18,,NEEDS_EXTERNAL_VERIFICATION — 공식 출처 확인 후 처리,자동 분류
557,2026-08-08-cost-auto-bbb3d7,https://honsamnote.co.kr/blog/2026-08-08-cost-auto-bbb3d7/,"혼자 사는 직장인, 매달 아파트/오피스텔 관리비 폭탄 막고 지출 최적화하는 3단계 전략",법률,법률,이는 형사 처벌의 대상이 될 수 있습니다.,처벌,NEEDS_EXTERNAL_VERIFICATION,정부기관·법령 원문·지자체,,2026-08-18,,NEEDS_EXTERNAL_VERIFICATION — 공식 출처 확인 후 처리,자동 분류
