url,type,indexable,canonical,robots_allowed,noindex,in_sitemap,incoming_internal_links,crawl_depth,notes
https://honsamnote.co.kr/,homepage,yes,https://honsamnote.co.kr/,yes,no,yes,-,1,정상
https://honsamnote.co.kr/blog/,blog_index,yes,https://honsamnote.co.kr/blog/,yes,no,yes,-,1,정상
https://honsamnote.co.kr/category/cost/,category,yes,https://honsamnote.co.kr/category/cost/,yes,no,yes,566/10,1,정상
https://honsamnote.co.kr/category/food/,category,yes,https://honsamnote.co.kr/category/food/,yes,no,yes,566/10,1,정상
https://honsamnote.co.kr/category/storage/,category,yes,https://honsamnote.co.kr/category/storage/,yes,no,yes,566/10,1,정상
https://honsamnote.co.kr/category/cleaning/,category,yes,https://honsamnote.co.kr/category/cleaning/,yes,no,yes,566/10,1,정상
https://honsamnote.co.kr/category/safety/,category,yes,https://honsamnote.co.kr/category/safety/,yes,no,yes,566/10,1,정상
https://honsamnote.co.kr/category/housing/,category,yes,https://honsamnote.co.kr/category/housing/,yes,no,yes,566/10,1,정상
https://honsamnote.co.kr/category/products/,category,yes,https://honsamnote.co.kr/category/products/,yes,no,yes,566/10,1,정상
https://honsamnote.co.kr/category/lifestyle/,category,yes,https://honsamnote.co.kr/category/lifestyle/,yes,no,yes,566/10,1,정상
https://honsamnote.co.kr/guide/oneroom-storage/,pillar,yes,https://honsamnote.co.kr/guide/oneroom-storage/,yes,no,yes,~20,1,정상
https://honsamnote.co.kr/guide/laundry/,pillar,yes,https://honsamnote.co.kr/guide/laundry/,yes,no,yes,~20,1,정상
https://honsamnote.co.kr/guide/loneliness/,pillar,yes,https://honsamnote.co.kr/guide/loneliness/,yes,no,yes,~20,1,정상
https://honsamnote.co.kr/guide/emergency/,pillar,yes,https://honsamnote.co.kr/guide/emergency/,yes,no,no(미push),~20,1,Phase3+ 미push — 배포본 404
https://honsamnote.co.kr/guide/kitchen-cleaning/,pillar,yes,https://honsamnote.co.kr/guide/kitchen-cleaning/,yes,no,no(미push),~20,1,Phase3+ 미push — 배포본 404
https://honsamnote.co.kr/guide/bathroom-cleaning/,pillar,yes,https://honsamnote.co.kr/guide/bathroom-cleaning/,yes,no,no(미push),~20,1,Phase3+ 미push — 배포본 404
https://honsamnote.co.kr/blog/guide-general-living-cost/,post,yes,https://honsamnote.co.kr/blog/guide-general-living-cost/,yes,no,yes,0,3,ORPHAN
https://honsamnote.co.kr/blog/guide-food-waste/,post,yes,https://honsamnote.co.kr/blog/guide-food-waste/,yes,no,yes,0,3,ORPHAN
https://honsamnote.co.kr/blog/2026-08-14-storage-auto-fcf546/,post,yes,https://honsamnote.co.kr/blog/2026-08-14-storage-auto-fcf546/,yes,no,yes,0,3,ORPHAN
https://honsamnote.co.kr/blog/2026-08-14-storage-auto-be0ab4/,post,yes,https://honsamnote.co.kr/blog/2026-08-14-storage-auto-be0ab4/,yes,no,yes,0,3,ORPHAN
https://honsamnote.co.kr/blog/2026-08-14-storage-auto-8ede60/,post,yes,https://honsamnote.co.kr/blog/2026-08-14-storage-auto-8ede60/,yes,no,yes,0,3,ORPHAN
https://honsamnote.co.kr/blog/2026-08-14-safety-auto-f47696/,post,yes,https://honsamnote.co.kr/blog/2026-08-14-safety-auto-f47696/,yes,no,yes,0,3,ORPHAN
https://honsamnote.co.kr/blog/2026-08-14-safety-auto-2f3ee3/,post,yes,https://honsamnote.co.kr/blog/2026-08-14-safety-auto-2f3ee3/,yes,no,yes,0,3,ORPHAN
https://honsamnote.co.kr/blog/2026-08-14-products-auto-da7759/,post,yes,https://honsamnote.co.kr/blog/2026-08-14-products-auto-da7759/,yes,no,yes,0,3,ORPHAN
https://honsamnote.co.kr/blog/2026-08-14-products-auto-6493cd/,post,yes,https://honsamnote.co.kr/blog/2026-08-14-products-auto-6493cd/,yes,no,yes,0,3,ORPHAN
https://honsamnote.co.kr/blog/2026-08-14-products-auto-50ff5a/,post,yes,https://honsamnote.co.kr/blog/2026-08-14-products-auto-50ff5a/,yes,no,yes,0,3,ORPHAN
https://honsamnote.co.kr/blog/2026-08-14-lifestyle-auto-e506f6/,post,yes,https://honsamnote.co.kr/blog/2026-08-14-lifestyle-auto-e506f6/,yes,no,yes,0,3,ORPHAN
https://honsamnote.co.kr/blog/2026-08-14-housing-auto-189ec3/,post,yes,https://honsamnote.co.kr/blog/2026-08-14-housing-auto-189ec3/,yes,no,yes,0,3,ORPHAN
https://honsamnote.co.kr/blog/2026-08-14-food-auto-950e9e/,post,yes,https://honsamnote.co.kr/blog/2026-08-14-food-auto-950e9e/,yes,no,yes,0,3,ORPHAN
https://honsamnote.co.kr/blog/2026-08-14-food-auto-78155f/,post,yes,https://honsamnote.co.kr/blog/2026-08-14-food-auto-78155f/,yes,no,yes,0,3,ORPHAN
https://honsamnote.co.kr/blog/2026-08-14-food-auto-0030b0/,post,yes,https://honsamnote.co.kr/blog/2026-08-14-food-auto-0030b0/,yes,no,yes,0,3,ORPHAN
https://honsamnote.co.kr/blog/2026-08-14-cost-auto-c66395/,post,yes,https://honsamnote.co.kr/blog/2026-08-14-cost-auto-c66395/,yes,no,yes,0,3,ORPHAN
https://honsamnote.co.kr/blog/2026-08-14-cost-auto-304499/,post,yes,https://honsamnote.co.kr/blog/2026-08-14-cost-auto-304499/,yes,no,yes,0,3,ORPHAN
https://honsamnote.co.kr/blog/2026-08-14-cleaning-auto-b4a47e/,post,yes,https://honsamnote.co.kr/blog/2026-08-14-cleaning-auto-b4a47e/,yes,no,yes,0,3,ORPHAN
https://honsamnote.co.kr/blog/2026-08-14-cleaning-auto-1ca76b/,post,yes,https://honsamnote.co.kr/blog/2026-08-14-cleaning-auto-1ca76b/,yes,no,yes,0,3,ORPHAN
https://honsamnote.co.kr/blog/2026-08-14-cleaning-auto-0fc7dd/,post,yes,https://honsamnote.co.kr/blog/2026-08-14-cleaning-auto-0fc7dd/,yes,no,yes,0,3,ORPHAN
https://honsamnote.co.kr/blog/2026-08-13-storage-auto-ccc061/,post,yes,https://honsamnote.co.kr/blog/2026-08-13-storage-auto-ccc061/,yes,no,yes,1,3,incoming:1
https://honsamnote.co.kr/blog/2026-08-13-storage-auto-92e3bb/,post,yes,https://honsamnote.co.kr/blog/2026-08-13-storage-auto-92e3bb/,yes,no,yes,0,3,ORPHAN
https://honsamnote.co.kr/blog/2026-08-13-storage-auto-545d8d/,post,yes,https://honsamnote.co.kr/blog/2026-08-13-storage-auto-545d8d/,yes,no,yes,0,3,ORPHAN
https://honsamnote.co.kr/blog/2026-08-13-safety-auto-dcd18d/,post,yes,https://honsamnote.co.kr/blog/2026-08-13-safety-auto-dcd18d/,yes,no,yes,0,3,ORPHAN
https://honsamnote.co.kr/blog/2026-08-13-safety-auto-c86e8c/,post,yes,https://honsamnote.co.kr/blog/2026-08-13-safety-auto-c86e8c/,yes,no,yes,0,3,ORPHAN
https://honsamnote.co.kr/blog/2026-08-13-safety-auto-6b585a/,post,yes,https://honsamnote.co.kr/blog/2026-08-13-safety-auto-6b585a/,yes,no,yes,0,3,ORPHAN
https://honsamnote.co.kr/blog/2026-08-13-products-auto-ae3976/,post,yes,https://honsamnote.co.kr/blog/2026-08-13-products-auto-ae3976/,yes,no,yes,0,3,ORPHAN
https://honsamnote.co.kr/blog/2026-08-13-products-auto-8b83e4/,post,yes,https://honsamnote.co.kr/blog/2026-08-13-products-auto-8b83e4/,yes,no,yes,0,3,ORPHAN
https://honsamnote.co.kr/blog/2026-08-13-products-auto-2cf601/,post,yes,https://honsamnote.co.kr/blog/2026-08-13-products-auto-2cf601/,yes,no,yes,0,3,ORPHAN
https://honsamnote.co.kr/blog/2026-08-13-lifestyle-auto-8d6b5e/,post,yes,https://honsamnote.co.kr/blog/2026-08-13-lifestyle-auto-8d6b5e/,yes,no,yes,0,3,ORPHAN
https://honsamnote.co.kr/blog/2026-08-13-housing-auto-5aa38a/,post,yes,https://honsamnote.co.kr/blog/2026-08-13-housing-auto-5aa38a/,yes,no,yes,0,3,ORPHAN
https://honsamnote.co.kr/blog/2026-08-13-housing-auto-0fa740/,post,yes,https://honsamnote.co.kr/blog/2026-08-13-housing-auto-0fa740/,yes,no,yes,0,3,ORPHAN
https://honsamnote.co.kr/blog/2026-08-13-food-auto-f7b0fc/,post,yes,https://honsamnote.co.kr/blog/2026-08-13-food-auto-f7b0fc/,yes,no,yes,0,3,ORPHAN
https://honsamnote.co.kr/blog/2026-08-13-food-auto-4b3fa7/,post,yes,https://honsamnote.co.kr/blog/2026-08-13-food-auto-4b3fa7/,yes,no,yes,0,3,ORPHAN
https://honsamnote.co.kr/blog/2026-08-13-food-auto-05f1fc/,post,yes,https://honsamnote.co.kr/blog/2026-08-13-food-auto-05f1fc/,yes,no,yes,0,3,ORPHAN
https://honsamnote.co.kr/blog/2026-08-13-cost-auto-b1e536/,post,yes,https://honsamnote.co.kr/blog/2026-08-13-cost-auto-b1e536/,yes,no,yes,0,3,ORPHAN
https://honsamnote.co.kr/blog/2026-08-13-cost-auto-590148/,post,yes,https://honsamnote.co.kr/blog/2026-08-13-cost-auto-590148/,yes,no,yes,0,3,ORPHAN
https://honsamnote.co.kr/blog/2026-08-13-cleaning-auto-cf3699/,post,yes,https://honsamnote.co.kr/blog/2026-08-13-cleaning-auto-cf3699/,yes,no,yes,0,3,ORPHAN
https://honsamnote.co.kr/blog/2026-08-13-cleaning-auto-7ef0d4/,post,yes,https://honsamnote.co.kr/blog/2026-08-13-cleaning-auto-7ef0d4/,yes,no,yes,0,3,ORPHAN
https://honsamnote.co.kr/blog/2026-08-13-cleaning-auto-545cef/,post,yes,https://honsamnote.co.kr/blog/2026-08-13-cleaning-auto-545cef/,yes,no,yes,0,3,ORPHAN
https://honsamnote.co.kr/blog/2026-08-12-storage-auto-ec0e5a/,post,yes,https://honsamnote.co.kr/blog/2026-08-12-storage-auto-ec0e5a/,yes,no,yes,0,3,ORPHAN
https://honsamnote.co.kr/blog/2026-08-12-storage-auto-1aceff/,post,yes,https://honsamnote.co.kr/blog/2026-08-12-storage-auto-1aceff/,yes,no,yes,0,3,ORPHAN
https://honsamnote.co.kr/blog/2026-08-12-storage-auto-0db620/,post,yes,https://honsamnote.co.kr/blog/2026-08-12-storage-auto-0db620/,yes,no,yes,0,3,ORPHAN
https://honsamnote.co.kr/blog/2026-08-12-safety-auto-52e6c7/,post,yes,https://honsamnote.co.kr/blog/2026-08-12-safety-auto-52e6c7/,yes,no,yes,0,3,ORPHAN
https://honsamnote.co.kr/blog/2026-08-12-safety-auto-15ca61/,post,yes,https://honsamnote.co.kr/blog/2026-08-12-safety-auto-15ca61/,yes,no,yes,0,3,ORPHAN
https://honsamnote.co.kr/blog/2026-08-12-safety-auto-020b2f/,post,yes,https://honsamnote.co.kr/blog/2026-08-12-safety-auto-020b2f/,yes,no,yes,0,3,ORPHAN
https://honsamnote.co.kr/blog/2026-08-12-products-auto-74d817/,post,yes,https://honsamnote.co.kr/blog/2026-08-12-products-auto-74d817/,yes,no,yes,0,3,ORPHAN
https://honsamnote.co.kr/blog/2026-08-12-products-auto-6c6a4a/,post,yes,https://honsamnote.co.kr/blog/2026-08-12-products-auto-6c6a4a/,yes,no,yes,0,3,ORPHAN
https://honsamnote.co.kr/blog/2026-08-12-products-auto-2ee7a1/,post,yes,https://honsamnote.co.kr/blog/2026-08-12-products-auto-2ee7a1/,yes,no,yes,0,3,ORPHAN
https://honsamnote.co.kr/blog/2026-08-12-housing-auto-f420ec/,post,yes,https://honsamnote.co.kr/blog/2026-08-12-housing-auto-f420ec/,yes,no,yes,0,3,ORPHAN
https://honsamnote.co.kr/blog/2026-08-12-food-auto-8fffcc/,post,yes,https://honsamnote.co.kr/blog/2026-08-12-food-auto-8fffcc/,yes,no,yes,0,3,ORPHAN
https://honsamnote.co.kr/blog/2026-08-12-food-auto-7b4cd9/,post,yes,https://honsamnote.co.kr/blog/2026-08-12-food-auto-7b4cd9/,yes,no,yes,0,3,ORPHAN
https://honsamnote.co.kr/blog/2026-08-12-food-auto-6ed755/,post,yes,https://honsamnote.co.kr/blog/2026-08-12-food-auto-6ed755/,yes,no,yes,0,3,ORPHAN
https://honsamnote.co.kr/blog/2026-08-12-cost-auto-b36efb/,post,yes,https://honsamnote.co.kr/blog/2026-08-12-cost-auto-b36efb/,yes,no,yes,0,3,ORPHAN
https://honsamnote.co.kr/blog/2026-08-12-cost-auto-b175c0/,post,yes,https://honsamnote.co.kr/blog/2026-08-12-cost-auto-b175c0/,yes,no,yes,0,3,ORPHAN
https://honsamnote.co.kr/blog/2026-08-12-cleaning-auto-868b91/,post,yes,https://honsamnote.co.kr/blog/2026-08-12-cleaning-auto-868b91/,yes,no,yes,0,3,ORPHAN
https://honsamnote.co.kr/blog/2026-08-12-cleaning-auto-85acce/,post,yes,https://honsamnote.co.kr/blog/2026-08-12-cleaning-auto-85acce/,yes,no,yes,0,3,ORPHAN
https://honsamnote.co.kr/blog/2026-08-12-cleaning-auto-4cf6ca/,post,yes,https://honsamnote.co.kr/blog/2026-08-12-cleaning-auto-4cf6ca/,yes,no,yes,0,3,ORPHAN
https://honsamnote.co.kr/blog/2026-08-11-storage-auto-9064d7/,post,yes,https://honsamnote.co.kr/blog/2026-08-11-storage-auto-9064d7/,yes,no,yes,2,3,incoming:2
https://honsamnote.co.kr/blog/2026-08-11-storage-auto-80b064/,post,yes,https://honsamnote.co.kr/blog/2026-08-11-storage-auto-80b064/,yes,no,yes,0,3,ORPHAN
https://honsamnote.co.kr/blog/2026-08-11-safety-auto-d99e57/,post,yes,https://honsamnote.co.kr/blog/2026-08-11-safety-auto-d99e57/,yes,no,yes,0,3,ORPHAN
https://honsamnote.co.kr/blog/2026-08-11-safety-auto-3045ad/,post,yes,https://honsamnote.co.kr/blog/2026-08-11-safety-auto-3045ad/,yes,no,yes,0,3,ORPHAN
https://honsamnote.co.kr/blog/2026-08-11-safety-auto-197473/,post,yes,https://honsamnote.co.kr/blog/2026-08-11-safety-auto-197473/,yes,no,yes,0,3,ORPHAN
https://honsamnote.co.kr/blog/2026-08-11-products-auto-fb26b6/,post,yes,https://honsamnote.co.kr/blog/2026-08-11-products-auto-fb26b6/,yes,no,yes,0,3,ORPHAN
https://honsamnote.co.kr/blog/2026-08-11-products-auto-3a0a24/,post,yes,https://honsamnote.co.kr/blog/2026-08-11-products-auto-3a0a24/,yes,no,yes,0,3,ORPHAN
https://honsamnote.co.kr/blog/2026-08-11-products-auto-056afc/,post,yes,https://honsamnote.co.kr/blog/2026-08-11-products-auto-056afc/,yes,no,yes,0,3,ORPHAN
https://honsamnote.co.kr/blog/2026-08-11-lifestyle-auto-90d3e2/,post,yes,https://honsamnote.co.kr/blog/2026-08-11-lifestyle-auto-90d3e2/,yes,no,yes,0,3,ORPHAN
https://honsamnote.co.kr/blog/2026-08-11-lifestyle-auto-0f05f0/,post,yes,https://honsamnote.co.kr/blog/2026-08-11-lifestyle-auto-0f05f0/,yes,no,yes,1,3,incoming:1
https://honsamnote.co.kr/blog/2026-08-11-housing-auto-a2f088/,post,yes,https://honsamnote.co.kr/blog/2026-08-11-housing-auto-a2f088/,yes,no,yes,0,3,ORPHAN
https://honsamnote.co.kr/blog/2026-08-11-housing-auto-2bfaff/,post,yes,https://honsamnote.co.kr/blog/2026-08-11-housing-auto-2bfaff/,yes,no,yes,0,3,ORPHAN
https://honsamnote.co.kr/blog/2026-08-11-food-auto-d47a0f/,post,yes,https://honsamnote.co.kr/blog/2026-08-11-food-auto-d47a0f/,yes,no,yes,0,3,ORPHAN
https://honsamnote.co.kr/blog/2026-08-11-food-auto-a86ad1/,post,yes,https://honsamnote.co.kr/blog/2026-08-11-food-auto-a86ad1/,yes,no,yes,0,3,ORPHAN
https://honsamnote.co.kr/blog/2026-08-11-food-auto-452e94/,post,yes,https://honsamnote.co.kr/blog/2026-08-11-food-auto-452e94/,yes,no,yes,0,3,ORPHAN
https://honsamnote.co.kr/blog/2026-08-11-cost-auto-ff0274/,post,yes,https://honsamnote.co.kr/blog/2026-08-11-cost-auto-ff0274/,yes,no,yes,0,3,ORPHAN
https://honsamnote.co.kr/blog/2026-08-11-cost-auto-bf7238/,post,yes,https://honsamnote.co.kr/blog/2026-08-11-cost-auto-bf7238/,yes,no,yes,0,3,ORPHAN
https://honsamnote.co.kr/blog/2026-08-11-cleaning-auto-983cbd/,post,yes,https://honsamnote.co.kr/blog/2026-08-11-cleaning-auto-983cbd/,yes,no,yes,0,3,ORPHAN
https://honsamnote.co.kr/blog/2026-08-11-cleaning-auto-5be420/,post,yes,https://honsamnote.co.kr/blog/2026-08-11-cleaning-auto-5be420/,yes,no,yes,0,3,ORPHAN
https://honsamnote.co.kr/blog/2026-08-11-cleaning-auto-1ad691/,post,yes,https://honsamnote.co.kr/blog/2026-08-11-cleaning-auto-1ad691/,yes,no,yes,0,3,ORPHAN
https://honsamnote.co.kr/blog/2026-08-10-storage-auto-48f5a4/,post,yes,https://honsamnote.co.kr/blog/2026-08-10-storage-auto-48f5a4/,yes,no,yes,0,3,ORPHAN
https://honsamnote.co.kr/blog/2026-08-10-storage-auto-0a8470/,post,yes,https://honsamnote.co.kr/blog/2026-08-10-storage-auto-0a8470/,yes,no,yes,0,3,ORPHAN
https://honsamnote.co.kr/blog/2026-08-10-storage-auto-046a46/,post,yes,https://honsamnote.co.kr/blog/2026-08-10-storage-auto-046a46/,yes,no,yes,0,3,ORPHAN
https://honsamnote.co.kr/blog/2026-08-10-safety-auto-e68c91/,post,yes,https://honsamnote.co.kr/blog/2026-08-10-safety-auto-e68c91/,yes,no,yes,0,3,ORPHAN
https://honsamnote.co.kr/blog/2026-08-10-safety-auto-1af8f5/,post,yes,https://honsamnote.co.kr/blog/2026-08-10-safety-auto-1af8f5/,yes,no,yes,0,3,ORPHAN
https://honsamnote.co.kr/blog/2026-08-10-products-auto-ea40dc/,post,yes,https://honsamnote.co.kr/blog/2026-08-10-products-auto-ea40dc/,yes,no,yes,0,3,ORPHAN
https://honsamnote.co.kr/blog/2026-08-10-products-auto-b0092a/,post,yes,https://honsamnote.co.kr/blog/2026-08-10-products-auto-b0092a/,yes,no,yes,0,3,ORPHAN
https://honsamnote.co.kr/blog/2026-08-10-lifestyle-auto-3e13f1/,post,yes,https://honsamnote.co.kr/blog/2026-08-10-lifestyle-auto-3e13f1/,yes,no,yes,0,3,ORPHAN
https://honsamnote.co.kr/blog/2026-08-10-lifestyle-auto-1dd1a3/,post,yes,https://honsamnote.co.kr/blog/2026-08-10-lifestyle-auto-1dd1a3/,yes,no,yes,0,3,ORPHAN
https://honsamnote.co.kr/blog/2026-08-10-housing-auto-4bca9b/,post,yes,https://honsamnote.co.kr/blog/2026-08-10-housing-auto-4bca9b/,yes,no,yes,0,3,ORPHAN
https://honsamnote.co.kr/blog/2026-08-10-food-auto-d3517e/,post,yes,https://honsamnote.co.kr/blog/2026-08-10-food-auto-d3517e/,yes,no,yes,0,3,ORPHAN
https://honsamnote.co.kr/blog/2026-08-10-food-auto-b034b3/,post,yes,https://honsamnote.co.kr/blog/2026-08-10-food-auto-b034b3/,yes,no,yes,0,3,ORPHAN
https://honsamnote.co.kr/blog/2026-08-10-food-auto-0b9c15/,post,yes,https://honsamnote.co.kr/blog/2026-08-10-food-auto-0b9c15/,yes,no,yes,0,3,ORPHAN
https://honsamnote.co.kr/blog/2026-08-10-cost-auto-88aeb7/,post,yes,https://honsamnote.co.kr/blog/2026-08-10-cost-auto-88aeb7/,yes,no,yes,0,3,ORPHAN
https://honsamnote.co.kr/blog/2026-08-10-cost-auto-78f79c/,post,yes,https://honsamnote.co.kr/blog/2026-08-10-cost-auto-78f79c/,yes,no,yes,0,3,ORPHAN
https://honsamnote.co.kr/blog/2026-08-10-cost-auto-2c9756/,post,yes,https://honsamnote.co.kr/blog/2026-08-10-cost-auto-2c9756/,yes,no,yes,0,3,ORPHAN
https://honsamnote.co.kr/blog/2026-08-10-cleaning-auto-aeb4a0/,post,yes,https://honsamnote.co.kr/blog/2026-08-10-cleaning-auto-aeb4a0/,yes,no,yes,0,3,ORPHAN
https://honsamnote.co.kr/blog/2026-08-10-cleaning-auto-8285cc/,post,yes,https://honsamnote.co.kr/blog/2026-08-10-cleaning-auto-8285cc/,yes,no,yes,0,3,ORPHAN
https://honsamnote.co.kr/blog/2026-08-10-cleaning-auto-6e0644/,post,yes,https://honsamnote.co.kr/blog/2026-08-10-cleaning-auto-6e0644/,yes,no,yes,0,3,ORPHAN
https://honsamnote.co.kr/blog/2026-08-09-storage-auto-b54398/,post,yes,https://honsamnote.co.kr/blog/2026-08-09-storage-auto-b54398/,yes,no,yes,1,3,incoming:1
https://honsamnote.co.kr/blog/2026-08-09-storage-auto-b05c4f/,post,yes,https://honsamnote.co.kr/blog/2026-08-09-storage-auto-b05c4f/,yes,no,yes,0,3,ORPHAN
https://honsamnote.co.kr/blog/2026-08-09-storage-auto-897697/,post,yes,https://honsamnote.co.kr/blog/2026-08-09-storage-auto-897697/,yes,no,yes,0,3,ORPHAN
https://honsamnote.co.kr/blog/2026-08-09-safety-auto-eb5e4c/,post,yes,https://honsamnote.co.kr/blog/2026-08-09-safety-auto-eb5e4c/,yes,no,yes,0,3,ORPHAN
https://honsamnote.co.kr/blog/2026-08-09-safety-auto-14bba7/,post,yes,https://honsamnote.co.kr/blog/2026-08-09-safety-auto-14bba7/,yes,no,yes,0,3,ORPHAN
https://honsamnote.co.kr/blog/2026-08-09-products-auto-df5dbc/,post,yes,https://honsamnote.co.kr/blog/2026-08-09-products-auto-df5dbc/,yes,no,yes,0,3,ORPHAN
https://honsamnote.co.kr/blog/2026-08-09-products-auto-b63f8d/,post,yes,https://honsamnote.co.kr/blog/2026-08-09-products-auto-b63f8d/,yes,no,yes,0,3,ORPHAN
https://honsamnote.co.kr/blog/2026-08-09-products-auto-7bf3a6/,post,yes,https://honsamnote.co.kr/blog/2026-08-09-products-auto-7bf3a6/,yes,no,yes,0,3,ORPHAN
https://honsamnote.co.kr/blog/2026-08-09-lifestyle-auto-12d150/,post,yes,https://honsamnote.co.kr/blog/2026-08-09-lifestyle-auto-12d150/,yes,no,yes,0,3,ORPHAN
https://honsamnote.co.kr/blog/2026-08-09-housing-auto-da13ec/,post,yes,https://honsamnote.co.kr/blog/2026-08-09-housing-auto-da13ec/,yes,no,yes,0,3,ORPHAN
https://honsamnote.co.kr/blog/2026-08-09-housing-auto-1e381e/,post,yes,https://honsamnote.co.kr/blog/2026-08-09-housing-auto-1e381e/,yes,no,yes,0,3,ORPHAN
https://honsamnote.co.kr/blog/2026-08-09-food-auto-e39c1f/,post,yes,https://honsamnote.co.kr/blog/2026-08-09-food-auto-e39c1f/,yes,no,yes,0,3,ORPHAN
https://honsamnote.co.kr/blog/2026-08-09-food-auto-bd7a7d/,post,yes,https://honsamnote.co.kr/blog/2026-08-09-food-auto-bd7a7d/,yes,no,yes,0,3,ORPHAN
https://honsamnote.co.kr/blog/2026-08-09-food-auto-937ea1/,post,yes,https://honsamnote.co.kr/blog/2026-08-09-food-auto-937ea1/,yes,no,yes,0,3,ORPHAN
https://honsamnote.co.kr/blog/2026-08-09-cost-auto-80b3c9/,post,yes,https://honsamnote.co.kr/blog/2026-08-09-cost-auto-80b3c9/,yes,no,yes,0,3,ORPHAN
https://honsamnote.co.kr/blog/2026-08-09-cleaning-auto-e21eb5/,post,yes,https://honsamnote.co.kr/blog/2026-08-09-cleaning-auto-e21eb5/,yes,no,yes,0,3,ORPHAN
https://honsamnote.co.kr/blog/2026-08-09-cleaning-auto-c10b6d/,post,yes,https://honsamnote.co.kr/blog/2026-08-09-cleaning-auto-c10b6d/,yes,no,yes,0,3,ORPHAN
https://honsamnote.co.kr/blog/2026-08-09-cleaning-auto-117267/,post,yes,https://honsamnote.co.kr/blog/2026-08-09-cleaning-auto-117267/,yes,no,yes,0,3,ORPHAN
https://honsamnote.co.kr/blog/2026-08-08-storage-auto-fda98a/,post,yes,https://honsamnote.co.kr/blog/2026-08-08-storage-auto-fda98a/,yes,no,yes,0,3,ORPHAN
https://honsamnote.co.kr/blog/2026-08-08-storage-auto-9dbb87/,post,yes,https://honsamnote.co.kr/blog/2026-08-08-storage-auto-9dbb87/,yes,no,yes,0,3,ORPHAN
https://honsamnote.co.kr/blog/2026-08-08-storage-auto-55b81f/,post,yes,https://honsamnote.co.kr/blog/2026-08-08-storage-auto-55b81f/,yes,no,yes,0,3,ORPHAN
https://honsamnote.co.kr/blog/2026-08-08-storage-auto-37bfb5/,post,yes,https://honsamnote.co.kr/blog/2026-08-08-storage-auto-37bfb5/,yes,no,yes,0,3,ORPHAN
https://honsamnote.co.kr/blog/2026-08-08-storage-auto-276b92/,post,yes,https://honsamnote.co.kr/blog/2026-08-08-storage-auto-276b92/,yes,no,yes,0,3,ORPHAN
https://honsamnote.co.kr/blog/2026-08-08-storage-auto-24e806/,post,yes,https://honsamnote.co.kr/blog/2026-08-08-storage-auto-24e806/,yes,no,yes,0,3,ORPHAN
https://honsamnote.co.kr/blog/2026-08-08-storage-auto-15969c/,post,yes,https://honsamnote.co.kr/blog/2026-08-08-storage-auto-15969c/,yes,no,yes,0,3,ORPHAN
https://honsamnote.co.kr/blog/2026-08-08-storage-auto-12975c/,post,yes,https://honsamnote.co.kr/blog/2026-08-08-storage-auto-12975c/,yes,no,yes,1,3,incoming:1
https://honsamnote.co.kr/blog/2026-08-08-safety-auto-fcd8d6/,post,yes,https://honsamnote.co.kr/blog/2026-08-08-safety-auto-fcd8d6/,yes,no,yes,0,3,ORPHAN
https://honsamnote.co.kr/blog/2026-08-08-safety-auto-ee80c6/,post,yes,https://honsamnote.co.kr/blog/2026-08-08-safety-auto-ee80c6/,yes,no,yes,0,3,ORPHAN
https://honsamnote.co.kr/blog/2026-08-08-safety-auto-be207d/,post,yes,https://honsamnote.co.kr/blog/2026-08-08-safety-auto-be207d/,yes,no,yes,0,3,ORPHAN
https://honsamnote.co.kr/blog/2026-08-08-safety-auto-985515/,post,yes,https://honsamnote.co.kr/blog/2026-08-08-safety-auto-985515/,yes,no,yes,0,3,ORPHAN
https://honsamnote.co.kr/blog/2026-08-08-safety-auto-9834c4/,post,yes,https://honsamnote.co.kr/blog/2026-08-08-safety-auto-9834c4/,yes,no,yes,0,3,ORPHAN
https://honsamnote.co.kr/blog/2026-08-08-safety-auto-84a0bd/,post,yes,https://honsamnote.co.kr/blog/2026-08-08-safety-auto-84a0bd/,yes,no,yes,0,3,ORPHAN
https://honsamnote.co.kr/blog/2026-08-08-safety-auto-71a5f3/,post,yes,https://honsamnote.co.kr/blog/2026-08-08-safety-auto-71a5f3/,yes,no,yes,0,3,ORPHAN
https://honsamnote.co.kr/blog/2026-08-08-safety-auto-55b509/,post,yes,https://honsamnote.co.kr/blog/2026-08-08-safety-auto-55b509/,yes,no,yes,0,3,ORPHAN
https://honsamnote.co.kr/blog/2026-08-08-safety-auto-2186aa/,post,yes,https://honsamnote.co.kr/blog/2026-08-08-safety-auto-2186aa/,yes,no,yes,0,3,ORPHAN
https://honsamnote.co.kr/blog/2026-08-08-products-auto-c4d689/,post,yes,https://honsamnote.co.kr/blog/2026-08-08-products-auto-c4d689/,yes,no,yes,0,3,ORPHAN
https://honsamnote.co.kr/blog/2026-08-08-products-auto-b03456/,post,yes,https://honsamnote.co.kr/blog/2026-08-08-products-auto-b03456/,yes,no,yes,0,3,ORPHAN
https://honsamnote.co.kr/blog/2026-08-08-products-auto-a84bd7/,post,yes,https://honsamnote.co.kr/blog/2026-08-08-products-auto-a84bd7/,yes,no,yes,0,3,ORPHAN
https://honsamnote.co.kr/blog/2026-08-08-products-auto-613b49/,post,yes,https://honsamnote.co.kr/blog/2026-08-08-products-auto-613b49/,yes,no,yes,0,3,ORPHAN
https://honsamnote.co.kr/blog/2026-08-08-products-auto-57c503/,post,yes,https://honsamnote.co.kr/blog/2026-08-08-products-auto-57c503/,yes,no,yes,0,3,ORPHAN
https://honsamnote.co.kr/blog/2026-08-08-products-auto-3f53f6/,post,yes,https://honsamnote.co.kr/blog/2026-08-08-products-auto-3f53f6/,yes,no,yes,0,3,ORPHAN
https://honsamnote.co.kr/blog/2026-08-08-products-auto-38bb22/,post,yes,https://honsamnote.co.kr/blog/2026-08-08-products-auto-38bb22/,yes,no,yes,0,3,ORPHAN
https://honsamnote.co.kr/blog/2026-08-08-products-auto-3477b8/,post,yes,https://honsamnote.co.kr/blog/2026-08-08-products-auto-3477b8/,yes,no,yes,0,3,ORPHAN
https://honsamnote.co.kr/blog/2026-08-08-products-auto-06056d/,post,yes,https://honsamnote.co.kr/blog/2026-08-08-products-auto-06056d/,yes,no,yes,0,3,ORPHAN
https://honsamnote.co.kr/blog/2026-08-08-lifestyle-auto-dd0e67/,post,yes,https://honsamnote.co.kr/blog/2026-08-08-lifestyle-auto-dd0e67/,yes,no,yes,0,3,ORPHAN
https://honsamnote.co.kr/blog/2026-08-08-lifestyle-auto-9fe492/,post,yes,https://honsamnote.co.kr/blog/2026-08-08-lifestyle-auto-9fe492/,yes,no,yes,0,3,ORPHAN
https://honsamnote.co.kr/blog/2026-08-08-lifestyle-auto-83e6d5/,post,yes,https://honsamnote.co.kr/blog/2026-08-08-lifestyle-auto-83e6d5/,yes,no,yes,0,3,ORPHAN
https://honsamnote.co.kr/blog/2026-08-08-lifestyle-auto-4e7860/,post,yes,https://honsamnote.co.kr/blog/2026-08-08-lifestyle-auto-4e7860/,yes,no,yes,0,3,ORPHAN
https://honsamnote.co.kr/blog/2026-08-08-housing-auto-fd6c09/,post,yes,https://honsamnote.co.kr/blog/2026-08-08-housing-auto-fd6c09/,yes,no,yes,0,3,ORPHAN
https://honsamnote.co.kr/blog/2026-08-08-housing-auto-d2c1ed/,post,yes,https://honsamnote.co.kr/blog/2026-08-08-housing-auto-d2c1ed/,yes,no,yes,0,3,ORPHAN
https://honsamnote.co.kr/blog/2026-08-08-housing-auto-8b0461/,post,yes,https://honsamnote.co.kr/blog/2026-08-08-housing-auto-8b0461/,yes,no,yes,0,3,ORPHAN
https://honsamnote.co.kr/blog/2026-08-08-housing-auto-82f28f/,post,yes,https://honsamnote.co.kr/blog/2026-08-08-housing-auto-82f28f/,yes,no,yes,0,3,ORPHAN
https://honsamnote.co.kr/blog/2026-08-08-housing-auto-4e32dc/,post,yes,https://honsamnote.co.kr/blog/2026-08-08-housing-auto-4e32dc/,yes,no,yes,0,3,ORPHAN
https://honsamnote.co.kr/blog/2026-08-08-food-auto-cfd186/,post,yes,https://honsamnote.co.kr/blog/2026-08-08-food-auto-cfd186/,yes,no,yes,0,3,ORPHAN
https://honsamnote.co.kr/blog/2026-08-08-food-auto-9b0e80/,post,yes,https://honsamnote.co.kr/blog/2026-08-08-food-auto-9b0e80/,yes,no,yes,0,3,ORPHAN
https://honsamnote.co.kr/blog/2026-08-08-food-auto-89f7c0/,post,yes,https://honsamnote.co.kr/blog/2026-08-08-food-auto-89f7c0/,yes,no,yes,0,3,ORPHAN
https://honsamnote.co.kr/blog/2026-08-08-food-auto-89ea49/,post,yes,https://honsamnote.co.kr/blog/2026-08-08-food-auto-89ea49/,yes,no,yes,0,3,ORPHAN
https://honsamnote.co.kr/blog/2026-08-08-food-auto-76d24e/,post,yes,https://honsamnote.co.kr/blog/2026-08-08-food-auto-76d24e/,yes,no,yes,0,3,ORPHAN
https://honsamnote.co.kr/blog/2026-08-08-food-auto-6f0a23/,post,yes,https://honsamnote.co.kr/blog/2026-08-08-food-auto-6f0a23/,yes,no,yes,0,3,ORPHAN
https://honsamnote.co.kr/blog/2026-08-08-food-auto-476c5f/,post,yes,https://honsamnote.co.kr/blog/2026-08-08-food-auto-476c5f/,yes,no,yes,0,3,ORPHAN
https://honsamnote.co.kr/blog/2026-08-08-food-auto-2c836a/,post,yes,https://honsamnote.co.kr/blog/2026-08-08-food-auto-2c836a/,yes,no,yes,0,3,ORPHAN
https://honsamnote.co.kr/blog/2026-08-08-food-auto-0ac2e1/,post,yes,https://honsamnote.co.kr/blog/2026-08-08-food-auto-0ac2e1/,yes,no,yes,0,3,ORPHAN
https://honsamnote.co.kr/blog/2026-08-08-cost-auto-c1b0b5/,post,yes,https://honsamnote.co.kr/blog/2026-08-08-cost-auto-c1b0b5/,yes,no,yes,0,3,ORPHAN
https://honsamnote.co.kr/blog/2026-08-08-cost-auto-bbb3d7/,post,yes,https://honsamnote.co.kr/blog/2026-08-08-cost-auto-bbb3d7/,yes,no,yes,0,3,ORPHAN
https://honsamnote.co.kr/blog/2026-08-08-cost-auto-770f4a/,post,yes,https://honsamnote.co.kr/blog/2026-08-08-cost-auto-770f4a/,yes,no,yes,0,3,ORPHAN
https://honsamnote.co.kr/blog/2026-08-08-cost-auto-65e819/,post,yes,https://honsamnote.co.kr/blog/2026-08-08-cost-auto-65e819/,yes,no,yes,0,3,ORPHAN
https://honsamnote.co.kr/blog/2026-08-08-cost-auto-123a00/,post,yes,https://honsamnote.co.kr/blog/2026-08-08-cost-auto-123a00/,yes,no,yes,0,3,ORPHAN
https://honsamnote.co.kr/blog/2026-08-08-cleaning-auto-e6a45e/,post,yes,https://honsamnote.co.kr/blog/2026-08-08-cleaning-auto-e6a45e/,yes,no,yes,3,3,incoming:3
https://honsamnote.co.kr/blog/2026-08-08-cleaning-auto-e0020a/,post,yes,https://honsamnote.co.kr/blog/2026-08-08-cleaning-auto-e0020a/,yes,no,yes,0,3,ORPHAN
https://honsamnote.co.kr/blog/2026-08-08-cleaning-auto-c188df/,post,yes,https://honsamnote.co.kr/blog/2026-08-08-cleaning-auto-c188df/,yes,no,yes,0,3,ORPHAN
https://honsamnote.co.kr/blog/2026-08-08-cleaning-auto-b16ac0/,post,yes,https://honsamnote.co.kr/blog/2026-08-08-cleaning-auto-b16ac0/,yes,no,yes,0,3,ORPHAN
https://honsamnote.co.kr/blog/2026-08-08-cleaning-auto-a4c61f/,post,yes,https://honsamnote.co.kr/blog/2026-08-08-cleaning-auto-a4c61f/,yes,no,yes,0,3,ORPHAN
https://honsamnote.co.kr/blog/2026-08-08-cleaning-auto-a279f2/,post,yes,https://honsamnote.co.kr/blog/2026-08-08-cleaning-auto-a279f2/,yes,no,yes,0,3,ORPHAN
https://honsamnote.co.kr/blog/2026-08-08-cleaning-auto-4d4ce4/,post,yes,https://honsamnote.co.kr/blog/2026-08-08-cleaning-auto-4d4ce4/,yes,no,yes,0,3,ORPHAN
https://honsamnote.co.kr/blog/2026-08-08-cleaning-auto-3b9de2/,post,yes,https://honsamnote.co.kr/blog/2026-08-08-cleaning-auto-3b9de2/,yes,no,yes,1,3,incoming:1
https://honsamnote.co.kr/blog/2026-08-08-cleaning-auto-176b73/,post,yes,https://honsamnote.co.kr/blog/2026-08-08-cleaning-auto-176b73/,yes,no,yes,0,3,ORPHAN
https://honsamnote.co.kr/blog/2026-08-07-storage-auto-ffedfc/,post,yes,https://honsamnote.co.kr/blog/2026-08-07-storage-auto-ffedfc/,yes,no,yes,0,3,ORPHAN
https://honsamnote.co.kr/blog/2026-08-07-storage-auto-fcc47d/,post,yes,https://honsamnote.co.kr/blog/2026-08-07-storage-auto-fcc47d/,yes,no,yes,0,3,ORPHAN
https://honsamnote.co.kr/blog/2026-08-07-storage-auto-ee20dc/,post,yes,https://honsamnote.co.kr/blog/2026-08-07-storage-auto-ee20dc/,yes,no,yes,0,3,ORPHAN
https://honsamnote.co.kr/blog/2026-08-07-storage-auto-c71b14/,post,yes,https://honsamnote.co.kr/blog/2026-08-07-storage-auto-c71b14/,yes,no,yes,0,3,ORPHAN
https://honsamnote.co.kr/blog/2026-08-07-storage-auto-b02bd8/,post,yes,https://honsamnote.co.kr/blog/2026-08-07-storage-auto-b02bd8/,yes,no,yes,0,3,ORPHAN
https://honsamnote.co.kr/blog/2026-08-07-storage-auto-6dca4b/,post,yes,https://honsamnote.co.kr/blog/2026-08-07-storage-auto-6dca4b/,yes,no,yes,1,3,incoming:1
https://honsamnote.co.kr/blog/2026-08-07-storage-auto-613d62/,post,yes,https://honsamnote.co.kr/blog/2026-08-07-storage-auto-613d62/,yes,no,yes,0,3,ORPHAN
https://honsamnote.co.kr/blog/2026-08-07-storage-auto-54d5cd/,post,yes,https://honsamnote.co.kr/blog/2026-08-07-storage-auto-54d5cd/,yes,no,yes,2,3,incoming:2
https://honsamnote.co.kr/blog/2026-08-07-storage-auto-4a268b/,post,yes,https://honsamnote.co.kr/blog/2026-08-07-storage-auto-4a268b/,yes,no,yes,0,3,ORPHAN
https://honsamnote.co.kr/blog/2026-08-07-storage-auto-3c236f/,post,yes,https://honsamnote.co.kr/blog/2026-08-07-storage-auto-3c236f/,yes,no,yes,1,3,incoming:1
https://honsamnote.co.kr/blog/2026-08-07-storage-auto-2cdaeb/,post,yes,https://honsamnote.co.kr/blog/2026-08-07-storage-auto-2cdaeb/,yes,no,yes,0,3,ORPHAN
https://honsamnote.co.kr/blog/2026-08-07-storage-auto-18dbcb/,post,yes,https://honsamnote.co.kr/blog/2026-08-07-storage-auto-18dbcb/,yes,no,yes,0,3,ORPHAN
https://honsamnote.co.kr/blog/2026-08-07-safety-auto-eecdaa/,post,yes,https://honsamnote.co.kr/blog/2026-08-07-safety-auto-eecdaa/,yes,no,yes,0,3,ORPHAN
https://honsamnote.co.kr/blog/2026-08-07-safety-auto-e50d7a/,post,yes,https://honsamnote.co.kr/blog/2026-08-07-safety-auto-e50d7a/,yes,no,yes,0,3,ORPHAN
https://honsamnote.co.kr/blog/2026-08-07-safety-auto-a9b07e/,post,yes,https://honsamnote.co.kr/blog/2026-08-07-safety-auto-a9b07e/,yes,no,yes,0,3,ORPHAN
https://honsamnote.co.kr/blog/2026-08-07-safety-auto-86e30d/,post,yes,https://honsamnote.co.kr/blog/2026-08-07-safety-auto-86e30d/,yes,no,yes,0,3,ORPHAN
https://honsamnote.co.kr/blog/2026-08-07-safety-auto-7d89fc/,post,yes,https://honsamnote.co.kr/blog/2026-08-07-safety-auto-7d89fc/,yes,no,yes,0,3,ORPHAN
https://honsamnote.co.kr/blog/2026-08-07-safety-auto-7d0e1d/,post,yes,https://honsamnote.co.kr/blog/2026-08-07-safety-auto-7d0e1d/,yes,no,yes,0,3,ORPHAN
https://honsamnote.co.kr/blog/2026-08-07-safety-auto-6b24c5/,post,yes,https://honsamnote.co.kr/blog/2026-08-07-safety-auto-6b24c5/,yes,no,yes,0,3,ORPHAN
https://honsamnote.co.kr/blog/2026-08-07-safety-auto-5a549d/,post,yes,https://honsamnote.co.kr/blog/2026-08-07-safety-auto-5a549d/,yes,no,yes,0,3,ORPHAN
https://honsamnote.co.kr/blog/2026-08-07-safety-auto-580f1f/,post,yes,https://honsamnote.co.kr/blog/2026-08-07-safety-auto-580f1f/,yes,no,yes,0,3,ORPHAN
https://honsamnote.co.kr/blog/2026-08-07-safety-auto-22735c/,post,yes,https://honsamnote.co.kr/blog/2026-08-07-safety-auto-22735c/,yes,no,yes,0,3,ORPHAN
https://honsamnote.co.kr/blog/2026-08-07-safety-auto-0d1c1b/,post,yes,https://honsamnote.co.kr/blog/2026-08-07-safety-auto-0d1c1b/,yes,no,yes,0,3,ORPHAN
https://honsamnote.co.kr/blog/2026-08-07-products-auto-e9e85e/,post,yes,https://honsamnote.co.kr/blog/2026-08-07-products-auto-e9e85e/,yes,no,yes,0,3,ORPHAN
https://honsamnote.co.kr/blog/2026-08-07-products-auto-d33666/,post,yes,https://honsamnote.co.kr/blog/2026-08-07-products-auto-d33666/,yes,no,yes,0,3,ORPHAN
https://honsamnote.co.kr/blog/2026-08-07-products-auto-bd7178/,post,yes,https://honsamnote.co.kr/blog/2026-08-07-products-auto-bd7178/,yes,no,yes,0,3,ORPHAN
https://honsamnote.co.kr/blog/2026-08-07-products-auto-b07e5f/,post,yes,https://honsamnote.co.kr/blog/2026-08-07-products-auto-b07e5f/,yes,no,yes,0,3,ORPHAN
https://honsamnote.co.kr/blog/2026-08-07-products-auto-75313c/,post,yes,https://honsamnote.co.kr/blog/2026-08-07-products-auto-75313c/,yes,no,yes,0,3,ORPHAN
https://honsamnote.co.kr/blog/2026-08-07-products-auto-5c0731/,post,yes,https://honsamnote.co.kr/blog/2026-08-07-products-auto-5c0731/,yes,no,yes,0,3,ORPHAN
https://honsamnote.co.kr/blog/2026-08-07-products-auto-462713/,post,yes,https://honsamnote.co.kr/blog/2026-08-07-products-auto-462713/,yes,no,yes,0,3,ORPHAN
https://honsamnote.co.kr/blog/2026-08-07-products-auto-4602dc/,post,yes,https://honsamnote.co.kr/blog/2026-08-07-products-auto-4602dc/,yes,no,yes,0,3,ORPHAN
https://honsamnote.co.kr/blog/2026-08-07-products-auto-2fe4a8/,post,yes,https://honsamnote.co.kr/blog/2026-08-07-products-auto-2fe4a8/,yes,no,yes,0,3,ORPHAN
https://honsamnote.co.kr/blog/2026-08-07-products-auto-0e769c/,post,yes,https://honsamnote.co.kr/blog/2026-08-07-products-auto-0e769c/,yes,no,yes,0,3,ORPHAN
https://honsamnote.co.kr/blog/2026-08-07-products-auto-074e7a/,post,yes,https://honsamnote.co.kr/blog/2026-08-07-products-auto-074e7a/,yes,no,yes,0,3,ORPHAN
https://honsamnote.co.kr/blog/2026-08-07-lifestyle-auto-c39ec1/,post,yes,https://honsamnote.co.kr/blog/2026-08-07-lifestyle-auto-c39ec1/,yes,no,yes,0,3,ORPHAN
https://honsamnote.co.kr/blog/2026-08-07-lifestyle-auto-6e452d/,post,yes,https://honsamnote.co.kr/blog/2026-08-07-lifestyle-auto-6e452d/,yes,no,yes,0,3,ORPHAN
https://honsamnote.co.kr/blog/2026-08-07-lifestyle-auto-6d2617/,post,yes,https://honsamnote.co.kr/blog/2026-08-07-lifestyle-auto-6d2617/,yes,no,yes,0,3,ORPHAN
https://honsamnote.co.kr/blog/2026-08-07-lifestyle-auto-0b115c/,post,yes,https://honsamnote.co.kr/blog/2026-08-07-lifestyle-auto-0b115c/,yes,no,yes,0,3,ORPHAN
https://honsamnote.co.kr/blog/2026-08-07-housing-auto-eb35f1/,post,yes,https://honsamnote.co.kr/blog/2026-08-07-housing-auto-eb35f1/,yes,no,yes,0,3,ORPHAN
https://honsamnote.co.kr/blog/2026-08-07-housing-auto-e33294/,post,yes,https://honsamnote.co.kr/blog/2026-08-07-housing-auto-e33294/,yes,no,yes,0,3,ORPHAN
https://honsamnote.co.kr/blog/2026-08-07-housing-auto-baa8f0/,post,yes,https://honsamnote.co.kr/blog/2026-08-07-housing-auto-baa8f0/,yes,no,yes,0,3,ORPHAN
https://honsamnote.co.kr/blog/2026-08-07-housing-auto-5dd703/,post,yes,https://honsamnote.co.kr/blog/2026-08-07-housing-auto-5dd703/,yes,no,yes,0,3,ORPHAN
https://honsamnote.co.kr/blog/2026-08-07-housing-auto-0bc6a2/,post,yes,https://honsamnote.co.kr/blog/2026-08-07-housing-auto-0bc6a2/,yes,no,yes,0,3,ORPHAN
https://honsamnote.co.kr/blog/2026-08-07-food-auto-f5cf37/,post,yes,https://honsamnote.co.kr/blog/2026-08-07-food-auto-f5cf37/,yes,no,yes,0,3,ORPHAN
https://honsamnote.co.kr/blog/2026-08-07-food-auto-e08b8c/,post,yes,https://honsamnote.co.kr/blog/2026-08-07-food-auto-e08b8c/,yes,no,yes,0,3,ORPHAN
https://honsamnote.co.kr/blog/2026-08-07-food-auto-c3ab2b/,post,yes,https://honsamnote.co.kr/blog/2026-08-07-food-auto-c3ab2b/,yes,no,yes,0,3,ORPHAN
https://honsamnote.co.kr/blog/2026-08-07-food-auto-bb56bf/,post,yes,https://honsamnote.co.kr/blog/2026-08-07-food-auto-bb56bf/,yes,no,yes,0,3,ORPHAN
https://honsamnote.co.kr/blog/2026-08-07-food-auto-9b0d72/,post,yes,https://honsamnote.co.kr/blog/2026-08-07-food-auto-9b0d72/,yes,no,yes,0,3,ORPHAN
https://honsamnote.co.kr/blog/2026-08-07-food-auto-78eff9/,post,yes,https://honsamnote.co.kr/blog/2026-08-07-food-auto-78eff9/,yes,no,yes,0,3,ORPHAN
https://honsamnote.co.kr/blog/2026-08-07-food-auto-5b5eb1/,post,yes,https://honsamnote.co.kr/blog/2026-08-07-food-auto-5b5eb1/,yes,no,yes,0,3,ORPHAN
https://honsamnote.co.kr/blog/2026-08-07-food-auto-55d572/,post,yes,https://honsamnote.co.kr/blog/2026-08-07-food-auto-55d572/,yes,no,yes,0,3,ORPHAN
https://honsamnote.co.kr/blog/2026-08-07-food-auto-44e578/,post,yes,https://honsamnote.co.kr/blog/2026-08-07-food-auto-44e578/,yes,no,yes,0,3,ORPHAN
https://honsamnote.co.kr/blog/2026-08-07-food-auto-18079e/,post,yes,https://honsamnote.co.kr/blog/2026-08-07-food-auto-18079e/,yes,no,yes,0,3,ORPHAN
https://honsamnote.co.kr/blog/2026-08-07-food-auto-13d75f/,post,yes,https://honsamnote.co.kr/blog/2026-08-07-food-auto-13d75f/,yes,no,yes,0,3,ORPHAN
https://honsamnote.co.kr/blog/2026-08-07-food-auto-0e8387/,post,yes,https://honsamnote.co.kr/blog/2026-08-07-food-auto-0e8387/,yes,no,yes,0,3,ORPHAN
https://honsamnote.co.kr/blog/2026-08-07-cost-auto-efcd2f/,post,yes,https://honsamnote.co.kr/blog/2026-08-07-cost-auto-efcd2f/,yes,no,yes,0,3,ORPHAN
https://honsamnote.co.kr/blog/2026-08-07-cost-auto-d674a8/,post,yes,https://honsamnote.co.kr/blog/2026-08-07-cost-auto-d674a8/,yes,no,yes,0,3,ORPHAN
https://honsamnote.co.kr/blog/2026-08-07-cost-auto-b1ff82/,post,yes,https://honsamnote.co.kr/blog/2026-08-07-cost-auto-b1ff82/,yes,no,yes,0,3,ORPHAN
https://honsamnote.co.kr/blog/2026-08-07-cost-auto-846842/,post,yes,https://honsamnote.co.kr/blog/2026-08-07-cost-auto-846842/,yes,no,yes,0,3,ORPHAN
https://honsamnote.co.kr/blog/2026-08-07-cost-auto-811cef/,post,yes,https://honsamnote.co.kr/blog/2026-08-07-cost-auto-811cef/,yes,no,yes,0,3,ORPHAN
https://honsamnote.co.kr/blog/2026-08-07-cost-auto-7256ba/,post,yes,https://honsamnote.co.kr/blog/2026-08-07-cost-auto-7256ba/,yes,no,yes,0,3,ORPHAN
https://honsamnote.co.kr/blog/2026-08-07-cost-auto-431981/,post,yes,https://honsamnote.co.kr/blog/2026-08-07-cost-auto-431981/,yes,no,yes,0,3,ORPHAN
https://honsamnote.co.kr/blog/2026-08-07-cost-auto-24b43b/,post,yes,https://honsamnote.co.kr/blog/2026-08-07-cost-auto-24b43b/,yes,no,yes,0,3,ORPHAN
https://honsamnote.co.kr/blog/2026-08-07-cost-auto-0c25d9/,post,yes,https://honsamnote.co.kr/blog/2026-08-07-cost-auto-0c25d9/,yes,no,yes,0,3,ORPHAN
https://honsamnote.co.kr/blog/2026-08-07-cleaning-auto-f46339/,post,yes,https://honsamnote.co.kr/blog/2026-08-07-cleaning-auto-f46339/,yes,no,yes,0,3,ORPHAN
https://honsamnote.co.kr/blog/2026-08-07-cleaning-auto-f340ae/,post,yes,https://honsamnote.co.kr/blog/2026-08-07-cleaning-auto-f340ae/,yes,no,yes,0,3,ORPHAN
https://honsamnote.co.kr/blog/2026-08-07-cleaning-auto-ef484e/,post,yes,https://honsamnote.co.kr/blog/2026-08-07-cleaning-auto-ef484e/,yes,no,yes,0,3,ORPHAN
https://honsamnote.co.kr/blog/2026-08-07-cleaning-auto-e52e72/,post,yes,https://honsamnote.co.kr/blog/2026-08-07-cleaning-auto-e52e72/,yes,no,yes,0,3,ORPHAN
https://honsamnote.co.kr/blog/2026-08-07-cleaning-auto-d3c72b/,post,yes,https://honsamnote.co.kr/blog/2026-08-07-cleaning-auto-d3c72b/,yes,no,yes,0,3,ORPHAN
https://honsamnote.co.kr/blog/2026-08-07-cleaning-auto-cb5dfe/,post,yes,https://honsamnote.co.kr/blog/2026-08-07-cleaning-auto-cb5dfe/,yes,no,yes,0,3,ORPHAN
https://honsamnote.co.kr/blog/2026-08-07-cleaning-auto-c3121d/,post,yes,https://honsamnote.co.kr/blog/2026-08-07-cleaning-auto-c3121d/,yes,no,yes,0,3,ORPHAN
https://honsamnote.co.kr/blog/2026-08-07-cleaning-auto-5100a8/,post,yes,https://honsamnote.co.kr/blog/2026-08-07-cleaning-auto-5100a8/,yes,no,yes,0,3,ORPHAN
https://honsamnote.co.kr/blog/2026-08-07-cleaning-auto-40f096/,post,yes,https://honsamnote.co.kr/blog/2026-08-07-cleaning-auto-40f096/,yes,no,yes,0,3,ORPHAN
https://honsamnote.co.kr/blog/2026-08-07-cleaning-auto-27a7fe/,post,yes,https://honsamnote.co.kr/blog/2026-08-07-cleaning-auto-27a7fe/,yes,no,yes,0,3,ORPHAN
https://honsamnote.co.kr/blog/2026-08-07-cleaning-auto-21d8af/,post,yes,https://honsamnote.co.kr/blog/2026-08-07-cleaning-auto-21d8af/,yes,no,yes,0,3,ORPHAN
https://honsamnote.co.kr/blog/2026-08-07-cleaning-auto-1c4212/,post,yes,https://honsamnote.co.kr/blog/2026-08-07-cleaning-auto-1c4212/,yes,no,yes,0,3,ORPHAN
https://honsamnote.co.kr/blog/2026-08-06-storage-auto-ee77b8/,post,yes,https://honsamnote.co.kr/blog/2026-08-06-storage-auto-ee77b8/,yes,no,yes,0,3,ORPHAN
https://honsamnote.co.kr/blog/2026-08-06-storage-auto-ddb1d8/,post,yes,https://honsamnote.co.kr/blog/2026-08-06-storage-auto-ddb1d8/,yes,no,yes,1,3,incoming:1
https://honsamnote.co.kr/blog/2026-08-06-storage-auto-d7c10d/,post,yes,https://honsamnote.co.kr/blog/2026-08-06-storage-auto-d7c10d/,yes,no,yes,1,3,incoming:1
https://honsamnote.co.kr/blog/2026-08-06-storage-auto-c25261/,post,yes,https://honsamnote.co.kr/blog/2026-08-06-storage-auto-c25261/,yes,no,yes,1,3,incoming:1
https://honsamnote.co.kr/blog/2026-08-06-storage-auto-c14a3a/,post,yes,https://honsamnote.co.kr/blog/2026-08-06-storage-auto-c14a3a/,yes,no,yes,0,3,ORPHAN
https://honsamnote.co.kr/blog/2026-08-06-storage-auto-bb011a/,post,yes,https://honsamnote.co.kr/blog/2026-08-06-storage-auto-bb011a/,yes,no,yes,0,3,ORPHAN
https://honsamnote.co.kr/blog/2026-08-06-storage-auto-b1740f/,post,yes,https://honsamnote.co.kr/blog/2026-08-06-storage-auto-b1740f/,yes,no,yes,1,3,incoming:1
https://honsamnote.co.kr/blog/2026-08-06-storage-auto-ae69e9/,post,yes,https://honsamnote.co.kr/blog/2026-08-06-storage-auto-ae69e9/,yes,no,yes,0,3,ORPHAN
https://honsamnote.co.kr/blog/2026-08-06-storage-auto-772373/,post,yes,https://honsamnote.co.kr/blog/2026-08-06-storage-auto-772373/,yes,no,yes,2,3,incoming:2
https://honsamnote.co.kr/blog/2026-08-06-storage-auto-5477a3/,post,yes,https://honsamnote.co.kr/blog/2026-08-06-storage-auto-5477a3/,yes,no,yes,0,3,ORPHAN
https://honsamnote.co.kr/blog/2026-08-06-storage-auto-53c51c/,post,yes,https://honsamnote.co.kr/blog/2026-08-06-storage-auto-53c51c/,yes,no,yes,1,3,incoming:1
https://honsamnote.co.kr/blog/2026-08-06-storage-auto-4e768a/,post,yes,https://honsamnote.co.kr/blog/2026-08-06-storage-auto-4e768a/,yes,no,yes,0,3,ORPHAN
https://honsamnote.co.kr/blog/2026-08-06-storage-auto-239c0d/,post,yes,https://honsamnote.co.kr/blog/2026-08-06-storage-auto-239c0d/,yes,no,yes,0,3,ORPHAN
https://honsamnote.co.kr/blog/2026-08-06-storage-auto-19a86d/,post,yes,https://honsamnote.co.kr/blog/2026-08-06-storage-auto-19a86d/,yes,no,yes,0,3,ORPHAN
https://honsamnote.co.kr/blog/2026-08-06-storage-auto-11ba62/,post,yes,https://honsamnote.co.kr/blog/2026-08-06-storage-auto-11ba62/,yes,no,yes,0,3,ORPHAN
https://honsamnote.co.kr/blog/2026-08-06-safety-auto-ec7c17/,post,yes,https://honsamnote.co.kr/blog/2026-08-06-safety-auto-ec7c17/,yes,no,yes,0,3,ORPHAN
https://honsamnote.co.kr/blog/2026-08-06-safety-auto-d2f981/,post,yes,https://honsamnote.co.kr/blog/2026-08-06-safety-auto-d2f981/,yes,no,yes,0,3,ORPHAN
https://honsamnote.co.kr/blog/2026-08-06-safety-auto-b35351/,post,yes,https://honsamnote.co.kr/blog/2026-08-06-safety-auto-b35351/,yes,no,yes,0,3,ORPHAN
https://honsamnote.co.kr/blog/2026-08-06-safety-auto-b04dc4/,post,yes,https://honsamnote.co.kr/blog/2026-08-06-safety-auto-b04dc4/,yes,no,yes,0,3,ORPHAN
https://honsamnote.co.kr/blog/2026-08-06-safety-auto-a5c266/,post,yes,https://honsamnote.co.kr/blog/2026-08-06-safety-auto-a5c266/,yes,no,yes,0,3,ORPHAN
https://honsamnote.co.kr/blog/2026-08-06-safety-auto-9df39e/,post,yes,https://honsamnote.co.kr/blog/2026-08-06-safety-auto-9df39e/,yes,no,yes,0,3,ORPHAN
https://honsamnote.co.kr/blog/2026-08-06-safety-auto-97b7d5/,post,yes,https://honsamnote.co.kr/blog/2026-08-06-safety-auto-97b7d5/,yes,no,yes,0,3,ORPHAN
https://honsamnote.co.kr/blog/2026-08-06-safety-auto-8dc9e3/,post,yes,https://honsamnote.co.kr/blog/2026-08-06-safety-auto-8dc9e3/,yes,no,yes,0,3,ORPHAN
https://honsamnote.co.kr/blog/2026-08-06-safety-auto-669f80/,post,yes,https://honsamnote.co.kr/blog/2026-08-06-safety-auto-669f80/,yes,no,yes,0,3,ORPHAN
https://honsamnote.co.kr/blog/2026-08-06-safety-auto-5817e5/,post,yes,https://honsamnote.co.kr/blog/2026-08-06-safety-auto-5817e5/,yes,no,yes,0,3,ORPHAN
https://honsamnote.co.kr/blog/2026-08-06-safety-auto-425601/,post,yes,https://honsamnote.co.kr/blog/2026-08-06-safety-auto-425601/,yes,no,yes,0,3,ORPHAN
https://honsamnote.co.kr/blog/2026-08-06-safety-auto-3d7ecc/,post,yes,https://honsamnote.co.kr/blog/2026-08-06-safety-auto-3d7ecc/,yes,no,yes,0,3,ORPHAN
https://honsamnote.co.kr/blog/2026-08-06-safety-auto-21374d/,post,yes,https://honsamnote.co.kr/blog/2026-08-06-safety-auto-21374d/,yes,no,yes,0,3,ORPHAN
https://honsamnote.co.kr/blog/2026-08-06-safety-auto-0b96ff/,post,yes,https://honsamnote.co.kr/blog/2026-08-06-safety-auto-0b96ff/,yes,no,yes,0,3,ORPHAN
https://honsamnote.co.kr/blog/2026-08-06-safety-auto-063890/,post,yes,https://honsamnote.co.kr/blog/2026-08-06-safety-auto-063890/,yes,no,yes,0,3,ORPHAN
https://honsamnote.co.kr/blog/2026-08-06-products-auto-f84639/,post,yes,https://honsamnote.co.kr/blog/2026-08-06-products-auto-f84639/,yes,no,yes,0,3,ORPHAN
https://honsamnote.co.kr/blog/2026-08-06-products-auto-be51b1/,post,yes,https://honsamnote.co.kr/blog/2026-08-06-products-auto-be51b1/,yes,no,yes,0,3,ORPHAN
https://honsamnote.co.kr/blog/2026-08-06-products-auto-b9fc71/,post,yes,https://honsamnote.co.kr/blog/2026-08-06-products-auto-b9fc71/,yes,no,yes,0,3,ORPHAN
https://honsamnote.co.kr/blog/2026-08-06-products-auto-b3c106/,post,yes,https://honsamnote.co.kr/blog/2026-08-06-products-auto-b3c106/,yes,no,yes,0,3,ORPHAN
https://honsamnote.co.kr/blog/2026-08-06-products-auto-aad52f/,post,yes,https://honsamnote.co.kr/blog/2026-08-06-products-auto-aad52f/,yes,no,yes,0,3,ORPHAN
https://honsamnote.co.kr/blog/2026-08-06-products-auto-a2fa71/,post,yes,https://honsamnote.co.kr/blog/2026-08-06-products-auto-a2fa71/,yes,no,yes,0,3,ORPHAN
https://honsamnote.co.kr/blog/2026-08-06-products-auto-9bb85c/,post,yes,https://honsamnote.co.kr/blog/2026-08-06-products-auto-9bb85c/,yes,no,yes,0,3,ORPHAN
https://honsamnote.co.kr/blog/2026-08-06-products-auto-99b34b/,post,yes,https://honsamnote.co.kr/blog/2026-08-06-products-auto-99b34b/,yes,no,yes,0,3,ORPHAN
https://honsamnote.co.kr/blog/2026-08-06-products-auto-707d16/,post,yes,https://honsamnote.co.kr/blog/2026-08-06-products-auto-707d16/,yes,no,yes,0,3,ORPHAN
https://honsamnote.co.kr/blog/2026-08-06-products-auto-6e0ac5/,post,yes,https://honsamnote.co.kr/blog/2026-08-06-products-auto-6e0ac5/,yes,no,yes,0,3,ORPHAN
https://honsamnote.co.kr/blog/2026-08-06-products-auto-5b74f3/,post,yes,https://honsamnote.co.kr/blog/2026-08-06-products-auto-5b74f3/,yes,no,yes,0,3,ORPHAN
https://honsamnote.co.kr/blog/2026-08-06-products-auto-44e274/,post,yes,https://honsamnote.co.kr/blog/2026-08-06-products-auto-44e274/,yes,no,yes,0,3,ORPHAN
https://honsamnote.co.kr/blog/2026-08-06-products-auto-2eb0f5/,post,yes,https://honsamnote.co.kr/blog/2026-08-06-products-auto-2eb0f5/,yes,no,yes,0,3,ORPHAN
https://honsamnote.co.kr/blog/2026-08-06-products-auto-1d916e/,post,yes,https://honsamnote.co.kr/blog/2026-08-06-products-auto-1d916e/,yes,no,yes,0,3,ORPHAN
https://honsamnote.co.kr/blog/2026-08-06-products-auto-17f494/,post,yes,https://honsamnote.co.kr/blog/2026-08-06-products-auto-17f494/,yes,no,yes,0,3,ORPHAN
https://honsamnote.co.kr/blog/2026-08-06-lifestyle-auto-dd68b0/,post,yes,https://honsamnote.co.kr/blog/2026-08-06-lifestyle-auto-dd68b0/,yes,no,yes,0,3,ORPHAN
https://honsamnote.co.kr/blog/2026-08-06-lifestyle-auto-bf4537/,post,yes,https://honsamnote.co.kr/blog/2026-08-06-lifestyle-auto-bf4537/,yes,no,yes,0,3,ORPHAN
https://honsamnote.co.kr/blog/2026-08-06-lifestyle-auto-91c019/,post,yes,https://honsamnote.co.kr/blog/2026-08-06-lifestyle-auto-91c019/,yes,no,yes,1,3,incoming:1
https://honsamnote.co.kr/blog/2026-08-06-lifestyle-auto-7d8463/,post,yes,https://honsamnote.co.kr/blog/2026-08-06-lifestyle-auto-7d8463/,yes,no,yes,0,3,ORPHAN
https://honsamnote.co.kr/blog/2026-08-06-lifestyle-auto-2e08db/,post,yes,https://honsamnote.co.kr/blog/2026-08-06-lifestyle-auto-2e08db/,yes,no,yes,0,3,ORPHAN
https://honsamnote.co.kr/blog/2026-08-06-housing-auto-baef02/,post,yes,https://honsamnote.co.kr/blog/2026-08-06-housing-auto-baef02/,yes,no,yes,0,3,ORPHAN
https://honsamnote.co.kr/blog/2026-08-06-housing-auto-9d6fe3/,post,yes,https://honsamnote.co.kr/blog/2026-08-06-housing-auto-9d6fe3/,yes,no,yes,0,3,ORPHAN
https://honsamnote.co.kr/blog/2026-08-06-housing-auto-849c13/,post,yes,https://honsamnote.co.kr/blog/2026-08-06-housing-auto-849c13/,yes,no,yes,0,3,ORPHAN
https://honsamnote.co.kr/blog/2026-08-06-housing-auto-778093/,post,yes,https://honsamnote.co.kr/blog/2026-08-06-housing-auto-778093/,yes,no,yes,0,3,ORPHAN
https://honsamnote.co.kr/blog/2026-08-06-housing-auto-5c27e6/,post,yes,https://honsamnote.co.kr/blog/2026-08-06-housing-auto-5c27e6/,yes,no,yes,0,3,ORPHAN
https://honsamnote.co.kr/blog/2026-08-06-housing-auto-36b1cd/,post,yes,https://honsamnote.co.kr/blog/2026-08-06-housing-auto-36b1cd/,yes,no,yes,0,3,ORPHAN
https://honsamnote.co.kr/blog/2026-08-06-housing-auto-1a9827/,post,yes,https://honsamnote.co.kr/blog/2026-08-06-housing-auto-1a9827/,yes,no,yes,0,3,ORPHAN
https://honsamnote.co.kr/blog/2026-08-06-housing-auto-1870eb/,post,yes,https://honsamnote.co.kr/blog/2026-08-06-housing-auto-1870eb/,yes,no,yes,0,3,ORPHAN
https://honsamnote.co.kr/blog/2026-08-06-food-auto-ef165d/,post,yes,https://honsamnote.co.kr/blog/2026-08-06-food-auto-ef165d/,yes,no,yes,0,3,ORPHAN
https://honsamnote.co.kr/blog/2026-08-06-food-auto-dea971/,post,yes,https://honsamnote.co.kr/blog/2026-08-06-food-auto-dea971/,yes,no,yes,0,3,ORPHAN
https://honsamnote.co.kr/blog/2026-08-06-food-auto-c5562a/,post,yes,https://honsamnote.co.kr/blog/2026-08-06-food-auto-c5562a/,yes,no,yes,0,3,ORPHAN
https://honsamnote.co.kr/blog/2026-08-06-food-auto-b02493/,post,yes,https://honsamnote.co.kr/blog/2026-08-06-food-auto-b02493/,yes,no,yes,0,3,ORPHAN
https://honsamnote.co.kr/blog/2026-08-06-food-auto-9e2cfe/,post,yes,https://honsamnote.co.kr/blog/2026-08-06-food-auto-9e2cfe/,yes,no,yes,0,3,ORPHAN
https://honsamnote.co.kr/blog/2026-08-06-food-auto-993221/,post,yes,https://honsamnote.co.kr/blog/2026-08-06-food-auto-993221/,yes,no,yes,0,3,ORPHAN
https://honsamnote.co.kr/blog/2026-08-06-food-auto-834b6e/,post,yes,https://honsamnote.co.kr/blog/2026-08-06-food-auto-834b6e/,yes,no,yes,0,3,ORPHAN
https://honsamnote.co.kr/blog/2026-08-06-food-auto-75ad3e/,post,yes,https://honsamnote.co.kr/blog/2026-08-06-food-auto-75ad3e/,yes,no,yes,0,3,ORPHAN
https://honsamnote.co.kr/blog/2026-08-06-food-auto-585c1b/,post,yes,https://honsamnote.co.kr/blog/2026-08-06-food-auto-585c1b/,yes,no,yes,0,3,ORPHAN
https://honsamnote.co.kr/blog/2026-08-06-food-auto-3a64d3/,post,yes,https://honsamnote.co.kr/blog/2026-08-06-food-auto-3a64d3/,yes,no,yes,0,3,ORPHAN
https://honsamnote.co.kr/blog/2026-08-06-food-auto-38c543/,post,yes,https://honsamnote.co.kr/blog/2026-08-06-food-auto-38c543/,yes,no,yes,0,3,ORPHAN
https://honsamnote.co.kr/blog/2026-08-06-food-auto-36b7bb/,post,yes,https://honsamnote.co.kr/blog/2026-08-06-food-auto-36b7bb/,yes,no,yes,0,3,ORPHAN
https://honsamnote.co.kr/blog/2026-08-06-food-auto-19b20f/,post,yes,https://honsamnote.co.kr/blog/2026-08-06-food-auto-19b20f/,yes,no,yes,1,3,incoming:1
https://honsamnote.co.kr/blog/2026-08-06-food-auto-06029f/,post,yes,https://honsamnote.co.kr/blog/2026-08-06-food-auto-06029f/,yes,no,yes,0,3,ORPHAN
https://honsamnote.co.kr/blog/2026-08-06-cost-auto-f652a0/,post,yes,https://honsamnote.co.kr/blog/2026-08-06-cost-auto-f652a0/,yes,no,yes,0,3,ORPHAN
https://honsamnote.co.kr/blog/2026-08-06-cost-auto-e8c32b/,post,yes,https://honsamnote.co.kr/blog/2026-08-06-cost-auto-e8c32b/,yes,no,yes,0,3,ORPHAN
https://honsamnote.co.kr/blog/2026-08-06-cost-auto-e2088d/,post,yes,https://honsamnote.co.kr/blog/2026-08-06-cost-auto-e2088d/,yes,no,yes,0,3,ORPHAN
https://honsamnote.co.kr/blog/2026-08-06-cost-auto-cfda8d/,post,yes,https://honsamnote.co.kr/blog/2026-08-06-cost-auto-cfda8d/,yes,no,yes,0,3,ORPHAN
https://honsamnote.co.kr/blog/2026-08-06-cost-auto-c59747/,post,yes,https://honsamnote.co.kr/blog/2026-08-06-cost-auto-c59747/,yes,no,yes,0,3,ORPHAN
https://honsamnote.co.kr/blog/2026-08-06-cost-auto-bf984a/,post,yes,https://honsamnote.co.kr/blog/2026-08-06-cost-auto-bf984a/,yes,no,yes,0,3,ORPHAN
https://honsamnote.co.kr/blog/2026-08-06-cost-auto-b32a96/,post,yes,https://honsamnote.co.kr/blog/2026-08-06-cost-auto-b32a96/,yes,no,yes,0,3,ORPHAN
https://honsamnote.co.kr/blog/2026-08-06-cost-auto-9d0ea4/,post,yes,https://honsamnote.co.kr/blog/2026-08-06-cost-auto-9d0ea4/,yes,no,yes,0,3,ORPHAN
https://honsamnote.co.kr/blog/2026-08-06-cost-auto-515c77/,post,yes,https://honsamnote.co.kr/blog/2026-08-06-cost-auto-515c77/,yes,no,yes,0,3,ORPHAN
https://honsamnote.co.kr/blog/2026-08-06-cost-auto-3826dd/,post,yes,https://honsamnote.co.kr/blog/2026-08-06-cost-auto-3826dd/,yes,no,yes,0,3,ORPHAN
https://honsamnote.co.kr/blog/2026-08-06-cost-auto-177634/,post,yes,https://honsamnote.co.kr/blog/2026-08-06-cost-auto-177634/,yes,no,yes,0,3,ORPHAN
https://honsamnote.co.kr/blog/2026-08-06-cleaning-auto-ff8d39/,post,yes,https://honsamnote.co.kr/blog/2026-08-06-cleaning-auto-ff8d39/,yes,no,yes,0,3,ORPHAN
https://honsamnote.co.kr/blog/2026-08-06-cleaning-auto-f4b529/,post,yes,https://honsamnote.co.kr/blog/2026-08-06-cleaning-auto-f4b529/,yes,no,yes,1,3,incoming:1
https://honsamnote.co.kr/blog/2026-08-06-cleaning-auto-ec8541/,post,yes,https://honsamnote.co.kr/blog/2026-08-06-cleaning-auto-ec8541/,yes,no,yes,0,3,ORPHAN
https://honsamnote.co.kr/blog/2026-08-06-cleaning-auto-eb5789/,post,yes,https://honsamnote.co.kr/blog/2026-08-06-cleaning-auto-eb5789/,yes,no,yes,1,3,incoming:1
https://honsamnote.co.kr/blog/2026-08-06-cleaning-auto-e80db8/,post,yes,https://honsamnote.co.kr/blog/2026-08-06-cleaning-auto-e80db8/,yes,no,yes,0,3,ORPHAN
https://honsamnote.co.kr/blog/2026-08-06-cleaning-auto-ba24cc/,post,yes,https://honsamnote.co.kr/blog/2026-08-06-cleaning-auto-ba24cc/,yes,no,yes,0,3,ORPHAN
https://honsamnote.co.kr/blog/2026-08-06-cleaning-auto-ab8bbf/,post,yes,https://honsamnote.co.kr/blog/2026-08-06-cleaning-auto-ab8bbf/,yes,no,yes,0,3,ORPHAN
https://honsamnote.co.kr/blog/2026-08-06-cleaning-auto-96ff36/,post,yes,https://honsamnote.co.kr/blog/2026-08-06-cleaning-auto-96ff36/,yes,no,yes,0,3,ORPHAN
https://honsamnote.co.kr/blog/2026-08-06-cleaning-auto-907063/,post,yes,https://honsamnote.co.kr/blog/2026-08-06-cleaning-auto-907063/,yes,no,yes,0,3,ORPHAN
https://honsamnote.co.kr/blog/2026-08-06-cleaning-auto-858326/,post,yes,https://honsamnote.co.kr/blog/2026-08-06-cleaning-auto-858326/,yes,no,yes,0,3,ORPHAN
https://honsamnote.co.kr/blog/2026-08-06-cleaning-auto-643cdf/,post,yes,https://honsamnote.co.kr/blog/2026-08-06-cleaning-auto-643cdf/,yes,no,yes,0,3,ORPHAN
https://honsamnote.co.kr/blog/2026-08-06-cleaning-auto-530ba0/,post,yes,https://honsamnote.co.kr/blog/2026-08-06-cleaning-auto-530ba0/,yes,no,yes,1,3,incoming:1
https://honsamnote.co.kr/blog/2026-08-06-cleaning-auto-467d7f/,post,yes,https://honsamnote.co.kr/blog/2026-08-06-cleaning-auto-467d7f/,yes,no,yes,0,3,ORPHAN
https://honsamnote.co.kr/blog/2026-08-06-cleaning-auto-17f2ed/,post,yes,https://honsamnote.co.kr/blog/2026-08-06-cleaning-auto-17f2ed/,yes,no,yes,1,3,incoming:1
https://honsamnote.co.kr/blog/2026-08-06-cleaning-auto-07ebe3/,post,yes,https://honsamnote.co.kr/blog/2026-08-06-cleaning-auto-07ebe3/,yes,no,yes,0,3,ORPHAN
https://honsamnote.co.kr/blog/2026-08-05-storage-auto-d93cd5/,post,yes,https://honsamnote.co.kr/blog/2026-08-05-storage-auto-d93cd5/,yes,no,yes,0,3,ORPHAN
https://honsamnote.co.kr/blog/2026-08-05-storage-auto-c8c36f/,post,yes,https://honsamnote.co.kr/blog/2026-08-05-storage-auto-c8c36f/,yes,no,yes,0,3,ORPHAN
https://honsamnote.co.kr/blog/2026-08-05-storage-auto-1764b0/,post,yes,https://honsamnote.co.kr/blog/2026-08-05-storage-auto-1764b0/,yes,no,yes,0,3,ORPHAN
https://honsamnote.co.kr/blog/2026-08-05-safety-auto-d98bca/,post,yes,https://honsamnote.co.kr/blog/2026-08-05-safety-auto-d98bca/,yes,no,yes,0,3,ORPHAN
https://honsamnote.co.kr/blog/2026-08-05-safety-auto-9a8ad6/,post,yes,https://honsamnote.co.kr/blog/2026-08-05-safety-auto-9a8ad6/,yes,no,yes,0,3,ORPHAN
https://honsamnote.co.kr/blog/2026-08-05-safety-auto-4e7f26/,post,yes,https://honsamnote.co.kr/blog/2026-08-05-safety-auto-4e7f26/,yes,no,yes,0,3,ORPHAN
https://honsamnote.co.kr/blog/2026-08-05-products-auto-9973a7/,post,yes,https://honsamnote.co.kr/blog/2026-08-05-products-auto-9973a7/,yes,no,yes,0,3,ORPHAN
https://honsamnote.co.kr/blog/2026-08-05-products-auto-8d663c/,post,yes,https://honsamnote.co.kr/blog/2026-08-05-products-auto-8d663c/,yes,no,yes,0,3,ORPHAN
https://honsamnote.co.kr/blog/2026-08-05-products-auto-7a3772/,post,yes,https://honsamnote.co.kr/blog/2026-08-05-products-auto-7a3772/,yes,no,yes,0,3,ORPHAN
https://honsamnote.co.kr/blog/2026-08-05-lifestyle-auto-420299/,post,yes,https://honsamnote.co.kr/blog/2026-08-05-lifestyle-auto-420299/,yes,no,yes,0,3,ORPHAN
https://honsamnote.co.kr/blog/2026-08-05-housing-auto-f0090f/,post,yes,https://honsamnote.co.kr/blog/2026-08-05-housing-auto-f0090f/,yes,no,yes,0,3,ORPHAN
https://honsamnote.co.kr/blog/2026-08-05-housing-auto-7ef549/,post,yes,https://honsamnote.co.kr/blog/2026-08-05-housing-auto-7ef549/,yes,no,yes,0,3,ORPHAN
https://honsamnote.co.kr/blog/2026-08-05-housing-auto-580e50/,post,yes,https://honsamnote.co.kr/blog/2026-08-05-housing-auto-580e50/,yes,no,yes,0,3,ORPHAN
https://honsamnote.co.kr/blog/2026-08-05-food-auto-c06744/,post,yes,https://honsamnote.co.kr/blog/2026-08-05-food-auto-c06744/,yes,no,yes,1,3,incoming:1
https://honsamnote.co.kr/blog/2026-08-05-food-auto-1636b6/,post,yes,https://honsamnote.co.kr/blog/2026-08-05-food-auto-1636b6/,yes,no,yes,0,3,ORPHAN
https://honsamnote.co.kr/blog/2026-08-05-cost-auto-e4ec33/,post,yes,https://honsamnote.co.kr/blog/2026-08-05-cost-auto-e4ec33/,yes,no,yes,0,3,ORPHAN
https://honsamnote.co.kr/blog/2026-08-05-cost-auto-9715f2/,post,yes,https://honsamnote.co.kr/blog/2026-08-05-cost-auto-9715f2/,yes,no,yes,0,3,ORPHAN
https://honsamnote.co.kr/blog/2026-08-05-cleaning-auto-b9c84f/,post,yes,https://honsamnote.co.kr/blog/2026-08-05-cleaning-auto-b9c84f/,yes,no,yes,0,3,ORPHAN
https://honsamnote.co.kr/blog/2026-08-04-storage-auto-28ed9d/,post,yes,https://honsamnote.co.kr/blog/2026-08-04-storage-auto-28ed9d/,yes,no,yes,0,3,ORPHAN
https://honsamnote.co.kr/blog/2026-08-04-storage-auto-225475/,post,yes,https://honsamnote.co.kr/blog/2026-08-04-storage-auto-225475/,yes,no,yes,2,3,incoming:2
https://honsamnote.co.kr/blog/2026-08-04-storage-auto-06061f/,post,yes,https://honsamnote.co.kr/blog/2026-08-04-storage-auto-06061f/,yes,no,yes,1,3,incoming:1
https://honsamnote.co.kr/blog/2026-08-04-safety-auto-ceca45/,post,yes,https://honsamnote.co.kr/blog/2026-08-04-safety-auto-ceca45/,yes,no,yes,0,3,ORPHAN
https://honsamnote.co.kr/blog/2026-08-04-safety-auto-61ce38/,post,yes,https://honsamnote.co.kr/blog/2026-08-04-safety-auto-61ce38/,yes,no,yes,0,3,ORPHAN
https://honsamnote.co.kr/blog/2026-08-04-safety-auto-3547d2/,post,yes,https://honsamnote.co.kr/blog/2026-08-04-safety-auto-3547d2/,yes,no,yes,0,3,ORPHAN
https://honsamnote.co.kr/blog/2026-08-04-products-auto-e91dfc/,post,yes,https://honsamnote.co.kr/blog/2026-08-04-products-auto-e91dfc/,yes,no,yes,0,3,ORPHAN
https://honsamnote.co.kr/blog/2026-08-04-products-auto-db26cb/,post,yes,https://honsamnote.co.kr/blog/2026-08-04-products-auto-db26cb/,yes,no,yes,0,3,ORPHAN
https://honsamnote.co.kr/blog/2026-08-04-products-auto-d4b4c6/,post,yes,https://honsamnote.co.kr/blog/2026-08-04-products-auto-d4b4c6/,yes,no,yes,0,3,ORPHAN
https://honsamnote.co.kr/blog/2026-08-04-lifestyle-auto-fd9e87/,post,yes,https://honsamnote.co.kr/blog/2026-08-04-lifestyle-auto-fd9e87/,yes,no,yes,0,3,ORPHAN
https://honsamnote.co.kr/blog/2026-08-04-lifestyle-auto-dabdf3/,post,yes,https://honsamnote.co.kr/blog/2026-08-04-lifestyle-auto-dabdf3/,yes,no,yes,0,3,ORPHAN
https://honsamnote.co.kr/blog/2026-08-04-lifestyle-auto-8920c5/,post,yes,https://honsamnote.co.kr/blog/2026-08-04-lifestyle-auto-8920c5/,yes,no,yes,0,3,ORPHAN
https://honsamnote.co.kr/blog/2026-08-04-housing-auto-e8de0c/,post,yes,https://honsamnote.co.kr/blog/2026-08-04-housing-auto-e8de0c/,yes,no,yes,0,3,ORPHAN
https://honsamnote.co.kr/blog/2026-08-04-housing-auto-cbaa3c/,post,yes,https://honsamnote.co.kr/blog/2026-08-04-housing-auto-cbaa3c/,yes,no,yes,0,3,ORPHAN
https://honsamnote.co.kr/blog/2026-08-04-housing-auto-24e082/,post,yes,https://honsamnote.co.kr/blog/2026-08-04-housing-auto-24e082/,yes,no,yes,0,3,ORPHAN
https://honsamnote.co.kr/blog/2026-08-04-food-auto-c6481a/,post,yes,https://honsamnote.co.kr/blog/2026-08-04-food-auto-c6481a/,yes,no,yes,0,3,ORPHAN
https://honsamnote.co.kr/blog/2026-08-04-food-auto-908ca9/,post,yes,https://honsamnote.co.kr/blog/2026-08-04-food-auto-908ca9/,yes,no,yes,0,3,ORPHAN
https://honsamnote.co.kr/blog/2026-08-04-food-auto-8d3bfc/,post,yes,https://honsamnote.co.kr/blog/2026-08-04-food-auto-8d3bfc/,yes,no,yes,0,3,ORPHAN
https://honsamnote.co.kr/blog/2026-08-04-cost-auto-dac7b3/,post,yes,https://honsamnote.co.kr/blog/2026-08-04-cost-auto-dac7b3/,yes,no,yes,0,3,ORPHAN
https://honsamnote.co.kr/blog/2026-08-04-cost-auto-959521/,post,yes,https://honsamnote.co.kr/blog/2026-08-04-cost-auto-959521/,yes,no,yes,0,3,ORPHAN
https://honsamnote.co.kr/blog/2026-08-04-cost-auto-7e7d88/,post,yes,https://honsamnote.co.kr/blog/2026-08-04-cost-auto-7e7d88/,yes,no,yes,0,3,ORPHAN
https://honsamnote.co.kr/blog/2026-08-04-cleaning-auto-99cb94/,post,yes,https://honsamnote.co.kr/blog/2026-08-04-cleaning-auto-99cb94/,yes,no,yes,0,3,ORPHAN
https://honsamnote.co.kr/blog/2026-08-04-cleaning-auto-123d17/,post,yes,https://honsamnote.co.kr/blog/2026-08-04-cleaning-auto-123d17/,yes,no,yes,1,3,incoming:1
https://honsamnote.co.kr/blog/2026-08-04-cleaning-auto-0b0c02/,post,yes,https://honsamnote.co.kr/blog/2026-08-04-cleaning-auto-0b0c02/,yes,no,yes,0,3,ORPHAN
https://honsamnote.co.kr/blog/2026-08-03-storage-auto-9015de/,post,yes,https://honsamnote.co.kr/blog/2026-08-03-storage-auto-9015de/,yes,no,yes,0,3,ORPHAN
https://honsamnote.co.kr/blog/2026-08-03-storage-auto-747118/,post,yes,https://honsamnote.co.kr/blog/2026-08-03-storage-auto-747118/,yes,no,yes,0,3,ORPHAN
https://honsamnote.co.kr/blog/2026-08-03-storage-auto-45d4eb/,post,yes,https://honsamnote.co.kr/blog/2026-08-03-storage-auto-45d4eb/,yes,no,yes,1,3,incoming:1
https://honsamnote.co.kr/blog/2026-08-03-safety-auto-7bde55/,post,yes,https://honsamnote.co.kr/blog/2026-08-03-safety-auto-7bde55/,yes,no,yes,0,3,ORPHAN
https://honsamnote.co.kr/blog/2026-08-03-safety-auto-75476d/,post,yes,https://honsamnote.co.kr/blog/2026-08-03-safety-auto-75476d/,yes,no,yes,0,3,ORPHAN
https://honsamnote.co.kr/blog/2026-08-03-safety-auto-273fdf/,post,yes,https://honsamnote.co.kr/blog/2026-08-03-safety-auto-273fdf/,yes,no,yes,0,3,ORPHAN
https://honsamnote.co.kr/blog/2026-08-03-products-auto-c75a1a/,post,yes,https://honsamnote.co.kr/blog/2026-08-03-products-auto-c75a1a/,yes,no,yes,0,3,ORPHAN
https://honsamnote.co.kr/blog/2026-08-03-products-auto-55fd7c/,post,yes,https://honsamnote.co.kr/blog/2026-08-03-products-auto-55fd7c/,yes,no,yes,0,3,ORPHAN
https://honsamnote.co.kr/blog/2026-08-03-products-auto-1b3cc6/,post,yes,https://honsamnote.co.kr/blog/2026-08-03-products-auto-1b3cc6/,yes,no,yes,0,3,ORPHAN
https://honsamnote.co.kr/blog/2026-08-03-lifestyle-auto-dfa23e/,post,yes,https://honsamnote.co.kr/blog/2026-08-03-lifestyle-auto-dfa23e/,yes,no,yes,0,3,ORPHAN
https://honsamnote.co.kr/blog/2026-08-03-lifestyle-auto-7c20c0/,post,yes,https://honsamnote.co.kr/blog/2026-08-03-lifestyle-auto-7c20c0/,yes,no,yes,0,3,ORPHAN
https://honsamnote.co.kr/blog/2026-08-03-lifestyle-auto-06c5e8/,post,yes,https://honsamnote.co.kr/blog/2026-08-03-lifestyle-auto-06c5e8/,yes,no,yes,1,3,incoming:1
https://honsamnote.co.kr/blog/2026-08-03-housing-auto-f53851/,post,yes,https://honsamnote.co.kr/blog/2026-08-03-housing-auto-f53851/,yes,no,yes,0,3,ORPHAN
https://honsamnote.co.kr/blog/2026-08-03-housing-auto-e4e5c4/,post,yes,https://honsamnote.co.kr/blog/2026-08-03-housing-auto-e4e5c4/,yes,no,yes,0,3,ORPHAN
https://honsamnote.co.kr/blog/2026-08-03-housing-auto-5b4f05/,post,yes,https://honsamnote.co.kr/blog/2026-08-03-housing-auto-5b4f05/,yes,no,yes,0,3,ORPHAN
https://honsamnote.co.kr/blog/2026-08-03-food-auto-fb2380/,post,yes,https://honsamnote.co.kr/blog/2026-08-03-food-auto-fb2380/,yes,no,yes,0,3,ORPHAN
https://honsamnote.co.kr/blog/2026-08-03-food-auto-f85a75/,post,yes,https://honsamnote.co.kr/blog/2026-08-03-food-auto-f85a75/,yes,no,yes,1,3,incoming:1
https://honsamnote.co.kr/blog/2026-08-03-food-auto-b8f8a0/,post,yes,https://honsamnote.co.kr/blog/2026-08-03-food-auto-b8f8a0/,yes,no,yes,0,3,ORPHAN
https://honsamnote.co.kr/blog/2026-08-03-cost-auto-d01191/,post,yes,https://honsamnote.co.kr/blog/2026-08-03-cost-auto-d01191/,yes,no,yes,0,3,ORPHAN
https://honsamnote.co.kr/blog/2026-08-03-cost-auto-749379/,post,yes,https://honsamnote.co.kr/blog/2026-08-03-cost-auto-749379/,yes,no,yes,0,3,ORPHAN
https://honsamnote.co.kr/blog/2026-08-03-cost-auto-4d199c/,post,yes,https://honsamnote.co.kr/blog/2026-08-03-cost-auto-4d199c/,yes,no,yes,0,3,ORPHAN
https://honsamnote.co.kr/blog/2026-08-03-cleaning-auto-fd154a/,post,yes,https://honsamnote.co.kr/blog/2026-08-03-cleaning-auto-fd154a/,yes,no,yes,0,3,ORPHAN
https://honsamnote.co.kr/blog/2026-08-03-cleaning-auto-fc046f/,post,yes,https://honsamnote.co.kr/blog/2026-08-03-cleaning-auto-fc046f/,yes,no,yes,0,3,ORPHAN
https://honsamnote.co.kr/blog/2026-08-03-cleaning-auto-d96324/,post,yes,https://honsamnote.co.kr/blog/2026-08-03-cleaning-auto-d96324/,yes,no,yes,0,3,ORPHAN
https://honsamnote.co.kr/blog/2026-08-01-storage-auto-f1fb81/,post,yes,https://honsamnote.co.kr/blog/2026-08-01-storage-auto-f1fb81/,yes,no,yes,1,3,incoming:1
https://honsamnote.co.kr/blog/2026-08-01-storage-auto-c94563/,post,yes,https://honsamnote.co.kr/blog/2026-08-01-storage-auto-c94563/,yes,no,yes,0,3,ORPHAN
https://honsamnote.co.kr/blog/2026-08-01-storage-auto-c54f86/,post,yes,https://honsamnote.co.kr/blog/2026-08-01-storage-auto-c54f86/,yes,no,yes,0,3,ORPHAN
https://honsamnote.co.kr/blog/2026-08-01-storage-auto-662a7f/,post,yes,https://honsamnote.co.kr/blog/2026-08-01-storage-auto-662a7f/,yes,no,yes,1,3,incoming:1
https://honsamnote.co.kr/blog/2026-08-01-storage-auto-4eec70/,post,yes,https://honsamnote.co.kr/blog/2026-08-01-storage-auto-4eec70/,yes,no,yes,1,3,incoming:1
https://honsamnote.co.kr/blog/2026-08-01-storage-auto-499287/,post,yes,https://honsamnote.co.kr/blog/2026-08-01-storage-auto-499287/,yes,no,yes,0,3,ORPHAN
https://honsamnote.co.kr/blog/2026-08-01-storage-auto-39ae63/,post,yes,https://honsamnote.co.kr/blog/2026-08-01-storage-auto-39ae63/,yes,no,yes,2,3,incoming:2
https://honsamnote.co.kr/blog/2026-08-01-storage-auto-387eaf/,post,yes,https://honsamnote.co.kr/blog/2026-08-01-storage-auto-387eaf/,yes,no,yes,6,3,incoming:6
https://honsamnote.co.kr/blog/2026-08-01-storage-auto-316ab0/,post,yes,https://honsamnote.co.kr/blog/2026-08-01-storage-auto-316ab0/,yes,no,yes,1,3,incoming:1
https://honsamnote.co.kr/blog/2026-08-01-safety-auto-c574d6/,post,yes,https://honsamnote.co.kr/blog/2026-08-01-safety-auto-c574d6/,yes,no,yes,0,3,ORPHAN
https://honsamnote.co.kr/blog/2026-08-01-safety-auto-b177af/,post,yes,https://honsamnote.co.kr/blog/2026-08-01-safety-auto-b177af/,yes,no,yes,0,3,ORPHAN
https://honsamnote.co.kr/blog/2026-08-01-safety-auto-a71046/,post,yes,https://honsamnote.co.kr/blog/2026-08-01-safety-auto-a71046/,yes,no,yes,0,3,ORPHAN
https://honsamnote.co.kr/blog/2026-08-01-safety-auto-909169/,post,yes,https://honsamnote.co.kr/blog/2026-08-01-safety-auto-909169/,yes,no,yes,0,3,ORPHAN
https://honsamnote.co.kr/blog/2026-08-01-safety-auto-835af8/,post,yes,https://honsamnote.co.kr/blog/2026-08-01-safety-auto-835af8/,yes,no,yes,0,3,ORPHAN
https://honsamnote.co.kr/blog/2026-08-01-safety-auto-4f0708/,post,yes,https://honsamnote.co.kr/blog/2026-08-01-safety-auto-4f0708/,yes,no,yes,0,3,ORPHAN
https://honsamnote.co.kr/blog/2026-08-01-safety-auto-1a5c71/,post,yes,https://honsamnote.co.kr/blog/2026-08-01-safety-auto-1a5c71/,yes,no,yes,0,3,ORPHAN
https://honsamnote.co.kr/blog/2026-08-01-safety-auto-0e6262/,post,yes,https://honsamnote.co.kr/blog/2026-08-01-safety-auto-0e6262/,yes,no,yes,0,3,ORPHAN
https://honsamnote.co.kr/blog/2026-08-01-safety-auto-0466e2/,post,yes,https://honsamnote.co.kr/blog/2026-08-01-safety-auto-0466e2/,yes,no,yes,0,3,ORPHAN
https://honsamnote.co.kr/blog/2026-08-01-products-auto-ff2c16/,post,yes,https://honsamnote.co.kr/blog/2026-08-01-products-auto-ff2c16/,yes,no,yes,0,3,ORPHAN
https://honsamnote.co.kr/blog/2026-08-01-products-auto-fee2c4/,post,yes,https://honsamnote.co.kr/blog/2026-08-01-products-auto-fee2c4/,yes,no,yes,0,3,ORPHAN
https://honsamnote.co.kr/blog/2026-08-01-products-auto-d180b4/,post,yes,https://honsamnote.co.kr/blog/2026-08-01-products-auto-d180b4/,yes,no,yes,0,3,ORPHAN
https://honsamnote.co.kr/blog/2026-08-01-products-auto-b433a0/,post,yes,https://honsamnote.co.kr/blog/2026-08-01-products-auto-b433a0/,yes,no,yes,0,3,ORPHAN
https://honsamnote.co.kr/blog/2026-08-01-products-auto-9e3228/,post,yes,https://honsamnote.co.kr/blog/2026-08-01-products-auto-9e3228/,yes,no,yes,0,3,ORPHAN
https://honsamnote.co.kr/blog/2026-08-01-products-auto-7e3829/,post,yes,https://honsamnote.co.kr/blog/2026-08-01-products-auto-7e3829/,yes,no,yes,0,3,ORPHAN
https://honsamnote.co.kr/blog/2026-08-01-products-auto-4d32dc/,post,yes,https://honsamnote.co.kr/blog/2026-08-01-products-auto-4d32dc/,yes,no,yes,0,3,ORPHAN
https://honsamnote.co.kr/blog/2026-08-01-products-auto-29af64/,post,yes,https://honsamnote.co.kr/blog/2026-08-01-products-auto-29af64/,yes,no,yes,0,3,ORPHAN
https://honsamnote.co.kr/blog/2026-08-01-products-auto-153ac4/,post,yes,https://honsamnote.co.kr/blog/2026-08-01-products-auto-153ac4/,yes,no,yes,0,3,ORPHAN
https://honsamnote.co.kr/blog/2026-08-01-products-78/,post,yes,https://honsamnote.co.kr/blog/2026-08-01-products-78/,yes,no,yes,0,3,ORPHAN
https://honsamnote.co.kr/blog/2026-08-01-lifestyle-auto-f56796/,post,yes,https://honsamnote.co.kr/blog/2026-08-01-lifestyle-auto-f56796/,yes,no,yes,1,3,incoming:1
https://honsamnote.co.kr/blog/2026-08-01-lifestyle-auto-b13421/,post,yes,https://honsamnote.co.kr/blog/2026-08-01-lifestyle-auto-b13421/,yes,no,yes,0,3,ORPHAN
https://honsamnote.co.kr/blog/2026-08-01-lifestyle-auto-ac59b7/,post,yes,https://honsamnote.co.kr/blog/2026-08-01-lifestyle-auto-ac59b7/,yes,no,yes,0,3,ORPHAN
https://honsamnote.co.kr/blog/2026-08-01-lifestyle-auto-ab470f/,post,yes,https://honsamnote.co.kr/blog/2026-08-01-lifestyle-auto-ab470f/,yes,no,yes,0,3,ORPHAN
https://honsamnote.co.kr/blog/2026-08-01-lifestyle-auto-a6f950/,post,yes,https://honsamnote.co.kr/blog/2026-08-01-lifestyle-auto-a6f950/,yes,no,yes,0,3,ORPHAN
https://honsamnote.co.kr/blog/2026-08-01-lifestyle-auto-976633/,post,yes,https://honsamnote.co.kr/blog/2026-08-01-lifestyle-auto-976633/,yes,no,yes,0,3,ORPHAN
https://honsamnote.co.kr/blog/2026-08-01-lifestyle-auto-37c919/,post,yes,https://honsamnote.co.kr/blog/2026-08-01-lifestyle-auto-37c919/,yes,no,yes,0,3,ORPHAN
https://honsamnote.co.kr/blog/2026-08-01-lifestyle-auto-29922b/,post,yes,https://honsamnote.co.kr/blog/2026-08-01-lifestyle-auto-29922b/,yes,no,yes,0,3,ORPHAN
https://honsamnote.co.kr/blog/2026-08-01-lifestyle-auto-19ac88/,post,yes,https://honsamnote.co.kr/blog/2026-08-01-lifestyle-auto-19ac88/,yes,no,yes,0,3,ORPHAN
https://honsamnote.co.kr/blog/2026-08-01-housing-auto-ecfb76/,post,yes,https://honsamnote.co.kr/blog/2026-08-01-housing-auto-ecfb76/,yes,no,yes,0,3,ORPHAN
https://honsamnote.co.kr/blog/2026-08-01-housing-auto-e6f8ea/,post,yes,https://honsamnote.co.kr/blog/2026-08-01-housing-auto-e6f8ea/,yes,no,yes,0,3,ORPHAN
https://honsamnote.co.kr/blog/2026-08-01-housing-auto-e11fd3/,post,yes,https://honsamnote.co.kr/blog/2026-08-01-housing-auto-e11fd3/,yes,no,yes,0,3,ORPHAN
https://honsamnote.co.kr/blog/2026-08-01-housing-auto-c039f6/,post,yes,https://honsamnote.co.kr/blog/2026-08-01-housing-auto-c039f6/,yes,no,yes,0,3,ORPHAN
https://honsamnote.co.kr/blog/2026-08-01-housing-auto-bd24e0/,post,yes,https://honsamnote.co.kr/blog/2026-08-01-housing-auto-bd24e0/,yes,no,yes,0,3,ORPHAN
https://honsamnote.co.kr/blog/2026-08-01-housing-auto-ace922/,post,yes,https://honsamnote.co.kr/blog/2026-08-01-housing-auto-ace922/,yes,no,yes,0,3,ORPHAN
https://honsamnote.co.kr/blog/2026-08-01-housing-auto-abec0f/,post,yes,https://honsamnote.co.kr/blog/2026-08-01-housing-auto-abec0f/,yes,no,yes,0,3,ORPHAN
https://honsamnote.co.kr/blog/2026-08-01-housing-auto-1c1518/,post,yes,https://honsamnote.co.kr/blog/2026-08-01-housing-auto-1c1518/,yes,no,yes,0,3,ORPHAN
https://honsamnote.co.kr/blog/2026-08-01-housing-auto-18e480/,post,yes,https://honsamnote.co.kr/blog/2026-08-01-housing-auto-18e480/,yes,no,yes,0,3,ORPHAN
https://honsamnote.co.kr/blog/2026-08-01-food-auto-976f1b/,post,yes,https://honsamnote.co.kr/blog/2026-08-01-food-auto-976f1b/,yes,no,yes,0,3,ORPHAN
https://honsamnote.co.kr/blog/2026-08-01-food-auto-8c9a71/,post,yes,https://honsamnote.co.kr/blog/2026-08-01-food-auto-8c9a71/,yes,no,yes,1,3,incoming:1
https://honsamnote.co.kr/blog/2026-08-01-food-auto-7f290f/,post,yes,https://honsamnote.co.kr/blog/2026-08-01-food-auto-7f290f/,yes,no,yes,0,3,ORPHAN
https://honsamnote.co.kr/blog/2026-08-01-food-auto-7bc9dc/,post,yes,https://honsamnote.co.kr/blog/2026-08-01-food-auto-7bc9dc/,yes,no,yes,0,3,ORPHAN
https://honsamnote.co.kr/blog/2026-08-01-food-auto-6b8a79/,post,yes,https://honsamnote.co.kr/blog/2026-08-01-food-auto-6b8a79/,yes,no,yes,1,3,incoming:1
https://honsamnote.co.kr/blog/2026-08-01-food-auto-2c9171/,post,yes,https://honsamnote.co.kr/blog/2026-08-01-food-auto-2c9171/,yes,no,yes,0,3,ORPHAN
https://honsamnote.co.kr/blog/2026-08-01-food-auto-174113/,post,yes,https://honsamnote.co.kr/blog/2026-08-01-food-auto-174113/,yes,no,yes,1,3,incoming:1
https://honsamnote.co.kr/blog/2026-08-01-food-auto-0f5d02/,post,yes,https://honsamnote.co.kr/blog/2026-08-01-food-auto-0f5d02/,yes,no,yes,0,3,ORPHAN
https://honsamnote.co.kr/blog/2026-08-01-food-auto-0ac183/,post,yes,https://honsamnote.co.kr/blog/2026-08-01-food-auto-0ac183/,yes,no,yes,1,3,incoming:1
https://honsamnote.co.kr/blog/2026-08-01-cost-auto-f9f9ca/,post,yes,https://honsamnote.co.kr/blog/2026-08-01-cost-auto-f9f9ca/,yes,no,yes,0,3,ORPHAN
https://honsamnote.co.kr/blog/2026-08-01-cost-auto-eacedc/,post,yes,https://honsamnote.co.kr/blog/2026-08-01-cost-auto-eacedc/,yes,no,yes,1,3,incoming:1
https://honsamnote.co.kr/blog/2026-08-01-cost-auto-e9d2d3/,post,yes,https://honsamnote.co.kr/blog/2026-08-01-cost-auto-e9d2d3/,yes,no,yes,1,3,incoming:1
https://honsamnote.co.kr/blog/2026-08-01-cost-auto-aa6f9d/,post,yes,https://honsamnote.co.kr/blog/2026-08-01-cost-auto-aa6f9d/,yes,no,yes,1,3,incoming:1
https://honsamnote.co.kr/blog/2026-08-01-cost-auto-9c7467/,post,yes,https://honsamnote.co.kr/blog/2026-08-01-cost-auto-9c7467/,yes,no,yes,1,3,incoming:1
https://honsamnote.co.kr/blog/2026-08-01-cost-auto-8e14b1/,post,yes,https://honsamnote.co.kr/blog/2026-08-01-cost-auto-8e14b1/,yes,no,yes,1,3,incoming:1
https://honsamnote.co.kr/blog/2026-08-01-cost-auto-4a41b3/,post,yes,https://honsamnote.co.kr/blog/2026-08-01-cost-auto-4a41b3/,yes,no,yes,1,3,incoming:1
https://honsamnote.co.kr/blog/2026-08-01-cost-auto-44803f/,post,yes,https://honsamnote.co.kr/blog/2026-08-01-cost-auto-44803f/,yes,no,yes,1,3,incoming:1
https://honsamnote.co.kr/blog/2026-08-01-cost-auto-0d71f8/,post,yes,https://honsamnote.co.kr/blog/2026-08-01-cost-auto-0d71f8/,yes,no,yes,1,3,incoming:1
https://honsamnote.co.kr/blog/2026-08-01-cleaning-auto-edbbf8/,post,yes,https://honsamnote.co.kr/blog/2026-08-01-cleaning-auto-edbbf8/,yes,no,yes,0,3,ORPHAN
https://honsamnote.co.kr/blog/2026-08-01-cleaning-auto-e1e505/,post,yes,https://honsamnote.co.kr/blog/2026-08-01-cleaning-auto-e1e505/,yes,no,yes,0,3,ORPHAN
https://honsamnote.co.kr/blog/2026-08-01-cleaning-auto-dd0fd9/,post,yes,https://honsamnote.co.kr/blog/2026-08-01-cleaning-auto-dd0fd9/,yes,no,yes,0,3,ORPHAN
https://honsamnote.co.kr/blog/2026-08-01-cleaning-auto-d3bef1/,post,yes,https://honsamnote.co.kr/blog/2026-08-01-cleaning-auto-d3bef1/,yes,no,yes,0,3,ORPHAN
https://honsamnote.co.kr/blog/2026-08-01-cleaning-auto-b67a07/,post,yes,https://honsamnote.co.kr/blog/2026-08-01-cleaning-auto-b67a07/,yes,no,yes,2,3,incoming:2
https://honsamnote.co.kr/blog/2026-08-01-cleaning-auto-84665e/,post,yes,https://honsamnote.co.kr/blog/2026-08-01-cleaning-auto-84665e/,yes,no,yes,0,3,ORPHAN
https://honsamnote.co.kr/blog/2026-08-01-cleaning-auto-48265b/,post,yes,https://honsamnote.co.kr/blog/2026-08-01-cleaning-auto-48265b/,yes,no,yes,0,3,ORPHAN
https://honsamnote.co.kr/blog/2026-08-01-cleaning-auto-2b8bbd/,post,yes,https://honsamnote.co.kr/blog/2026-08-01-cleaning-auto-2b8bbd/,yes,no,yes,1,3,incoming:1
https://honsamnote.co.kr/blog/2026-08-01-cleaning-auto-070bfd/,post,yes,https://honsamnote.co.kr/blog/2026-08-01-cleaning-auto-070bfd/,yes,no,yes,5,3,incoming:5
https://honsamnote.co.kr/blog/2026-07-31-safety-73/,post,yes,https://honsamnote.co.kr/blog/2026-07-31-safety-73/,yes,no,yes,0,3,ORPHAN
https://honsamnote.co.kr/blog/2026-07-31-safety-72/,post,yes,https://honsamnote.co.kr/blog/2026-07-31-safety-72/,yes,no,yes,0,3,ORPHAN
https://honsamnote.co.kr/blog/2026-07-31-products-77/,post,yes,https://honsamnote.co.kr/blog/2026-07-31-products-77/,yes,no,yes,0,3,ORPHAN
https://honsamnote.co.kr/blog/2026-07-31-products-76/,post,yes,https://honsamnote.co.kr/blog/2026-07-31-products-76/,yes,no,yes,0,3,ORPHAN
https://honsamnote.co.kr/blog/2026-07-31-products-75/,post,yes,https://honsamnote.co.kr/blog/2026-07-31-products-75/,yes,no,yes,0,3,ORPHAN
https://honsamnote.co.kr/blog/2026-07-31-housing-71/,post,yes,https://honsamnote.co.kr/blog/2026-07-31-housing-71/,yes,no,yes,0,3,ORPHAN
https://honsamnote.co.kr/blog/2026-07-31-cleaning-79/,post,yes,https://honsamnote.co.kr/blog/2026-07-31-cleaning-79/,yes,no,yes,0,3,ORPHAN
https://honsamnote.co.kr/blog/2026-07-31-cleaning-74/,post,yes,https://honsamnote.co.kr/blog/2026-07-31-cleaning-74/,yes,no,yes,2,3,incoming:2
https://honsamnote.co.kr/blog/2026-07-31-cleaning-68/,post,yes,https://honsamnote.co.kr/blog/2026-07-31-cleaning-68/,yes,no,yes,0,3,ORPHAN
https://honsamnote.co.kr/blog/2026-07-30-storage-24/,post,yes,https://honsamnote.co.kr/blog/2026-07-30-storage-24/,yes,no,yes,3,3,incoming:3
https://honsamnote.co.kr/blog/2026-07-30-storage-23/,post,yes,https://honsamnote.co.kr/blog/2026-07-30-storage-23/,yes,no,yes,0,3,ORPHAN
https://honsamnote.co.kr/blog/2026-07-30-storage-22/,post,yes,https://honsamnote.co.kr/blog/2026-07-30-storage-22/,yes,no,yes,0,3,ORPHAN
https://honsamnote.co.kr/blog/2026-07-30-storage-21/,post,yes,https://honsamnote.co.kr/blog/2026-07-30-storage-21/,yes,no,yes,0,3,ORPHAN
https://honsamnote.co.kr/blog/2026-07-30-storage-20/,post,yes,https://honsamnote.co.kr/blog/2026-07-30-storage-20/,yes,no,yes,0,3,ORPHAN
https://honsamnote.co.kr/blog/2026-07-30-storage-19/,post,yes,https://honsamnote.co.kr/blog/2026-07-30-storage-19/,yes,no,yes,1,3,incoming:1
https://honsamnote.co.kr/blog/2026-07-30-storage-18/,post,yes,https://honsamnote.co.kr/blog/2026-07-30-storage-18/,yes,no,yes,20,3,incoming:20
https://honsamnote.co.kr/blog/2026-07-30-storage-17/,post,yes,https://honsamnote.co.kr/blog/2026-07-30-storage-17/,yes,no,yes,0,3,ORPHAN
https://honsamnote.co.kr/blog/2026-07-30-safety-41/,post,yes,https://honsamnote.co.kr/blog/2026-07-30-safety-41/,yes,no,yes,0,3,ORPHAN
https://honsamnote.co.kr/blog/2026-07-30-safety-40/,post,yes,https://honsamnote.co.kr/blog/2026-07-30-safety-40/,yes,no,yes,0,3,ORPHAN
https://honsamnote.co.kr/blog/2026-07-30-safety-39/,post,yes,https://honsamnote.co.kr/blog/2026-07-30-safety-39/,yes,no,yes,0,3,ORPHAN
https://honsamnote.co.kr/blog/2026-07-30-safety-38/,post,yes,https://honsamnote.co.kr/blog/2026-07-30-safety-38/,yes,no,yes,0,3,ORPHAN
https://honsamnote.co.kr/blog/2026-07-30-safety-37/,post,yes,https://honsamnote.co.kr/blog/2026-07-30-safety-37/,yes,no,yes,0,3,ORPHAN
https://honsamnote.co.kr/blog/2026-07-30-safety-36/,post,yes,https://honsamnote.co.kr/blog/2026-07-30-safety-36/,yes,no,yes,0,3,ORPHAN
https://honsamnote.co.kr/blog/2026-07-30-safety-35/,post,yes,https://honsamnote.co.kr/blog/2026-07-30-safety-35/,yes,no,yes,0,3,ORPHAN
https://honsamnote.co.kr/blog/2026-07-30-safety-34/,post,yes,https://honsamnote.co.kr/blog/2026-07-30-safety-34/,yes,no,yes,0,3,ORPHAN
https://honsamnote.co.kr/blog/2026-07-30-safety-33/,post,yes,https://honsamnote.co.kr/blog/2026-07-30-safety-33/,yes,no,yes,0,3,ORPHAN
https://honsamnote.co.kr/blog/2026-07-30-products-58/,post,yes,https://honsamnote.co.kr/blog/2026-07-30-products-58/,yes,no,yes,0,3,ORPHAN
https://honsamnote.co.kr/blog/2026-07-30-products-57/,post,yes,https://honsamnote.co.kr/blog/2026-07-30-products-57/,yes,no,yes,0,3,ORPHAN
https://honsamnote.co.kr/blog/2026-07-30-products-56/,post,yes,https://honsamnote.co.kr/blog/2026-07-30-products-56/,yes,no,yes,0,3,ORPHAN
https://honsamnote.co.kr/blog/2026-07-30-products-55/,post,yes,https://honsamnote.co.kr/blog/2026-07-30-products-55/,yes,no,yes,0,3,ORPHAN
https://honsamnote.co.kr/blog/2026-07-30-products-54/,post,yes,https://honsamnote.co.kr/blog/2026-07-30-products-54/,yes,no,yes,0,3,ORPHAN
https://honsamnote.co.kr/blog/2026-07-30-products-53/,post,yes,https://honsamnote.co.kr/blog/2026-07-30-products-53/,yes,no,yes,0,3,ORPHAN
https://honsamnote.co.kr/blog/2026-07-30-products-52/,post,yes,https://honsamnote.co.kr/blog/2026-07-30-products-52/,yes,no,yes,0,3,ORPHAN
https://honsamnote.co.kr/blog/2026-07-30-products-51/,post,yes,https://honsamnote.co.kr/blog/2026-07-30-products-51/,yes,no,yes,0,3,ORPHAN
https://honsamnote.co.kr/blog/2026-07-30-products-50/,post,yes,https://honsamnote.co.kr/blog/2026-07-30-products-50/,yes,no,yes,0,3,ORPHAN
https://honsamnote.co.kr/blog/2026-07-30-lifestyle-66/,post,yes,https://honsamnote.co.kr/blog/2026-07-30-lifestyle-66/,yes,no,yes,0,3,ORPHAN
https://honsamnote.co.kr/blog/2026-07-30-lifestyle-65/,post,yes,https://honsamnote.co.kr/blog/2026-07-30-lifestyle-65/,yes,no,yes,0,3,ORPHAN
https://honsamnote.co.kr/blog/2026-07-30-lifestyle-64/,post,yes,https://honsamnote.co.kr/blog/2026-07-30-lifestyle-64/,yes,no,yes,0,3,ORPHAN
https://honsamnote.co.kr/blog/2026-07-30-lifestyle-63/,post,yes,https://honsamnote.co.kr/blog/2026-07-30-lifestyle-63/,yes,no,yes,1,3,incoming:1
https://honsamnote.co.kr/blog/2026-07-30-lifestyle-62/,post,yes,https://honsamnote.co.kr/blog/2026-07-30-lifestyle-62/,yes,no,yes,0,3,ORPHAN
https://honsamnote.co.kr/blog/2026-07-30-lifestyle-61/,post,yes,https://honsamnote.co.kr/blog/2026-07-30-lifestyle-61/,yes,no,yes,3,3,incoming:3
https://honsamnote.co.kr/blog/2026-07-30-lifestyle-60/,post,yes,https://honsamnote.co.kr/blog/2026-07-30-lifestyle-60/,yes,no,yes,0,3,ORPHAN
https://honsamnote.co.kr/blog/2026-07-30-lifestyle-59/,post,yes,https://honsamnote.co.kr/blog/2026-07-30-lifestyle-59/,yes,no,yes,11,3,incoming:11
https://honsamnote.co.kr/blog/2026-07-30-housing-69/,post,yes,https://honsamnote.co.kr/blog/2026-07-30-housing-69/,yes,no,yes,0,3,ORPHAN
https://honsamnote.co.kr/blog/2026-07-30-housing-49/,post,yes,https://honsamnote.co.kr/blog/2026-07-30-housing-49/,yes,no,yes,0,3,ORPHAN
https://honsamnote.co.kr/blog/2026-07-30-housing-48/,post,yes,https://honsamnote.co.kr/blog/2026-07-30-housing-48/,yes,no,yes,0,3,ORPHAN
https://honsamnote.co.kr/blog/2026-07-30-housing-47/,post,yes,https://honsamnote.co.kr/blog/2026-07-30-housing-47/,yes,no,yes,0,3,ORPHAN
https://honsamnote.co.kr/blog/2026-07-30-housing-46/,post,yes,https://honsamnote.co.kr/blog/2026-07-30-housing-46/,yes,no,yes,0,3,ORPHAN
https://honsamnote.co.kr/blog/2026-07-30-housing-45/,post,yes,https://honsamnote.co.kr/blog/2026-07-30-housing-45/,yes,no,yes,0,3,ORPHAN
https://honsamnote.co.kr/blog/2026-07-30-housing-44/,post,yes,https://honsamnote.co.kr/blog/2026-07-30-housing-44/,yes,no,yes,0,3,ORPHAN
https://honsamnote.co.kr/blog/2026-07-30-housing-43/,post,yes,https://honsamnote.co.kr/blog/2026-07-30-housing-43/,yes,no,yes,0,3,ORPHAN
https://honsamnote.co.kr/blog/2026-07-30-housing-42/,post,yes,https://honsamnote.co.kr/blog/2026-07-30-housing-42/,yes,no,yes,0,3,ORPHAN
https://honsamnote.co.kr/blog/2026-07-30-food-16/,post,yes,https://honsamnote.co.kr/blog/2026-07-30-food-16/,yes,no,yes,1,3,incoming:1
https://honsamnote.co.kr/blog/2026-07-30-food-15/,post,yes,https://honsamnote.co.kr/blog/2026-07-30-food-15/,yes,no,yes,0,3,ORPHAN
https://honsamnote.co.kr/blog/2026-07-30-food-14/,post,yes,https://honsamnote.co.kr/blog/2026-07-30-food-14/,yes,no,yes,0,3,ORPHAN
https://honsamnote.co.kr/blog/2026-07-30-food-13/,post,yes,https://honsamnote.co.kr/blog/2026-07-30-food-13/,yes,no,yes,1,3,incoming:1
https://honsamnote.co.kr/blog/2026-07-30-food-12/,post,yes,https://honsamnote.co.kr/blog/2026-07-30-food-12/,yes,no,yes,1,3,incoming:1
https://honsamnote.co.kr/blog/2026-07-30-food-11/,post,yes,https://honsamnote.co.kr/blog/2026-07-30-food-11/,yes,no,yes,0,3,ORPHAN
https://honsamnote.co.kr/blog/2026-07-30-food-10/,post,yes,https://honsamnote.co.kr/blog/2026-07-30-food-10/,yes,no,yes,0,3,ORPHAN
https://honsamnote.co.kr/blog/2026-07-30-cost-80/,post,yes,https://honsamnote.co.kr/blog/2026-07-30-cost-80/,yes,no,yes,0,3,ORPHAN
https://honsamnote.co.kr/blog/2026-07-30-cost-8/,post,yes,https://honsamnote.co.kr/blog/2026-07-30-cost-8/,yes,no,yes,0,3,ORPHAN
https://honsamnote.co.kr/blog/2026-07-30-cost-70/,post,yes,https://honsamnote.co.kr/blog/2026-07-30-cost-70/,yes,no,yes,0,3,ORPHAN
https://honsamnote.co.kr/blog/2026-07-30-cost-7/,post,yes,https://honsamnote.co.kr/blog/2026-07-30-cost-7/,yes,no,yes,0,3,ORPHAN
https://honsamnote.co.kr/blog/2026-07-30-cost-6/,post,yes,https://honsamnote.co.kr/blog/2026-07-30-cost-6/,yes,no,yes,1,3,incoming:1
https://honsamnote.co.kr/blog/2026-07-30-cost-5/,post,yes,https://honsamnote.co.kr/blog/2026-07-30-cost-5/,yes,no,yes,0,3,ORPHAN
https://honsamnote.co.kr/blog/2026-07-30-cost-4/,post,yes,https://honsamnote.co.kr/blog/2026-07-30-cost-4/,yes,no,yes,0,3,ORPHAN
https://honsamnote.co.kr/blog/2026-07-30-cost-3/,post,yes,https://honsamnote.co.kr/blog/2026-07-30-cost-3/,yes,no,yes,0,3,ORPHAN
https://honsamnote.co.kr/blog/2026-07-30-cost-2/,post,yes,https://honsamnote.co.kr/blog/2026-07-30-cost-2/,yes,no,yes,0,3,ORPHAN
https://honsamnote.co.kr/blog/2026-07-30-cleaning-67/,post,yes,https://honsamnote.co.kr/blog/2026-07-30-cleaning-67/,yes,no,yes,0,3,ORPHAN
https://honsamnote.co.kr/blog/2026-07-30-cleaning-32/,post,yes,https://honsamnote.co.kr/blog/2026-07-30-cleaning-32/,yes,no,yes,0,3,ORPHAN
https://honsamnote.co.kr/blog/2026-07-30-cleaning-31/,post,yes,https://honsamnote.co.kr/blog/2026-07-30-cleaning-31/,yes,no,yes,0,3,ORPHAN
https://honsamnote.co.kr/blog/2026-07-30-cleaning-30/,post,yes,https://honsamnote.co.kr/blog/2026-07-30-cleaning-30/,yes,no,yes,0,3,ORPHAN
https://honsamnote.co.kr/blog/2026-07-30-cleaning-29/,post,yes,https://honsamnote.co.kr/blog/2026-07-30-cleaning-29/,yes,no,yes,0,3,ORPHAN
https://honsamnote.co.kr/blog/2026-07-30-cleaning-28/,post,yes,https://honsamnote.co.kr/blog/2026-07-30-cleaning-28/,yes,no,yes,4,3,incoming:4
https://honsamnote.co.kr/blog/2026-07-30-cleaning-27/,post,yes,https://honsamnote.co.kr/blog/2026-07-30-cleaning-27/,yes,no,yes,0,3,ORPHAN
https://honsamnote.co.kr/blog/2026-07-30-cleaning-26/,post,yes,https://honsamnote.co.kr/blog/2026-07-30-cleaning-26/,yes,no,yes,0,3,ORPHAN
https://honsamnote.co.kr/blog/2026-07-30-cleaning-25/,post,yes,https://honsamnote.co.kr/blog/2026-07-30-cleaning-25/,yes,no,yes,0,3,ORPHAN
https://honsamnote.co.kr/blog/2026-07-29-food-9/,post,yes,https://honsamnote.co.kr/blog/2026-07-29-food-9/,yes,no,yes,0,3,ORPHAN
https://honsamnote.co.kr/blog/2026-07-29-cost-1/,post,yes,https://honsamnote.co.kr/blog/2026-07-29-cost-1/,yes,no,yes,1,3,incoming:1
https://honsamnote.co.kr/blog/2026-07-27-welcome/,post,yes,https://honsamnote.co.kr/blog/2026-07-27-welcome/,yes,no,yes,0,3,ORPHAN
