post_id,title,url,category,category_name,outgoing_link_count
2026-07-27-welcome,혼자 사는 삶을 더 쉽게 만드는 법 — 1인 가구 생활백서를 시작하며,https://honsamnote.co.kr/blog/2026-07-27-welcome/,,,0
2026-07-30-storage-23,"이사 앞둔 1인 가구, 버릴 물건에 발목 잡혔다면? 손해 없이 후회 없이 짐 줄이는 현실 가이드",https://honsamnote.co.kr/blog/2026-07-30-storage-23/,storage,좁은 집과 수납,2
2026-08-01-food-auto-7f290f,"퇴근 후 요리 시간 아끼는 1인 가구 직장인, 미니 다지기 vs. 칼질: 당신의 손목과 시간을 위한 현명한 선택",https://honsamnote.co.kr/blog/2026-08-01-food-auto-7f290f/,food,혼밥·식재료 관리,2
2026-08-01-housing-auto-1c1518,"혼자 사는 직장인, 이사 갈 때 대형 폐기물 처리? 시간과 돈 아끼는 3가지 선택 비교",https://honsamnote.co.kr/blog/2026-08-01-housing-auto-1c1518/,housing,주거·계약·이사,2
2026-08-01-lifestyle-auto-a6f950,"혼자 사는 직장인, 경조사 챙기기가 막막하다면? 시간과 에너지를 아끼는 스마트 가이드",https://honsamnote.co.kr/blog/2026-08-01-lifestyle-auto-a6f950/,lifestyle,관계·고립·생활 리듬,2
2026-08-01-products-auto-29af64,"혼자 사는 직장인, 잦은 이사에 목돈 부담? 가구 구독/렌탈, 우리 집에 맞는지 따져보는 3가지 기준",https://honsamnote.co.kr/blog/2026-08-01-products-auto-29af64/,products,1인 가구 제품·서비스,2
2026-08-01-safety-auto-0466e2,"혼자 사는 당신, 집에서 갑자기 쓰러지거나 움직일 수 없을 때? 스마트 응급 호출 시스템, 나에게 정말 필요할까?",https://honsamnote.co.kr/blog/2026-08-01-safety-auto-0466e2/,safety,안전·응급상황,6
2026-08-03-food-auto-f85a75,"1인 가구, '이거 왜 샀지?' 냉장고 속 낯선 식재료, 버릴까 말까? 알뜰하게 다 쓰는 활용법",https://honsamnote.co.kr/blog/2026-08-03-food-auto-f85a75/,food,혼밥·식재료 관리,6
2026-08-04-cleaning-auto-99cb94,"혼자 사는 당신, 퇴근 후 끈적이는 바닥? 손 걸레질 vs 스팀 청소기, 후회 없는 선택 기준",https://honsamnote.co.kr/blog/2026-08-04-cleaning-auto-99cb94/,cleaning,청소·세탁·집안일,2
2026-08-04-lifestyle-auto-dabdf3,"혼자 사는 직장인, 친구나 가족이 잠깐 머물겠다고 할 때, 내 공간 지키며 관계도 유지하는 현명한 대처법",https://honsamnote.co.kr/blog/2026-08-04-lifestyle-auto-dabdf3/,lifestyle,관계·고립·생활 리듬,6
2026-08-05-housing-auto-7ef549,"혼자 사는 직장인, 새집 인터넷·TV 가입! 통신 3사 vs 알뜰 결합 vs 지역 케이블, 내 돈 아끼는 현명한 선택 가이드",https://honsamnote.co.kr/blog/2026-08-05-housing-auto-7ef549/,housing,주거·계약·이사,2
2026-08-06-cleaning-auto-ba24cc,"혼자 사는 당신, 설거지 후 주방 싱크대 물이 안 내려가? 지금 당장 막힌 배수구 뻥 뚫는 현실적인 솔루션",https://honsamnote.co.kr/blog/2026-08-06-cleaning-auto-ba24cc/,cleaning,청소·세탁·집안일,6
2026-08-06-lifestyle-auto-2e08db,"혼자 사는 직장인, 평일 연차나 공휴일에 생활 리듬이 무너진다면? 나만의 '갓생 휴일' 루틴으로 재정비하는 현실 가이드",https://honsamnote.co.kr/blog/2026-08-06-lifestyle-auto-2e08db/,lifestyle,관계·고립·생활 리듬,6
2026-08-06-lifestyle-auto-7d8463,"혼자 사는 직장인, 퇴근 후 적당한 외부 활동 찾기가 망설여진다면? 소규모 취미 클래스 vs. 단기 체험 모임, 나에게 맞는 선택 기준",https://honsamnote.co.kr/blog/2026-08-06-lifestyle-auto-7d8463/,lifestyle,관계·고립·생활 리듬,6
2026-08-06-safety-auto-5817e5,"혼자 사는 당신, 태풍·호우·강풍 예보가 떴을 때: 갑작스러운 재해에 우리 집을 안전하게 지키는 현실적인 방법",https://honsamnote.co.kr/blog/2026-08-06-safety-auto-5817e5/,safety,안전·응급상황,6
2026-08-06-safety-auto-b35351,"혼자 사는 당신, 예상치 못한 방문자가 '점검왔다'며 현관문을 두드릴 때: 신분 확인부터 안전한 응대까지 현실적인 대처법",https://honsamnote.co.kr/blog/2026-08-06-safety-auto-b35351/,safety,안전·응급상황,6
2026-08-07-food-auto-0e8387,"1인 가구 직장인, 혼자 시킨 배달 음식 한 끼에 다 못 먹을 때: 버리지 않고 다음 끼니까지 알뜰하게 즐기는 현실적인 전략",https://honsamnote.co.kr/blog/2026-08-07-food-auto-0e8387/,food,혼밥·식재료 관리,6
2026-08-07-housing-auto-e33294,"혼자 사는 직장인, 입주 며칠 만에 새 집에서 누수 발견! 당황 말고 수리비 책임 따지고 해결하는 법",https://honsamnote.co.kr/blog/2026-08-07-housing-auto-e33294/,housing,주거·계약·이사,6
2026-08-07-products-auto-75313c,"혼자 사는 직장인, 멀쩡한 옷도 보풀 때문에 헌 옷 같다면? 1인 가구 보풀제거기, 후회 없이 고르고 옷 수명 늘리는 법",https://honsamnote.co.kr/blog/2026-08-07-products-auto-75313c/,products,1인 가구 제품·서비스,2
2026-08-07-products-auto-bd7178,"혼자 사는 직장인, 낯선 초인종 소리에 불안하다면? 1인 가구 스마트 도어벨, 현명하게 고르는 3가지 기준",https://honsamnote.co.kr/blog/2026-08-07-products-auto-bd7178/,products,1인 가구 제품·서비스,2
2026-08-07-safety-auto-580f1f,"혼자 사는 당신, 갑자기 심한 알레르기 반응이 나타났을 때: 증상 확인부터 응급처치, 병원 판단 기준까지",https://honsamnote.co.kr/blog/2026-08-07-safety-auto-580f1f/,safety,안전·응급상황,6
2026-08-08-cleaning-auto-a4c61f,"혼자 사는 당신, 가습기/제습기 속 검은 물때와 퀴퀴한 냄새? 15분 만에 세균 걱정 없이 쾌적하게 만드는 현실 솔루션",https://honsamnote.co.kr/blog/2026-08-08-cleaning-auto-a4c61f/,cleaning,청소·세탁·집안일,6
2026-08-08-cost-auto-c1b0b5,"혼자 사는 직장인, 가끔 차 필요할 때마다 택시비 부담되고 대중교통 불편하다면? 카셰어링 vs 중고차 vs 렌터카, 내게 맞는 최적의 이동 수단 찾는 법",https://honsamnote.co.kr/blog/2026-08-08-cost-auto-c1b0b5/,cost,생활비 최적화,6
2026-08-08-food-auto-2c836a,"1인 가구 직장인, 개봉한 식재료 신선하게 보관할 때: 밀폐 용기 vs. 랩·지퍼백, 당신의 최적 선택 가이드",https://honsamnote.co.kr/blog/2026-08-08-food-auto-2c836a/,food,혼밥·식재료 관리,6
2026-08-08-food-auto-76d24e,"1인 가구 직장인, 혼자 요리하고 남은 '애매한 한 끼분' 음식, 버리지 않고 다음 끼니까지 알뜰하게 즐기는 법",https://honsamnote.co.kr/blog/2026-08-08-food-auto-76d24e/,food,혼밥·식재료 관리,2
2026-08-08-food-auto-89ea49,"혼자 사는 직장인, 두부 한 모 앞에서 망설일 때: 버리지 않고 끝까지 신선하게 즐기는 구매부터 보관, 활용법",https://honsamnote.co.kr/blog/2026-08-08-food-auto-89ea49/,food,혼밥·식재료 관리,6
2026-08-08-food-auto-89f7c0,"1인 가구 직장인, 쌀 한 포대 앞에서 망설일 때: 소량 팩 vs. 대용량, 아니면 즉석밥? 당신의 밥상과 지갑을 위한 최적의 선택",https://honsamnote.co.kr/blog/2026-08-08-food-auto-89f7c0/,food,혼밥·식재료 관리,2
2026-08-08-housing-auto-8b0461,"혼자 사는 직장인, 새집 입주 후 당황스러운 전기·가스·수도 명의 변경! 순서대로 해결하고 요금 폭탄 피하는 법",https://honsamnote.co.kr/blog/2026-08-08-housing-auto-8b0461/,housing,주거·계약·이사,6
2026-08-08-products-auto-a84bd7,"혼자 사는 직장인, 퇴근 후 무거운 장바구니 대신? 1인 가구 온라인 장보기 서비스, 현명하게 고르고 알뜰하게 이용하는 법",https://honsamnote.co.kr/blog/2026-08-08-products-auto-a84bd7/,products,1인 가구 제품·서비스,2
2026-08-09-housing-auto-1e381e,"혼자 사는 직장인, 장기간 집 비울 때? 스마트 기기 vs 지인 vs 관리사무소, 뭘 믿어야 안심될까?",https://honsamnote.co.kr/blog/2026-08-09-housing-auto-1e381e/,housing,주거·계약·이사,2
2026-08-09-lifestyle-auto-12d150,"혼자 사는 직장인, 퇴근 후 아무도 간섭하지 않아 오히려 생활 리듬 잡기 어렵다면? 나만의 '일상 코어 루틴'으로 시간과 에너지를 최적화하는 법",https://honsamnote.co.kr/blog/2026-08-09-lifestyle-auto-12d150/,lifestyle,관계·고립·생활 리듬,6
2026-08-10-food-auto-d3517e,"혼자 사는 직장인, 특정 요리 후 남은 '이색 소량 식재료' (고수, 코코넛 밀크 등): 버리지 않고 다음 끼니까지 알뜰하게 해치우는 현실 가이드",https://honsamnote.co.kr/blog/2026-08-10-food-auto-d3517e/,food,혼밥·식재료 관리,6
2026-08-10-lifestyle-auto-1dd1a3,"혼자 사는 직장인, 혹시 모를 상황에 대비한 긴급 연락처, 누구로 지정해야 할지 고민이라면? 나만의 스마트 비상 연락 시스템 구축 가이드",https://honsamnote.co.kr/blog/2026-08-10-lifestyle-auto-1dd1a3/,lifestyle,관계·고립·생활 리듬,6
2026-08-11-food-auto-a86ad1,"혼자 사는 직장인, 빵 한 팩 앞에서 망설일 때: 버리지 않고 끝까지 촉촉하게 즐기는 구매부터 보관, 활용법",https://honsamnote.co.kr/blog/2026-08-11-food-auto-a86ad1/,food,혼밥·식재료 관리,6
2026-08-11-lifestyle-auto-90d3e2,"혼자 사는 직장인, 밤샘 야근·늦은 약속 다음 날, 망가진 생활 리듬 최소 2시간 만에 되돌리는 법",https://honsamnote.co.kr/blog/2026-08-11-lifestyle-auto-90d3e2/,lifestyle,관계·고립·생활 리듬,6
2026-08-12-cleaning-auto-85acce,"혼자 사는 당신, 창밖 풍경이 뿌옇고 답답하다면? 손 닿지 않는 창문 청소, 수동 와이퍼 vs. 로봇 청소기 현명한 선택 기준",https://honsamnote.co.kr/blog/2026-08-12-cleaning-auto-85acce/,cleaning,청소·세탁·집안일,2
2026-08-12-cleaning-auto-868b91,"혼자 사는 당신, 답답하고 칙칙한 유리창? 1시간 만에 밝고 시원하게 되돌리는 현실 솔루션",https://honsamnote.co.kr/blog/2026-08-12-cleaning-auto-868b91/,cleaning,청소·세탁·집안일,2
2026-08-12-safety-auto-020b2f,"혼자 사는 당신, 욕실이나 주방 배수구에서 갑자기 악취가 올라올 때: 당황하지 않고 원인 파악부터 위생적으로 해결하는 현실적인 방법",https://honsamnote.co.kr/blog/2026-08-12-safety-auto-020b2f/,safety,안전·응급상황,6
2026-08-13-food-auto-4b3fa7,"혼자 사는 직장인, 매일 건강한 과일 챙겨 먹고 싶을 때: 신선 베리 vs. 냉동 베리, 당신의 지갑과 편리함을 위한 현명한 선택",https://honsamnote.co.kr/blog/2026-08-13-food-auto-4b3fa7/,food,혼밥·식재료 관리,6
2026-08-13-housing-auto-5aa38a,"혼자 사는 직장인, 택배 분실·도난 걱정으로 스트레스받지 마세요! 우리 집 현관 앞 택배 100% 안전하게 받는 현실적인 방법",https://honsamnote.co.kr/blog/2026-08-13-housing-auto-5aa38a/,housing,주거·계약·이사,2
2026-08-13-products-auto-2cf601,"혼자 사는 직장인, 매번 번거로운 제모에 시간/돈 낭비 그만! 가정용 제모기 vs 전문 샵 레이저, 나에게 딱 맞는 선택은?",https://honsamnote.co.kr/blog/2026-08-13-products-auto-2cf601/,products,1인 가구 제품·서비스,2
2026-08-13-safety-auto-c86e8c,"혼자 사는 당신, 갑자기 집이 흔들리거나 건물 전체 비상벨이 울릴 때: 지진인지, 건물 문제인지 당황하지 않고 판단하고 안전하게 대처하는 법",https://honsamnote.co.kr/blog/2026-08-13-safety-auto-c86e8c/,safety,안전·응급상황,6
2026-08-13-safety-auto-dcd18d,"혼자 사는 당신, 비상식량·비상용 물, 어떻게 준비해야 할까? 시판 비상식량 키트 vs. DIY 식료품 로테이션, 나에게 맞는 안전 선택은?",https://honsamnote.co.kr/blog/2026-08-13-safety-auto-dcd18d/,safety,안전·응급상황,6
2026-08-14-cost-auto-304499,"혼자 사는 직장인, 책 읽고 싶은데 매번 구매 비용 부담된다면? 도서관 vs. 전자책 구독 vs. 종이책 구매, 나에게 맞는 최적의 독서법은?",https://honsamnote.co.kr/blog/2026-08-14-cost-auto-304499/,cost,생활비 최적화,6
2026-08-14-food-auto-950e9e,"혼자 사는 직장인, 팬트리 속 '말린 식재료' (미역, 다시마, 표고버섯 등), 언제까지, 어떻게 보관해야 할까? 맛과 건강 다 잡는 현실적인 관리법",https://honsamnote.co.kr/blog/2026-08-14-food-auto-950e9e/,food,혼밥·식재료 관리,6
2026-08-14-products-auto-da7759,"혼자 사는 직장인, 혹시 모를 사고에 내 보증금·월세 가구 지켜줄 '이 보험' 꼭 확인하세요!",https://honsamnote.co.kr/blog/2026-08-14-products-auto-da7759/,products,1인 가구 제품·서비스,2
2026-08-14-safety-auto-2f3ee3,"혼자 사는 당신, 겨울철 강추위에 갑자기 수도 동파가 걱정될 때: 당황하지 않고 예방하고 대처하는 현실적인 방법",https://honsamnote.co.kr/blog/2026-08-14-safety-auto-2f3ee3/,safety,안전·응급상황,2
