cluster_id,cluster_name,primary_page,primary_url,primary_title,supporting_page_count,supporting_pages,reason
oneroom-storage,원룸 전체 수납,2026-07-30-storage-18,https://honsamnote.co.kr/blog/2026-07-30-storage-18/,"퇴근 후 좁은 원룸, 넘쳐나는 계절옷을 깔끔하게 정리하고 보관하는 현실적인 팁",55,2026-07-30-storage-19; 2026-07-30-storage-24; 2026-07-30-storage-21; 2026-08-07-storage-auto-4a268b; 2026-08-01-storage-auto-316ab0; 2026-08-07-storage-auto-fcc47d; 2026-08-13-storage-auto-92e3bb; 2026-08-01-storage-auto-387eaf; 2026-08-11-storage-auto-9064d7; 2026-08-06-storage-auto-d7c10d; 2026-08-06-storage-auto-11ba62; 2026-08-01-storage-auto-4eec70; 2026-08-10-storage-auto-046a46; 2026-08-08-storage-auto-276b92; 2026-08-06-storage-auto-19a86d; 2026-08-01-storage-auto-f1fb81; 2026-08-08-storage-auto-24e806; 2026-08-01-storage-auto-39ae63; 2026-08-13-storage-auto-ccc061; 2026-08-08-storage-auto-12975c; 2026-08-03-storage-auto-45d4eb; 2026-08-08-storage-auto-15969c; 2026-08-06-storage-auto-53c51c; 2026-08-07-storage-auto-3c236f; 2026-08-06-storage-auto-c25261; 2026-08-05-storage-auto-d93cd5; 2026-08-12-storage-auto-0db620; 2026-08-07-storage-auto-6dca4b; 2026-08-09-storage-auto-b54398; 2026-08-07-storage-auto-c71b14; 2026-08-12-storage-auto-ec0e5a; 2026-08-05-storage-auto-c8c36f; 2026-08-06-storage-auto-bb011a; 2026-08-11-storage-auto-80b064; 2026-08-07-storage-auto-ffedfc; 2026-08-06-storage-auto-c14a3a; 2026-08-01-storage-auto-662a7f; 2026-08-04-storage-auto-28ed9d; 2026-08-06-storage-auto-239c0d; 2026-08-07-storage-auto-54d5cd; 2026-08-04-storage-auto-225475; 2026-08-01-storage-auto-c54f86; 2026-08-06-storage-auto-b1740f; 2026-08-06-storage-auto-772373; 2026-08-14-storage-auto-be0ab4; 2026-08-06-storage-auto-5477a3; 2026-08-04-storage-auto-06061f; 2026-08-07-storage-auto-b02bd8; 2026-08-06-storage-auto-ddb1d8; 2026-08-07-storage-auto-18dbcb; 2026-08-13-storage-auto-545d8d; 2026-08-06-storage-auto-ee77b8; 2026-08-01-storage-auto-499287; 2026-08-07-storage-auto-ee20dc; 2026-08-08-storage-auto-fda98a,주제 적합도(matchScore 126.3점 환산)·들어오는 링크·본문 충실도 기준 최상위
general-living-cost,생활비 절약 전반,2026-07-29-cost-1,https://honsamnote.co.kr/blog/2026-07-29-cost-1/,"월급날 한숨만? 1인 가구 직장인의 한 달 고정비, 이대로 따라 하면 무조건 줄어듭니다",52,2026-07-30-cost-6; 2026-08-01-cost-auto-0d71f8; 2026-08-01-cost-auto-4a41b3; 2026-08-01-cost-auto-44803f; 2026-08-12-cost-auto-b36efb; 2026-08-09-cost-auto-80b3c9; 2026-08-08-cost-auto-770f4a; 2026-08-01-cost-auto-eacedc; 2026-08-05-cost-auto-e4ec33; 2026-08-10-cost-auto-88aeb7; 2026-08-06-cost-auto-3826dd; 2026-08-10-cost-auto-78f79c; 2026-08-11-cost-auto-ff0274; 2026-08-03-cost-auto-749379; 2026-08-13-cost-auto-b1e536; 2026-08-11-cost-auto-bf7238; 2026-08-08-cost-auto-65e819; 2026-08-06-cost-auto-f652a0; 2026-08-01-cost-auto-e9d2d3; 2026-08-07-cost-auto-d674a8; 2026-08-01-cost-auto-8e14b1; 2026-08-07-cost-auto-24b43b; 2026-08-05-cost-auto-9715f2; 2026-08-03-cost-auto-d01191; 2026-08-07-cost-auto-efcd2f; 2026-08-06-cost-auto-bf984a; 2026-08-07-cost-auto-b1ff82; 2026-08-07-cost-auto-811cef; 2026-08-06-cost-auto-177634; 2026-08-06-cost-auto-b32a96; 2026-08-01-cost-auto-aa6f9d; 2026-08-12-cost-auto-b175c0; 2026-08-04-cost-auto-dac7b3; 2026-08-07-cost-auto-0c25d9; 2026-08-06-cost-auto-cfda8d; 2026-08-06-cost-auto-c59747; 2026-08-06-cost-auto-9d0ea4; 2026-08-07-cost-auto-7256ba; 2026-08-07-cost-auto-846842; 2026-08-06-cost-auto-e8c32b; 2026-08-01-cost-auto-9c7467; 2026-08-04-cost-auto-959521; 2026-08-06-cost-auto-515c77; 2026-08-10-cost-auto-2c9756; 2026-08-14-cost-auto-c66395; 2026-08-06-cost-auto-e2088d; 2026-08-13-cost-auto-590148; 2026-08-03-cost-auto-4d199c; 2026-08-08-cost-auto-bbb3d7; 2026-08-01-cost-auto-f9f9ca; 2026-08-08-cost-auto-c1b0b5; 2026-08-14-cost-auto-304499,주제 적합도(matchScore 114.5점 환산)·들어오는 링크·본문 충실도 기준 최상위
emergency-response,응급상황 대처,2026-07-30-safety-33,https://honsamnote.co.kr/blog/2026-07-30-safety-33/,"혼자 사는 당신, 갑자기 아플 때 후회하지 않을 '생활 비상 키트' 미리 준비하기",41,2026-07-30-safety-34; 2026-07-30-safety-36; 2026-07-30-safety-41; 2026-08-01-safety-auto-a71046; 2026-08-07-safety-auto-86e30d; 2026-08-08-safety-auto-985515; 2026-08-06-safety-auto-425601; 2026-08-01-safety-auto-1a5c71; 2026-08-01-safety-auto-835af8; 2026-08-12-safety-auto-52e6c7; 2026-08-06-safety-auto-8dc9e3; 2026-08-06-safety-auto-ec7c17; 2026-07-31-safety-72; 2026-08-08-safety-auto-71a5f3; 2026-08-06-safety-auto-9df39e; 2026-08-06-safety-auto-0b96ff; 2026-08-07-safety-auto-e50d7a; 2026-08-01-safety-auto-0e6262; 2026-08-13-safety-auto-6b585a; 2026-08-11-safety-auto-197473; 2026-08-11-safety-auto-3045ad; 2026-07-31-safety-73; 2026-08-08-safety-auto-fcd8d6; 2026-08-04-safety-auto-61ce38; 2026-08-07-safety-auto-22735c; 2026-08-06-safety-auto-d2f981; 2026-08-12-safety-auto-15ca61; 2026-08-08-safety-auto-2186aa; 2026-08-07-safety-auto-0d1c1b; 2026-08-06-safety-auto-063890; 2026-08-03-safety-auto-75476d; 2026-08-04-safety-auto-ceca45; 2026-08-06-safety-auto-b04dc4; 2026-08-06-safety-auto-97b7d5; 2026-08-07-safety-auto-580f1f; 2026-08-13-safety-auto-c86e8c; 2026-08-12-safety-auto-020b2f; 2026-08-13-safety-auto-dcd18d; 2026-08-01-safety-auto-0466e2; 2026-08-06-safety-auto-5817e5; 2026-08-06-safety-auto-b35351,주제 적합도(matchScore 112.7점 환산)·들어오는 링크·본문 충실도 기준 최상위
food-waste,식재료 낭비 줄이기,2026-07-30-food-13,https://honsamnote.co.kr/blog/2026-07-30-food-13/,"1인 가구, 남은 배달음식 버릴까? 다음 끼니까지 안전하게 보관하는 현실적인 팁",26,2026-07-30-food-12; 2026-07-30-food-16; 2026-08-01-food-auto-0ac183; 2026-08-07-food-auto-bb56bf; 2026-08-01-food-auto-8c9a71; 2026-08-01-food-auto-6b8a79; 2026-08-06-food-auto-9e2cfe; 2026-08-14-food-auto-0030b0; 2026-08-06-food-auto-36b7bb; 2026-08-12-food-auto-6ed755; 2026-08-01-food-auto-174113; 2026-08-06-food-auto-dea971; 2026-08-06-food-auto-75ad3e; 2026-08-07-food-auto-f5cf37; 2026-08-09-food-auto-bd7a7d; 2026-08-06-food-auto-19b20f; 2026-08-08-food-auto-9b0e80; 2026-08-07-food-auto-44e578; 2026-08-09-food-auto-937ea1; 2026-08-12-food-auto-7b4cd9; 2026-08-13-food-auto-05f1fc; 2026-08-07-food-auto-13d75f; 2026-08-08-food-auto-6f0a23; 2026-08-08-food-auto-2c836a; 2026-08-07-food-auto-0e8387; 2026-08-03-food-auto-f85a75,주제 적합도(matchScore 74.3점 환산)·들어오는 링크·본문 충실도 기준 최상위
laundry-clothing,세탁·옷관리,2026-07-30-cleaning-28,https://honsamnote.co.kr/blog/2026-07-30-cleaning-28/,"퇴근 후 급하게 돌린 빨래, 쉰 냄새 고민 끝! 1인 가구를 위한 초간단 세탁 관리법",22,2026-07-31-cleaning-74; 2026-08-01-cleaning-auto-070bfd; 2026-08-06-cleaning-auto-eb5789; 2026-07-30-cleaning-32; 2026-08-06-cleaning-auto-530ba0; 2026-08-10-cleaning-auto-aeb4a0; 2026-08-06-cleaning-auto-f4b529; 2026-08-06-cleaning-auto-07ebe3; 2026-08-04-cleaning-auto-123d17; 2026-08-08-cleaning-auto-e6a45e; 2026-08-01-cleaning-auto-b67a07; 2026-08-06-cleaning-auto-ff8d39; 2026-08-07-cleaning-auto-1c4212; 2026-08-11-cleaning-auto-5be420; 2026-08-07-cleaning-auto-e52e72; 2026-08-01-cleaning-auto-2b8bbd; 2026-08-06-cleaning-auto-17f2ed; 2026-08-08-cleaning-auto-3b9de2; 2026-08-07-cleaning-auto-5100a8; 2026-08-10-cleaning-auto-6e0644; 2026-08-08-cleaning-auto-e0020a; 2026-08-07-cleaning-auto-ef484e,주제 적합도(matchScore 79.0점 환산)·들어오는 링크·본문 충실도 기준 최상위
loneliness-isolation,외로움·고립감,2026-07-30-lifestyle-59,https://honsamnote.co.kr/blog/2026-07-30-lifestyle-59/,"1인 가구 직장인, 퇴근 후나 주말에 혼자 있을 때 자꾸 무기력해진다면? 당신의 생활 리듬을 되찾는 현실적인 방법",18,2026-07-30-lifestyle-61; 2026-07-30-lifestyle-63; 2026-08-01-lifestyle-auto-29922b; 2026-08-08-lifestyle-auto-83e6d5; 2026-08-03-lifestyle-auto-dfa23e; 2026-08-03-lifestyle-auto-06c5e8; 2026-08-01-lifestyle-auto-b13421; 2026-08-06-lifestyle-auto-91c019; 2026-08-01-lifestyle-auto-f56796; 2026-08-01-lifestyle-auto-ac59b7; 2026-08-11-lifestyle-auto-0f05f0; 2026-08-08-lifestyle-auto-4e7860; 2026-08-05-lifestyle-auto-420299; 2026-08-07-lifestyle-auto-0b115c; 2026-08-07-lifestyle-auto-6d2617; 2026-08-14-lifestyle-auto-e506f6; 2026-08-08-lifestyle-auto-9fe492; 2026-08-06-lifestyle-auto-bf4537,주제 적합도(matchScore 88.5점 환산)·들어오는 링크·본문 충실도 기준 최상위
bathroom-cleaning,욕실 청소,2026-07-30-cleaning-26,https://honsamnote.co.kr/blog/2026-07-30-cleaning-26/,"퇴근 후 마주한 눅눅한 욕실, 1인 가구 화장실 곰팡이, 딱 30분이면 끝내는 완벽 제거 가이드",13,2026-07-30-cleaning-27; 2026-07-30-cleaning-29; 2026-08-09-cleaning-auto-117267; 2026-08-01-cleaning-auto-dd0fd9; 2026-08-13-cleaning-auto-cf3699; 2026-08-01-cleaning-auto-e1e505; 2026-08-07-cleaning-auto-f46339; 2026-07-31-cleaning-68; 2026-08-11-cleaning-auto-1ad691; 2026-08-07-cleaning-auto-d3c72b; 2026-08-11-cleaning-auto-983cbd; 2026-08-08-cleaning-auto-a4c61f; 2026-08-06-cleaning-auto-ba24cc,주제 적합도(matchScore 64.8점 환산)·들어오는 링크·본문 충실도 기준 최상위
deposit,보증금,2026-08-01-housing-auto-c039f6,https://honsamnote.co.kr/blog/2026-08-01-housing-auto-c039f6/,전월세 계약 갱신 방법｜묵시적 갱신,12,2026-08-03-housing-auto-5b4f05; 2026-07-30-housing-44; 2026-08-01-housing-auto-18e480; 2026-08-06-housing-auto-849c13; 2026-08-08-housing-auto-4e32dc; 2026-08-13-housing-auto-0fa740; 2026-08-06-housing-auto-1870eb; 2026-08-07-housing-auto-baa8f0; 2026-08-06-housing-auto-36b1cd; 2026-08-08-housing-auto-d2c1ed; 2026-08-12-housing-auto-f420ec; 2026-08-03-housing-auto-e4e5c4,주제 적합도(matchScore 44.5점 환산)·들어오는 링크·본문 충실도 기준 최상위
kitchen-cleaning,주방 청소,2026-07-30-cleaning-31,https://honsamnote.co.kr/blog/2026-07-30-cleaning-31/,"혼자 사는 직장인, 요리 후 쌓이는 주방 기름때 찌든 때 되기 전에 싹 지우는 현실적인 루틴",11,2026-08-06-cleaning-auto-467d7f; 2026-08-06-cleaning-auto-ec8541; 2026-08-03-cleaning-auto-fd154a; 2026-08-08-cleaning-auto-c188df; 2026-08-07-cleaning-auto-cb5dfe; 2026-08-10-cleaning-auto-8285cc; 2026-08-08-cleaning-auto-4d4ce4; 2026-08-07-cleaning-auto-27a7fe; 2026-08-08-cleaning-auto-a279f2; 2026-08-12-cleaning-auto-4cf6ca; 2026-08-08-cleaning-auto-176b73,주제 적합도(matchScore 60.3점 환산)·들어오는 링크·본문 충실도 기준 최상위
daily-rhythm,생활리듬·시간관리,2026-07-30-lifestyle-60,https://honsamnote.co.kr/blog/2026-07-30-lifestyle-60/,주말 무기력 해결 방법｜주말 계획,11,2026-07-30-lifestyle-62; 2026-08-01-lifestyle-auto-19ac88; 2026-07-30-lifestyle-64; 2026-08-04-lifestyle-auto-8920c5; 2026-08-13-lifestyle-auto-8d6b5e; 2026-08-07-lifestyle-auto-c39ec1; 2026-08-08-lifestyle-auto-dd0e67; 2026-08-09-lifestyle-auto-12d150; 2026-08-04-lifestyle-auto-dabdf3; 2026-08-06-lifestyle-auto-2e08db; 2026-08-11-lifestyle-auto-90d3e2,주제 적합도(matchScore 74.6점 환산)·들어오는 링크·본문 충실도 기준 최상위
lease-contract,전월세 계약,2026-07-30-housing-48,https://honsamnote.co.kr/blog/2026-07-30-housing-48/,옵션 가전 고장 알아보기｜세입자 책임,10,2026-07-30-housing-46; 2026-08-01-housing-auto-abec0f; 2026-08-07-housing-auto-5dd703; 2026-08-01-housing-auto-ecfb76; 2026-08-06-housing-auto-9d6fe3; 2026-08-01-housing-auto-ace922; 2026-08-05-housing-auto-580e50; 2026-08-11-housing-auto-a2f088; 2026-08-03-housing-auto-f53851; 2026-08-07-housing-auto-e33294,주제 적합도(matchScore 38.7점 환산)·들어오는 링크·본문 충실도 기준 최상위
ingredient-storage,식재료 보관,2026-08-06-food-auto-38c543,https://honsamnote.co.kr/blog/2026-08-06-food-auto-38c543/,"혼자 사는 직장인, 냉장고 문 열 때마다 스멀스멀 올라오는 퀴퀴한 냄새? 식욕도 위생도 살리는 깔끔한 해결법",10,2026-08-04-food-auto-8d3bfc; 2026-08-05-food-auto-c06744; 2026-08-11-food-auto-d47a0f; 2026-08-06-food-auto-c5562a; 2026-08-08-food-auto-0ac2e1; 2026-08-14-food-auto-950e9e; 2026-08-13-food-auto-f7b0fc; 2026-08-08-food-auto-cfd186; 2026-08-13-food-auto-4b3fa7; 2026-08-11-food-auto-a86ad1,주제 적합도(matchScore 46.6점 환산)·들어오는 링크·본문 충실도 기준 최상위
solo-meal-recipe,혼밥 레시피·식단,2026-07-29-food-9,https://honsamnote.co.kr/blog/2026-07-29-food-9/,퇴근 후 지쳐도 괜찮아: 1인 가구 직장인이 냉장고 털어 일주일 식단을 미리 짜는 현실적인 방법,9,2026-07-30-food-15; 2026-07-30-food-14; 2026-08-06-food-auto-585c1b; 2026-08-07-food-auto-e08b8c; 2026-08-07-food-auto-c3ab2b; 2026-08-14-food-auto-78155f; 2026-08-09-food-auto-e39c1f; 2026-08-07-food-auto-18079e; 2026-08-10-food-auto-0b9c15,주제 적합도(matchScore 92.0점 환산)·들어오는 링크·본문 충실도 기준 최상위
moving-prep,이사 준비,2026-07-30-housing-42,https://honsamnote.co.kr/blog/2026-07-30-housing-42/,"내 첫 원룸 계약, 퇴근 후 15분으로 손해 없이 똑똑하게 확인하는 법",9,2026-07-30-housing-45; 2026-08-01-housing-auto-e6f8ea; 2026-08-01-housing-auto-e11fd3; 2026-08-09-housing-auto-da13ec; 2026-08-06-housing-auto-1a9827; 2026-08-05-housing-auto-f0090f; 2026-08-07-housing-auto-0bc6a2; 2026-08-14-housing-auto-189ec3; 2026-08-08-housing-auto-8b0461,주제 적합도(matchScore 68.9점 환산)·들어오는 링크·본문 충실도 기준 최상위
lock-security,도어락·보안,2026-07-30-safety-35,https://honsamnote.co.kr/blog/2026-07-30-safety-35/,"혼자 사는 당신, 늦은 밤 퇴근 후 불안한 현관 보안 이대로 강화하세요",9,2026-08-01-safety-auto-909169; 2026-08-07-safety-auto-6b24c5; 2026-08-09-safety-auto-eb5e4c; 2026-08-05-safety-auto-9a8ad6; 2026-07-30-safety-39; 2026-08-01-safety-auto-c574d6; 2026-08-14-safety-auto-f47696; 2026-08-06-safety-auto-3d7ecc; 2026-08-07-safety-auto-eecdaa,주제 적합도(matchScore 77.0점 환산)·들어오는 링크·본문 충실도 기준 최상위
fire-prevention,화재 예방,2026-07-30-safety-37,https://honsamnote.co.kr/blog/2026-07-30-safety-37/,나 혼자 사는 집에 불이 났다면? 당황하지 않고 대피하는 5단계 행동 수칙,9,2026-08-03-safety-auto-7bde55; 2026-08-09-safety-auto-14bba7; 2026-08-05-safety-auto-4e7f26; 2026-07-30-safety-40; 2026-08-04-safety-auto-3547d2; 2026-08-06-safety-auto-669f80; 2026-08-07-safety-auto-5a549d; 2026-08-07-safety-auto-a9b07e; 2026-08-08-safety-auto-be207d,주제 적합도(matchScore 61.0점 환산)·들어오는 링크·본문 충실도 기준 최상위
relationship-management,관계 관리,2026-08-01-lifestyle-auto-ab470f,https://honsamnote.co.kr/blog/2026-08-01-lifestyle-auto-ab470f/,"혼자 사는 직장인, 새로운 인연 찾기가 막막하다면? 데이팅 앱 vs. 오프라인 모임, 나에게 맞는 선택 기준",7,2026-07-30-lifestyle-65; 2026-08-01-lifestyle-auto-976633; 2026-08-03-lifestyle-auto-7c20c0; 2026-08-10-lifestyle-auto-1dd1a3; 2026-08-06-lifestyle-auto-dd68b0; 2026-08-04-lifestyle-auto-fd9e87; 2026-08-06-lifestyle-auto-7d8463,주제 적합도(matchScore 42.9점 환산)·들어오는 링크·본문 충실도 기준 최상위
cleaning-tools-time,청소도구·시간절약,2026-07-30-cleaning-25,https://honsamnote.co.kr/blog/2026-07-30-cleaning-25/,"퇴근 후 지친 1인 가구, 10분씩 쪼개서 끝내는 주간 청소 루틴",6,2026-08-03-cleaning-auto-d96324; 2026-07-31-cleaning-79; 2026-08-04-cleaning-auto-0b0c02; 2026-08-07-cleaning-auto-40f096; 2026-08-06-cleaning-auto-858326; 2026-08-05-cleaning-auto-b9c84f,주제 적합도(matchScore 78.3점 환산)·들어오는 링크·본문 충실도 기준 최상위
odor-removal,냄새 제거,2026-08-06-cleaning-auto-907063,https://honsamnote.co.kr/blog/2026-08-06-cleaning-auto-907063/,"혼자 사는 당신, 현관문 열자마자 신발장 냄새에 미간 찌푸린다고요? 10분 만에 꿉꿉한 냄새 싹 잡고 쾌적하게 만드는 현실 솔루션",6,2026-08-07-cleaning-auto-f340ae; 2026-08-07-cleaning-auto-c3121d; 2026-07-30-cleaning-67; 2026-08-01-cleaning-auto-48265b; 2026-08-06-cleaning-auto-e80db8; 2026-08-09-cleaning-auto-e21eb5,주제 적합도(matchScore 41.0점 환산)·들어오는 링크·본문 충실도 기준 최상위
kitchen-appliances,주방가전,2026-08-10-products-auto-b0092a,https://honsamnote.co.kr/blog/2026-08-10-products-auto-b0092a/,"혼자 사는 직장인, 퇴근 후 간편하고 맛있는 요리, 어떤 조리 기구가 답일까? 에어프라이어 vs 전자레인지, 내게 맞는 최적의 선택은?",6,2026-08-01-products-auto-4d32dc; 2026-08-01-products-auto-b433a0; 2026-07-30-products-54; 2026-08-04-products-auto-db26cb; 2026-08-01-products-78; 2026-08-08-products-auto-38bb22,주제 적합도(matchScore 34.5점 환산)·들어오는 링크·본문 충실도 기준 최상위
grocery-shopping,장보기·식비절약,2026-08-01-food-auto-2c9171,https://honsamnote.co.kr/blog/2026-08-01-food-auto-2c9171/,"1인 가구 직장인, 대형마트 대용량 식재료 앞에서 망설일 때? 현명하게 구매하고 다 쓰는 전략",6,2026-08-01-food-auto-0f5d02; 2026-08-04-food-auto-908ca9; 2026-08-04-food-auto-c6481a; 2026-08-06-food-auto-ef165d; 2026-08-08-food-auto-476c5f; 2026-08-10-food-auto-d3517e,주제 적합도(matchScore 57.0점 환산)·들어오는 링크·본문 충실도 기준 최상위
freeze-portion,냉동·소분,2026-07-30-food-10,https://honsamnote.co.kr/blog/2026-07-30-food-10/,"퇴근 후 요리 스트레스 줄여줄 1인 가구 필수템, 식재료 소분과 냉동 보관 완벽 가이드",5,2026-08-01-food-auto-976f1b; 2026-08-03-food-auto-b8f8a0; 2026-08-06-food-auto-3a64d3; 2026-08-08-food-auto-89ea49; 2026-08-06-food-auto-b02493,주제 적합도(matchScore 52.5점 환산)·들어오는 링크·본문 충실도 기준 최상위
landlord-issues,집주인 문제,2026-08-06-housing-auto-778093,https://honsamnote.co.kr/blog/2026-08-06-housing-auto-778093/,"혼자 사는 직장인, 우리 집 안전 지킴이! 디지털 도어락 vs 보조키, 내게 맞는 현명한 선택은?",5,2026-08-06-housing-auto-5c27e6; 2026-07-30-housing-47; 2026-07-31-housing-71; 2026-08-04-housing-auto-e8de0c; 2026-08-10-housing-auto-4bca9b,주제 적합도(matchScore 37.0점 환산)·들어오는 링크·본문 충실도 기준 최상위
kitchen-storage,주방 수납,2026-07-30-storage-20,https://honsamnote.co.kr/blog/2026-07-30-storage-20/,"바쁜 1인 가구 직장인, 퇴근 후에도 어지러운 주방? 딱 3단계로 끝내는 현실적인 정리법",5,2026-08-06-storage-auto-ae69e9; 2026-08-08-storage-auto-55b81f; 2026-08-09-storage-auto-b05c4f; 2026-08-14-storage-auto-fcf546; 2026-08-03-storage-auto-747118,주제 적합도(matchScore 74.0점 환산)·들어오는 링크·본문 충실도 기준 최상위
cleaning-appliances,청소가전,2026-08-05-products-auto-7a3772,https://honsamnote.co.kr/blog/2026-08-05-products-auto-7a3772/,"혼자 사는 직장인, 로봇청소기로 놓친 먼지까지 깔끔하게! 1인 가구 무선 스틱 청소기, 후회 없이 고르는 3가지 기준",4,2026-08-08-products-auto-57c503; 2026-07-30-products-52; 2026-07-31-products-77; 2026-07-30-products-58,주제 적합도(matchScore 42.5점 환산)·들어오는 링크·본문 충실도 기준 최상위
air-environment,공기청정기·환경가전,2026-08-07-products-auto-4602dc,https://honsamnote.co.kr/blog/2026-08-07-products-auto-4602dc/,"혼자 사는 직장인, 좁은 집 빨래 건조가 매번 스트레스라면? 의류건조기 vs. 제습기+건조대, 내게 딱 맞는 선택은?",3,2026-08-01-products-auto-153ac4; 2026-08-01-products-auto-fee2c4; 2026-08-08-products-auto-3477b8,주제 적합도(matchScore 33.0점 환산)·들어오는 링크·본문 충실도 기준 최상위
pest-control,해충 퇴치,2026-08-03-safety-auto-273fdf,https://honsamnote.co.kr/blog/2026-08-03-safety-auto-273fdf/,"혼자 사는 당신, 한밤중 갑자기 대형 바퀴벌레나 쥐를 발견했을 때: 패닉 없이 안전하게 퇴치하고 예방하는 법",3,2026-08-10-safety-auto-1af8f5; 2026-08-10-safety-auto-46a836; 2026-08-10-safety-auto-e68c91,주제 적합도(matchScore 56.2점 환산)·들어오는 링크·본문 충실도 기준 최상위
closet-clothing,옷장·옷정리,2026-08-07-storage-auto-613d62,https://honsamnote.co.kr/blog/2026-08-07-storage-auto-613d62/,"1인 가구 직장인, 계절 바뀌는 좁은 옷장 '철 지난 옷' 때문에 스트레스라면? 손상 없이 깔끔하게 보관하는 현실 수납법",3,2026-08-06-storage-auto-4e768a; 2026-08-05-storage-auto-1764b0; 2026-08-12-storage-auto-1aceff,주제 적합도(matchScore 56.9점 환산)·들어오는 링크·본문 충실도 기준 최상위
telecom-bill,통신비,2026-07-30-cost-3,https://honsamnote.co.kr/blog/2026-07-30-cost-3/,"혼자 사는 직장인, 통신비 월 2만원 아끼는 알뜰폰+인터넷 vs 3사 결합, 현명한 선택 가이드",2,2026-07-30-cost-80; 2026-08-08-cost-auto-123a00,주제 적합도(matchScore 39.0점 환산)·들어오는 링크·본문 충실도 기준 최상위
management-fee,관리비,2026-07-30-housing-43,https://honsamnote.co.kr/blog/2026-07-30-housing-43/,"첫 관리비 고지서, 뭉뚱그려진 금액에 헷갈리는 1인 가구? 내 돈 지키는 항목별 확인법",2,2026-08-06-housing-auto-baef02; 2026-08-08-housing-auto-82f28f,주제 적합도(matchScore 36.3점 환산)·들어오는 링크·본문 충실도 기준 최상위
safety-products,생활안전용품,2026-08-08-products-auto-613b49,https://honsamnote.co.kr/blog/2026-08-08-products-auto-613b49/,1인 가구 해충 비교｜벌레 퇴치법,2,2026-08-01-products-auto-d180b4; 2026-08-08-products-auto-b03456,주제 적합도(matchScore 37.0점 환산)·들어오는 링크·본문 충실도 기준 최상위
leak-accident,누수·생활사고,2026-08-01-safety-auto-b177af,https://honsamnote.co.kr/blog/2026-08-01-safety-auto-b177af/,"혼자 사는 당신, 갑자기 천장에서 물이 새거나 벽이 젖을 때 당황하지 않고 대처하는 방법",2,2026-08-06-safety-auto-a5c266; 2026-08-08-safety-auto-ee80c6,주제 적합도(matchScore 31.0점 환산)·들어오는 링크·본문 충실도 기준 최상위
entryway-storage,현관 수납,2026-08-01-storage-auto-c94563,https://honsamnote.co.kr/blog/2026-08-01-storage-auto-c94563/,"퇴근 후 1인 가구, 현관문 열자마자 어지럽다면? 1평 현관, '비우는 공간'으로 만드는 현실 수납법",2,2026-08-08-storage-auto-37bfb5; 2026-08-07-storage-auto-2cdaeb,주제 적합도(matchScore 34.1점 환산)·들어오는 링크·본문 충실도 기준 최상위
neighbor-noise,이웃·층간소음,2026-08-07-lifestyle-auto-6e452d,https://honsamnote.co.kr/blog/2026-08-07-lifestyle-auto-6e452d/,"혼자 사는 직장인, 낯선 이웃이 자꾸 말 걸고 다가올 때? 적정 거리 지키며 관계 최적화하는 실전 가이드",1,2026-07-30-lifestyle-66,주제 적합도(matchScore 32.5점 환산)·들어오는 링크·본문 충실도 기준 최상위
appliance-layout,가전 배치·공간활용,2026-07-30-storage-17,https://honsamnote.co.kr/blog/2026-07-30-storage-17/,"직장인 원룸러, 좁은 집도 넓게 쓰는 '침실-거실' 공간분리 현실 가이드",1,2026-08-09-storage-auto-897697,주제 적합도(matchScore 86.6점 환산)·들어오는 링크·본문 충실도 기준 최상위
trash-disposal,쓰레기·폐기,2026-08-01-cleaning-auto-84665e,https://honsamnote.co.kr/blog/2026-08-01-cleaning-auto-84665e/,"혼자 사는 직장인, 좁은 원룸 쓰레기 산? 악취 없이 깔끔하게 버리는 스마트 분리배출 루틴",1,2026-08-13-cleaning-auto-545cef,주제 적합도(matchScore 23.0점 환산)·들어오는 링크·본문 충실도 기준 최상위
solo-cooking-tips,자취요리 팁,2026-08-06-food-auto-06029f,https://honsamnote.co.kr/blog/2026-08-06-food-auto-06029f/,"혼자 사는 직장인, 첫 요리에 어떤 양념 살지 막막할 때? 낭비 없이 우리 집 만능 양념통 만드는 현실적인 기준",1,2026-08-01-food-auto-7bc9dc,주제 적합도(matchScore 20.2점 환산)·들어오는 링크·본문 충실도 기준 최상위
electricity-bill,전기요금,2026-08-07-cost-auto-431981,https://honsamnote.co.kr/blog/2026-08-07-cost-auto-431981/,"혼자 사는 직장인, 덥고 추울 때마다 전기요금 폭탄 걱정된다면? 숨은 전력 도둑 잡고 요금 확 줄이는 3단계 전략",1,2026-08-04-cost-auto-7e7d88,주제 적합도(matchScore 34.9점 환산)·들어오는 링크·본문 충실도 기준 최상위
electrical-safety,전기 안전,2026-08-05-safety-auto-d98bca,https://honsamnote.co.kr/blog/2026-08-05-safety-auto-d98bca/,"혼자 사는 당신, 늦은 밤 갑자기 두꺼비집이 내려가거나 콘센트에서 스파크가 튈 때: 당황하지 않고 안전하게 확인하고 대처하는 법",1,2026-08-11-safety-auto-d99e57,주제 적합도(matchScore 16.6점 환산)·들어오는 링크·본문 충실도 기준 최상위
appliance-cleaning,가전제품 청소,2026-08-06-cleaning-auto-ab8bbf,https://honsamnote.co.kr/blog/2026-08-06-cleaning-auto-ab8bbf/,에어컨 필터 청소 비교｜에어컨 관리,1,2026-08-14-cleaning-auto-0fc7dd,주제 적합도(matchScore 20.7점 환산)·들어오는 링크·본문 충실도 기준 최상위
gas-bill,가스요금,2026-07-30-cost-2,https://honsamnote.co.kr/blog/2026-07-30-cost-2/,"혼자 사는 직장인, 예상치 못한 공과금 폭탄 피하는 전기·가스·수도 요금 절약 실전 가이드",0,,클러스터에 글이 1개뿐 — 그 글이 곧 대표 콘텐츠
subscription-cost,구독·정기결제,2026-07-30-cost-5,https://honsamnote.co.kr/blog/2026-07-30-cost-5/,"바쁜 1인 가구 직장인, 매달 새는 돈 막으려면? 잠든 구독 서비스 깨끗하게 정리하는 3단계",0,,클러스터에 글이 1개뿐 — 그 글이 곧 대표 콘텐츠
move-out-registration,전입신고·퇴실,2026-07-30-housing-49,https://honsamnote.co.kr/blog/2026-07-30-housing-49/,퇴실청소 분쟁 체크리스트｜원상복구 의무,0,,클러스터에 글이 1개뿐 — 그 글이 곧 대표 콘텐츠
living-services,생활서비스,2026-08-06-products-auto-6e0ac5,https://honsamnote.co.kr/blog/2026-08-06-products-auto-6e0ac5/,1인 가구 이사 비용 정리｜이사 서비스,0,,클러스터에 글이 1개뿐 — 그 글이 곧 대표 콘텐츠
gas-safety,가스 안전,2026-08-08-safety-auto-84a0bd,https://honsamnote.co.kr/blog/2026-08-08-safety-auto-84a0bd/,"혼자 사는 당신, 주방이나 보일러실에서 가스 냄새가 희미하게 날 때: 당황하지 않고 안전하게 확인하고 대처하는 현실적인 방법",0,,클러스터에 글이 1개뿐 — 그 글이 곧 대표 콘텐츠
bathroom-storage,욕실 수납,2026-08-08-storage-auto-9dbb87,https://honsamnote.co.kr/blog/2026-08-08-storage-auto-9dbb87/,"1인 가구 직장인, 좁은 욕실 세면대·선반 위 '화장품·세면도구' 넘쳐난다면? 깔끔하게 숨기고 효율적으로 쓰는 현실 수납법",0,,클러스터에 글이 1개뿐 — 그 글이 곧 대표 콘텐츠
storage-products,수납용품,2026-08-09-products-auto-b63f8d,https://honsamnote.co.kr/blog/2026-08-09-products-auto-b63f8d/,"혼자 사는 직장인, 좁은 집 꽉 찬 옷장, 계절 옷 수납 때문에 골치 아프다면? 1인 가구 맞춤 계절 옷 보관, 이 3가지 방법으로 공간을 되찾으세요!",0,,클러스터에 글이 1개뿐 — 그 글이 곧 대표 콘텐츠
solo-travel-hobby,혼자여행·취미,2026-08-10-lifestyle-auto-3e13f1,https://honsamnote.co.kr/blog/2026-08-10-lifestyle-auto-3e13f1/,"혼자 사는 직장인, 휴가 계획할 때 친구들과 갈까 혼자 갈까 고민된다면? 나에게 맞는 여행 스타일 선택 가이드",0,,클러스터에 글이 1개뿐 — 그 글이 곧 대표 콘텐츠
cable-small-items,케이블·소형물품 정리,2026-08-10-storage-auto-0a8470,https://honsamnote.co.kr/blog/2026-08-10-storage-auto-0a8470/,"1인 가구 직장인, 좁은 집에 엉킨 충전 케이블·이어폰 때문에 스트레스라면? 깔끔하게 정리하고 바로 찾아 쓰는 현실 수납법",0,,클러스터에 글이 1개뿐 — 그 글이 곧 대표 콘텐츠
