post_id,url,title,total_phrase_count,top_phrase,top_phrase_count,all_phrases,priority,note
2026-07-30-lifestyle-64,https://honsamnote.co.kr/blog/2026-07-30-lifestyle-64/,퇴근 후 시간 낭비 해결 방법｜무기력 극복,15,퇴근 후,12,퇴근 후(12); 혼자 사는 직장인(1); 1인 가구 직장인(2),HIGH,반복 표현 과다 — 다양한 표현으로 분산 검토
2026-08-09-lifestyle-auto-12d150,https://honsamnote.co.kr/blog/2026-08-09-lifestyle-auto-12d150/,1인 가구 생활 리듬 방법｜코어 루틴 만들기,14,퇴근 후,11,퇴근 후(11); 혼자 사는 직장인(3),HIGH,반복 표현 과다 — 다양한 표현으로 분산 검토
2026-08-06-lifestyle-auto-7d8463,https://honsamnote.co.kr/blog/2026-08-06-lifestyle-auto-7d8463/,퇴근 후 활동 비교｜소규모 취미,12,퇴근 후,10,퇴근 후(10); 혼자 사는 직장인(2),HIGH,반복 표현 과다 — 다양한 표현으로 분산 검토
2026-08-05-housing-auto-f0090f,https://honsamnote.co.kr/blog/2026-08-05-housing-auto-f0090f/,"혼자 사는 직장인, 다음 집 어디로 갈까? 퇴근 후 짬 내서 내게 맞는 전월세집 똑똑하게 찾는 순서",11,퇴근 후,6,퇴근 후(6); 혼자 사는 직장인(4); 스마트하게(1),HIGH,반복 표현 과다 — 다양한 표현으로 분산 검토
2026-08-11-food-auto-452e94,https://honsamnote.co.kr/blog/2026-08-11-food-auto-452e94/,1인 가구 채소 비교｜샐러드 정기배송,11,퇴근 후,4,현실적인 방법(1); 현명한 선택(2); 퇴근 후(4); 혼자 사는 직장인(4),HIGH,반복 표현 과다 — 다양한 표현으로 분산 검토
2026-08-05-lifestyle-auto-420299,https://honsamnote.co.kr/blog/2026-08-05-lifestyle-auto-420299/,재택근무 루틴 알아보기｜재택근무 생활 리듬,10,퇴근 후,8,퇴근 후(8); 혼자 사는 직장인(2),HIGH,반복 표현 과다 — 다양한 표현으로 분산 검토
2026-08-07-products-auto-4602dc,https://honsamnote.co.kr/blog/2026-08-07-products-auto-4602dc/,"혼자 사는 직장인, 좁은 집 빨래 건조가 매번 스트레스라면? 의류건조기 vs. 제습기+건조대, 내게 딱 맞는 선택은?",10,퇴근 후,4,현명한 선택(2); 퇴근 후(4); 혼자 사는 직장인(4),HIGH,반복 표현 과다 — 다양한 표현으로 분산 검토
2026-08-01-food-auto-0f5d02,https://honsamnote.co.kr/blog/2026-08-01-food-auto-0f5d02/,1인 가구 장보기 비교｜온라인 장보기,9,퇴근 후,5,현명한 선택(1); 퇴근 후(5); 혼자 사는 직장인(2); 1인 가구 직장인(1),HIGH,반복 표현 과다 — 다양한 표현으로 분산 검토
2026-08-05-products-auto-8d663c,https://honsamnote.co.kr/blog/2026-08-05-products-auto-8d663c/,"혼자 사는 직장인, 퇴근 후 드라이클리닝 번거롭다면? 동네 세탁소 vs 세탁 앱 vs 홈케어, 내게 맞는 선택은?",9,퇴근 후,5,퇴근 후(5); 혼자 사는 직장인(1); 1인 가구 직장인(3),HIGH,반복 표현 과다 — 다양한 표현으로 분산 검토
2026-08-07-food-auto-e08b8c,https://honsamnote.co.kr/blog/2026-08-07-food-auto-e08b8c/,1인 가구 식사 해결 방법｜냉동 간편식,9,퇴근 후,4,현실적인 방법(1); 현명한 선택(2); 퇴근 후(4); 혼자 사는 직장인(2),HIGH,반복 표현 과다 — 다양한 표현으로 분산 검토
2026-08-08-products-auto-57c503,https://honsamnote.co.kr/blog/2026-08-08-products-auto-57c503/,"혼자 사는 직장인, 퇴근 후 끈적한 바닥에 지쳤다면? 1인 가구 로봇 물걸레 청소기 vs 무선 전동 물걸레 청소기, 나에게 맞는 현명한 선택은?",9,퇴근 후,4,현명한 선택(1); 퇴근 후(4); 혼자 사는 직장인(2); 1인 가구 직장인(2),HIGH,반복 표현 과다 — 다양한 표현으로 분산 검토
2026-08-01-lifestyle-auto-ab470f,https://honsamnote.co.kr/blog/2026-08-01-lifestyle-auto-ab470f/,1인 가구 연애 비교｜데이팅 앱,8,퇴근 후,3,현실적인 방법(1); 퇴근 후(3); 혼자 사는 직장인(2); 1인 가구 직장인(1); 스마트하게(1),HIGH,반복 표현 과다 — 다양한 표현으로 분산 검토
2026-08-04-cost-auto-dac7b3,https://honsamnote.co.kr/blog/2026-08-04-cost-auto-dac7b3/,"혼자 사는 직장인, 건강 관리 돈 아끼려면? 헬스장 vs 홈트 vs 야외 운동, 내게 맞는 선택 기준 3가지",8,퇴근 후,4,현명한 선택(1); 퇴근 후(4); 혼자 사는 직장인(3),HIGH,반복 표현 과다 — 다양한 표현으로 분산 검토
2026-08-04-housing-auto-24e082,https://honsamnote.co.kr/blog/2026-08-04-housing-auto-24e082/,1인 가구 보안 비교｜스마트 홈CCTV,8,혼자 사는 직장인,3,혼자 사는 당신(2); 현명한 선택(1); 퇴근 후(2); 혼자 사는 직장인(3),HIGH,반복 표현 과다 — 다양한 표현으로 분산 검토
2026-08-06-food-auto-ef165d,https://honsamnote.co.kr/blog/2026-08-06-food-auto-ef165d/,1인 가구 장보기 비교｜신선 채소 구매,8,퇴근 후,3,현명한 선택(2); 퇴근 후(3); 혼자 사는 직장인(3),HIGH,반복 표현 과다 — 다양한 표현으로 분산 검토
2026-08-08-lifestyle-auto-83e6d5,https://honsamnote.co.kr/blog/2026-08-08-lifestyle-auto-83e6d5/,혼자 사는 불편함 알아보기｜퇴근 후 적막,8,퇴근 후,5,퇴근 후(5); 혼자 사는 직장인(2); 현실 가이드(1),HIGH,반복 표현 과다 — 다양한 표현으로 분산 검토
2026-08-08-products-auto-c4d689,https://honsamnote.co.kr/blog/2026-08-08-products-auto-c4d689/,"혼자 사는 직장인, 퇴근 후 빠르고 근사한 한 끼 식사, 매번 고민된다면? 밀키트 vs. 가정간편식(HMR), 나에게 딱 맞는 선택은?",8,퇴근 후,3,현명한 선택(1); 퇴근 후(3); 혼자 사는 직장인(2); 1인 가구 직장인(2),HIGH,반복 표현 과다 — 다양한 표현으로 분산 검토
2026-08-10-food-auto-0b9c15,https://honsamnote.co.kr/blog/2026-08-10-food-auto-0b9c15/,혼자 사는 직장인 식사 비교｜저녁 메뉴 고민,8,퇴근 후,6,퇴근 후(6); 혼자 사는 직장인(1); 1인 가구 직장인(1),HIGH,반복 표현 과다 — 다양한 표현으로 분산 검토
2026-07-30-housing-42,https://honsamnote.co.kr/blog/2026-07-30-housing-42/,"내 첫 원룸 계약, 퇴근 후 15분으로 손해 없이 똑똑하게 확인하는 법",7,퇴근 후,5,혼자 사는 당신(1); 퇴근 후(5); 혼자 사는 직장인(1),HIGH,반복 표현 과다 — 다양한 표현으로 분산 검토
2026-08-01-cleaning-auto-84665e,https://honsamnote.co.kr/blog/2026-08-01-cleaning-auto-84665e/,1인 가구 쓰레기 알아보기｜원룸 분리수거,7,퇴근 후,3,혼자 사는 당신(1); 퇴근 후(3); 혼자 사는 직장인(3),HIGH,반복 표현 과다 — 다양한 표현으로 분산 검토
2026-08-01-food-auto-7f290f,https://honsamnote.co.kr/blog/2026-08-01-food-auto-7f290f/,1인 가구 요리 비교｜미니 다지기 추천,7,퇴근 후,3,혼자 사는 당신(1); 현명한 선택(1); 퇴근 후(3); 혼자 사는 직장인(2),HIGH,반복 표현 과다 — 다양한 표현으로 분산 검토
2026-08-01-housing-auto-18e480,https://honsamnote.co.kr/blog/2026-08-01-housing-auto-18e480/,"혼자 사는 직장인, 우리 집 화재·누수 걱정 끝! 내 보증금·물건 지키는 전월세 보험 똑똑하게 가입하기",7,혼자 사는 당신,4,혼자 사는 당신(4); 퇴근 후(1); 혼자 사는 직장인(2),HIGH,반복 표현 과다 — 다양한 표현으로 분산 검토
2026-08-01-products-auto-4d32dc,https://honsamnote.co.kr/blog/2026-08-01-products-auto-4d32dc/,1인 가구 식기세척기 방법｜미니 식기세척기,7,퇴근 후,4,혼자 사는 당신(1); 현명한 선택(1); 퇴근 후(4); 혼자 사는 직장인(1),HIGH,반복 표현 과다 — 다양한 표현으로 분산 검토
2026-08-01-products-auto-9e3228,https://honsamnote.co.kr/blog/2026-08-01-products-auto-9e3228/,1인 가구 밀키트 방법｜식비 절약 노하우,7,퇴근 후,4,혼자 사는 당신(1); 현명한 선택(1); 퇴근 후(4); 혼자 사는 직장인(1),HIGH,반복 표현 과다 — 다양한 표현으로 분산 검토
2026-08-03-products-auto-55fd7c,https://honsamnote.co.kr/blog/2026-08-03-products-auto-55fd7c/,1인 가구 스마트 조명 알아보기｜스마트홈 입문,7,퇴근 후,3,퇴근 후(3); 혼자 사는 직장인(2); 스마트하게(2),HIGH,반복 표현 과다 — 다양한 표현으로 분산 검토
2026-08-04-cost-auto-959521,https://honsamnote.co.kr/blog/2026-08-04-cost-auto-959521/,"혼자 사는 직장인, 집밥 먹고 싶은데 매번 고민된다면? 밀키트 vs 직접 요리 vs 간편식, 내게 맞는 최적의 선택은?",7,퇴근 후,4,퇴근 후(4); 혼자 사는 직장인(3),HIGH,반복 표현 과다 — 다양한 표현으로 분산 검토
2026-08-05-housing-auto-7ef549,https://honsamnote.co.kr/blog/2026-08-05-housing-auto-7ef549/,1인가구인터넷 비교｜통신3사,7,현명한 선택,3,혼자 사는 당신(1); 현명한 선택(3); 퇴근 후(1); 혼자 사는 직장인(2),HIGH,반복 표현 과다 — 다양한 표현으로 분산 검토
2026-08-06-cleaning-auto-858326,https://honsamnote.co.kr/blog/2026-08-06-cleaning-auto-858326/,청소포 비교｜극세사 걸레,7,퇴근 후,4,현명한 선택(1); 퇴근 후(4); 1인 가구 직장인(2),HIGH,반복 표현 과다 — 다양한 표현으로 분산 검토
2026-08-07-cleaning-auto-40f096,https://honsamnote.co.kr/blog/2026-08-07-cleaning-auto-40f096/,1인 가구 청소 비교｜가사 서비스,7,퇴근 후,5,현명한 선택(1); 퇴근 후(5); 혼자 사는 직장인(1),HIGH,반복 표현 과다 — 다양한 표현으로 분산 검토
2026-08-07-lifestyle-auto-6d2617,https://honsamnote.co.kr/blog/2026-08-07-lifestyle-auto-6d2617/,1인가구 반려동물 알아보기｜반려동물 입양,7,퇴근 후,6,퇴근 후(6); 혼자 사는 직장인(1),HIGH,반복 표현 과다 — 다양한 표현으로 분산 검토
2026-08-08-food-auto-476c5f,https://honsamnote.co.kr/blog/2026-08-08-food-auto-476c5f/,1인 가구 밥 비교｜냉동밥 만드는 법,7,혼자 사는 직장인,3,현실적인 방법(1); 현명한 선택(1); 퇴근 후(2); 혼자 사는 직장인(3),HIGH,반복 표현 과다 — 다양한 표현으로 분산 검토
2026-08-09-food-auto-bd7a7d,https://honsamnote.co.kr/blog/2026-08-09-food-auto-bd7a7d/,1인 가구 채소 비교｜손질 채소 구매,7,퇴근 후,5,혼자 사는 당신(1); 현명한 선택(1); 퇴근 후(5),HIGH,반복 표현 과다 — 다양한 표현으로 분산 검토
2026-08-11-lifestyle-auto-90d3e2,https://honsamnote.co.kr/blog/2026-08-11-lifestyle-auto-90d3e2/,생활 리듬 회복 해결 방법｜밤샘 야근 후,7,퇴근 후,6,퇴근 후(6); 혼자 사는 직장인(1),HIGH,반복 표현 과다 — 다양한 표현으로 분산 검토
2026-07-30-lifestyle-59,https://honsamnote.co.kr/blog/2026-07-30-lifestyle-59/,"1인 가구 직장인, 퇴근 후나 주말에 혼자 있을 때 자꾸 무기력해진다면? 당신의 생활 리듬을 되찾는 현실적인 방법",6,퇴근 후,5,퇴근 후(5); 1인 가구 직장인(1),HIGH,반복 표현 과다 — 다양한 표현으로 분산 검토
2026-07-30-lifestyle-63,https://honsamnote.co.kr/blog/2026-07-30-lifestyle-63/,안부 연락 해결 방법｜부모님 안부,6,퇴근 후,4,혼자 사는 당신(1); 퇴근 후(4); 1인 가구 직장인(1),HIGH,반복 표현 과다 — 다양한 표현으로 분산 검토
2026-07-30-safety-35,https://honsamnote.co.kr/blog/2026-07-30-safety-35/,1인 가구 현관 보안 해결 방법｜현관문 잠금,6,혼자 사는 당신,4,혼자 사는 당신(4); 퇴근 후(2),HIGH,반복 표현 과다 — 다양한 표현으로 분산 검토
2026-08-01-food-auto-6b8a79,https://honsamnote.co.kr/blog/2026-08-01-food-auto-6b8a79/,1인 가구 식재료 기준｜혼자 살 때 마트,6,퇴근 후,3,혼자 사는 당신(1); 퇴근 후(3); 혼자 사는 직장인(2),HIGH,반복 표현 과다 — 다양한 표현으로 분산 검토
2026-08-01-housing-auto-abec0f,https://honsamnote.co.kr/blog/2026-08-01-housing-auto-abec0f/,"내 첫 전월세 계약 만료, 집주인 무리한 요구에 당황? 계약갱신청구권으로 당당하게 대처하는 법",6,혼자 사는 당신,4,혼자 사는 당신(4); 퇴근 후(1); 혼자 사는 직장인(1),HIGH,반복 표현 과다 — 다양한 표현으로 분산 검토
2026-08-01-safety-auto-835af8,https://honsamnote.co.kr/blog/2026-08-01-safety-auto-835af8/,"혼자 사는 당신, 보일러나 난방기 사용 중 갑자기 어지럽고 메스꺼울 때? 침묵의 살인자 일산화탄소 대처법",6,혼자 사는 당신,5,혼자 사는 당신(5); 퇴근 후(1),HIGH,반복 표현 과다 — 다양한 표현으로 분산 검토
2026-08-04-food-auto-c6481a,https://honsamnote.co.kr/blog/2026-08-04-food-auto-c6481a/,1인 가구 식재료 비교｜식재료 구독 서비스,6,퇴근 후,6,퇴근 후(6),HIGH,반복 표현 과다 — 다양한 표현으로 분산 검토
2026-08-04-products-auto-db26cb,https://honsamnote.co.kr/blog/2026-08-04-products-auto-db26cb/,1인 가구 에어프라이어 비교｜간편 요리,6,퇴근 후,4,퇴근 후(4); 혼자 사는 직장인(1); 1인 가구 직장인(1),HIGH,반복 표현 과다 — 다양한 표현으로 분산 검토
2026-08-05-products-auto-7a3772,https://honsamnote.co.kr/blog/2026-08-05-products-auto-7a3772/,1인 가구 청소기 기준｜무선 청소기 추천,6,혼자 사는 당신,2,혼자 사는 당신(2); 후회 없는(1); 퇴근 후(2); 혼자 사는 직장인(1),HIGH,반복 표현 과다 — 다양한 표현으로 분산 검토
2026-08-06-cost-auto-3826dd,https://honsamnote.co.kr/blog/2026-08-06-cost-auto-3826dd/,1인 가구 보안 비교｜스마트 도어락,6,혼자 사는 직장인,4,혼자 사는 당신(1); 퇴근 후(1); 혼자 사는 직장인(4),HIGH,반복 표현 과다 — 다양한 표현으로 분산 검토
2026-08-06-cost-auto-f652a0,https://honsamnote.co.kr/blog/2026-08-06-cost-auto-f652a0/,"혼자 사는 직장인, 안 쓰는 물건 쌓여만 간다면? 중고거래 vs 나눔, 후회 없이 처분하고 용돈 버는 법",6,혼자 사는 직장인,3,현실적인 방법(1); 퇴근 후(2); 혼자 사는 직장인(3),HIGH,반복 표현 과다 — 다양한 표현으로 분산 검토
2026-08-06-food-auto-06029f,https://honsamnote.co.kr/blog/2026-08-06-food-auto-06029f/,1인 가구 양념 기준｜필수 양념,6,혼자 사는 당신,2,혼자 사는 당신(2); 현실적인 방법(1); 퇴근 후(1); 혼자 사는 직장인(2),HIGH,반복 표현 과다 — 다양한 표현으로 분산 검토
2026-08-06-food-auto-b02493,https://honsamnote.co.kr/blog/2026-08-06-food-auto-b02493/,1인 가구 식재료 비교｜소량 팩,6,현명한 선택,3,혼자 사는 당신(2); 현명한 선택(3); 퇴근 후(1),HIGH,반복 표현 과다 — 다양한 표현으로 분산 검토
2026-08-06-housing-auto-1a9827,https://honsamnote.co.kr/blog/2026-08-06-housing-auto-1a9827/,"혼자 사는 직장인, 급하게 작은 짐 옮길 때? 카셰어링 탑차 vs 용달 서비스, 내 돈 아끼는 현명한 선택은?",6,혼자 사는 직장인,4,현명한 선택(1); 퇴근 후(1); 혼자 사는 직장인(4),HIGH,반복 표현 과다 — 다양한 표현으로 분산 검토
2026-08-06-products-auto-44e274,https://honsamnote.co.kr/blog/2026-08-06-products-auto-44e274/,1인 가구 인터넷 비교｜인터넷 요금제 비교,6,혼자 사는 직장인,5,퇴근 후(1); 혼자 사는 직장인(5),HIGH,반복 표현 과다 — 다양한 표현으로 분산 검토
2026-08-06-products-auto-aad52f,https://honsamnote.co.kr/blog/2026-08-06-products-auto-aad52f/,"혼자 사는 직장인, 매일 입는 옷 관리 막막하다면? 의류관리기 vs. 핸디 스팀다리미, 내게 딱 맞는 선택은?",6,혼자 사는 직장인,3,현명한 선택(1); 퇴근 후(2); 혼자 사는 직장인(3),HIGH,반복 표현 과다 — 다양한 표현으로 분산 검토
2026-08-06-products-auto-b3c106,https://honsamnote.co.kr/blog/2026-08-06-products-auto-b3c106/,1인 가구 도어록 방법｜스마트 도어록 설치,6,혼자 사는 직장인,3,혼자 사는 당신(1); 퇴근 후(1); 혼자 사는 직장인(3); 스마트하게(1),HIGH,반복 표현 과다 — 다양한 표현으로 분산 검토
2026-08-07-cost-auto-24b43b,https://honsamnote.co.kr/blog/2026-08-07-cost-auto-24b43b/,"혼자 사는 직장인, 쌓여가는 먼지에 한숨만 나온다면? 로봇청소기 vs 일반 청소기, 내게 맞는 효율적인 청소법은?",6,퇴근 후,4,퇴근 후(4); 혼자 사는 직장인(2),HIGH,반복 표현 과다 — 다양한 표현으로 분산 검토
2026-08-07-food-auto-18079e,https://honsamnote.co.kr/blog/2026-08-07-food-auto-18079e/,1인 가구 저녁 비교｜혼밥 메뉴 고민,6,퇴근 후,4,퇴근 후(4); 혼자 사는 직장인(2),HIGH,반복 표현 과다 — 다양한 표현으로 분산 검토
2026-08-07-food-auto-55d572,https://honsamnote.co.kr/blog/2026-08-07-food-auto-55d572/,"혼자 사는 직장인, 퇴근 후 저녁 요리 망설일 때: 주말 2시간으로 평일 요리 시간 10분 만드는 스마트 식재료 준비 루틴",6,퇴근 후,4,현실적인 방법(1); 퇴근 후(4); 혼자 사는 직장인(1),HIGH,반복 표현 과다 — 다양한 표현으로 분산 검토
2026-08-07-products-auto-462713,https://honsamnote.co.kr/blog/2026-08-07-products-auto-462713/,1인 가구 식재료 알아보기｜냉장고 정리법,6,혼자 사는 당신,4,혼자 사는 당신(4); 퇴근 후(2),HIGH,반복 표현 과다 — 다양한 표현으로 분산 검토
2026-08-07-safety-auto-6b24c5,https://honsamnote.co.kr/blog/2026-08-07-safety-auto-6b24c5/,"혼자 사는 당신, 새 집 이사 직후 '이것' 안 하면 위험! 도어락 비밀번호와 열쇠 관리 안전 가이드",6,혼자 사는 당신,6,혼자 사는 당신(6),HIGH,반복 표현 과다 — 다양한 표현으로 분산 검토
2026-08-08-food-auto-0ac2e1,https://honsamnote.co.kr/blog/2026-08-08-food-auto-0ac2e1/,1인 가구 밥 해결 방법｜밥 보관법,6,혼자 사는 직장인,4,퇴근 후(2); 혼자 사는 직장인(4),HIGH,반복 표현 과다 — 다양한 표현으로 분산 검토
2026-08-08-food-auto-9b0e80,https://honsamnote.co.kr/blog/2026-08-08-food-auto-9b0e80/,1인 가구 허브 비교｜혼밥 향신료,6,혼자 사는 직장인,3,현명한 선택(2); 퇴근 후(1); 혼자 사는 직장인(3),HIGH,반복 표현 과다 — 다양한 표현으로 분산 검토
2026-08-10-cost-auto-88aeb7,https://honsamnote.co.kr/blog/2026-08-10-cost-auto-88aeb7/,1인 가구 주방 비교｜전기레인지 추천,6,혼자 사는 직장인,4,퇴근 후(2); 혼자 사는 직장인(4),HIGH,반복 표현 과다 — 다양한 표현으로 분산 검토
2026-08-11-products-auto-fb26b6,https://honsamnote.co.kr/blog/2026-08-11-products-auto-fb26b6/,"혼자 사는 직장인, 온라인으로 산 조립 가구 앞에서 막막하다면? 셀프 조립 vs. 전문가 서비스, 내게 딱 맞는 선택은?",6,현명한 선택,2,현명한 선택(2); 퇴근 후(2); 혼자 사는 직장인(2),HIGH,반복 표현 과다 — 다양한 표현으로 분산 검토
2026-08-13-food-auto-05f1fc,https://honsamnote.co.kr/blog/2026-08-13-food-auto-05f1fc/,혼밥 채소 해결 방법｜냉동 채소 활용,6,퇴근 후,3,현명한 선택(1); 퇴근 후(3); 혼자 사는 직장인(2),HIGH,반복 표현 과다 — 다양한 표현으로 분산 검토
2026-08-13-housing-auto-5aa38a,https://honsamnote.co.kr/blog/2026-08-13-housing-auto-5aa38a/,혼자 사는 직장인 택배 방법｜택배 분실,6,혼자 사는 직장인,3,혼자 사는 당신(1); 퇴근 후(2); 혼자 사는 직장인(3),HIGH,반복 표현 과다 — 다양한 표현으로 분산 검토
2026-08-13-products-auto-2cf601,https://honsamnote.co.kr/blog/2026-08-13-products-auto-2cf601/,1인 가구 제모 비교｜제모기 추천,6,혼자 사는 직장인,3,현명한 선택(1); 퇴근 후(2); 혼자 사는 직장인(3),HIGH,반복 표현 과다 — 다양한 표현으로 분산 검토
2026-08-14-products-auto-6493cd,https://honsamnote.co.kr/blog/2026-08-14-products-auto-6493cd/,"혼자 사는 직장인, 좁은 집에 쌓여가는 짐 때문에 한숨 쉰다면? 공유 창고 vs 집 안 공간 최적화, 내게 맞는 최적의 선택은?",6,퇴근 후,3,현명한 선택(1); 퇴근 후(3); 혼자 사는 직장인(2),HIGH,반복 표현 과다 — 다양한 표현으로 분산 검토
2026-07-29-food-9,https://honsamnote.co.kr/blog/2026-07-29-food-9/,1인 가구 식단 방법｜일주일 식단 짜기,5,퇴근 후,4,퇴근 후(4); 혼자 사는 직장인(1),MEDIUM,일반 수준
2026-07-30-cleaning-25,https://honsamnote.co.kr/blog/2026-07-30-cleaning-25/,1인 가구 청소 루틴 해결 방법｜퇴근 후 청소,5,퇴근 후,2,퇴근 후(2); 혼자 사는 직장인(2); 1인 가구 직장인(1),MEDIUM,일반 수준
2026-07-30-cost-6,https://honsamnote.co.kr/blog/2026-07-30-cost-6/,1인 가구 보험 체크리스트｜보험료 아끼는 법,5,1인 가구 직장인,2,혼자 사는 당신(1); 시간과 돈을 아껴(1); 퇴근 후(1); 1인 가구 직장인(2),MEDIUM,일반 수준
2026-07-30-lifestyle-61,https://honsamnote.co.kr/blog/2026-07-30-lifestyle-61/,1인 가구 외로움 해결 방법｜퇴근 후 쓸쓸함,5,퇴근 후,2,현명한 선택(1); 퇴근 후(2); 혼자 사는 직장인(2),MEDIUM,일반 수준
2026-07-30-products-50,https://honsamnote.co.kr/blog/2026-07-30-products-50/,1인 가구 세탁기 기준｜원룸 세탁기,5,혼자 사는 당신,1,혼자 사는 당신(1); 현명한 선택(1); 퇴근 후(1); 혼자 사는 직장인(1); 1인 가구 직장인(1),MEDIUM,일반 수준
2026-08-01-cost-auto-f9f9ca,https://honsamnote.co.kr/blog/2026-08-01-cost-auto-f9f9ca/,1인 가구 식비 해결 방법｜식재료 소분,5,퇴근 후,2,퇴근 후(2); 혼자 사는 직장인(1); 스마트하게(2),MEDIUM,일반 수준
2026-08-01-food-auto-2c9171,https://honsamnote.co.kr/blog/2026-08-01-food-auto-2c9171/,1인 가구 장보기 알아보기｜대용량 식재료 활용,5,퇴근 후,2,현명한 선택(1); 퇴근 후(2); 스마트하게(2),MEDIUM,일반 수준
2026-08-01-lifestyle-auto-b13421,https://honsamnote.co.kr/blog/2026-08-01-lifestyle-auto-b13421/,1인 가구 커뮤니티 해결 방법｜외로움 극복,5,퇴근 후,3,퇴근 후(3); 혼자 사는 직장인(2),MEDIUM,일반 수준
2026-08-01-lifestyle-auto-f56796,https://honsamnote.co.kr/blog/2026-08-01-lifestyle-auto-f56796/,혼자 사는 집 비교｜퇴근 후 루틴,5,퇴근 후,3,퇴근 후(3); 혼자 사는 직장인(2),MEDIUM,일반 수준
2026-08-03-cleaning-auto-d96324,https://honsamnote.co.kr/blog/2026-08-03-cleaning-auto-d96324/,1인 가구 청소기 비교｜로봇청소기 추천,5,퇴근 후,2,현명한 선택(1); 퇴근 후(2); 1인 가구 직장인(2),MEDIUM,일반 수준
2026-08-03-cleaning-auto-fd154a,https://honsamnote.co.kr/blog/2026-08-03-cleaning-auto-fd154a/,전자레인지 냄새 제거 알아보기｜전자레인지 찌든 때,5,혼자 사는 당신,3,혼자 사는 당신(3); 퇴근 후(2),MEDIUM,일반 수준
2026-08-03-cost-auto-d01191,https://honsamnote.co.kr/blog/2026-08-03-cost-auto-d01191/,1인 가구 청소 서비스 방법｜생활비 절약,5,퇴근 후,2,현명한 선택(1); 퇴근 후(2); 혼자 사는 직장인(1); 1인 가구 직장인(1),MEDIUM,일반 수준
2026-08-04-cost-auto-7e7d88,https://honsamnote.co.kr/blog/2026-08-04-cost-auto-7e7d88/,"혼자 사는 직장인, 난방비 폭탄 걱정될 때! 우리 집 겨울, 후회 없이 따뜻하고 저렴하게 나는 법",5,퇴근 후,4,퇴근 후(4); 혼자 사는 직장인(1),MEDIUM,일반 수준
2026-08-04-products-auto-e91dfc,https://honsamnote.co.kr/blog/2026-08-04-products-auto-e91dfc/,가구 설치 알아보기｜조립 서비스,5,퇴근 후,2,혼자 사는 당신(1); 현명한 선택(1); 퇴근 후(2); 혼자 사는 직장인(1),MEDIUM,일반 수준
2026-08-05-products-auto-9973a7,https://honsamnote.co.kr/blog/2026-08-05-products-auto-9973a7/,1인 가구 택배 기준｜스마트 택배함,5,혼자 사는 직장인,3,현명한 선택(1); 퇴근 후(1); 혼자 사는 직장인(3),MEDIUM,일반 수준
2026-08-06-cleaning-auto-ec8541,https://honsamnote.co.kr/blog/2026-08-06-cleaning-auto-ec8541/,주방 후드 청소 알아보기｜레인지 후드 청소,5,퇴근 후,4,현실적인 방법(1); 퇴근 후(4),MEDIUM,일반 수준
2026-08-06-cost-auto-515c77,https://honsamnote.co.kr/blog/2026-08-06-cost-auto-515c77/,"혼자 사는 직장인, 매년 이사 갈 때마다 막막하다면? 직접 vs 전문 이사 서비스, 후회 없는 결정 가이드",5,퇴근 후,2,퇴근 후(2); 혼자 사는 직장인(2); 1인 가구 직장인(1),MEDIUM,일반 수준
2026-08-06-cost-auto-9d0ea4,https://honsamnote.co.kr/blog/2026-08-06-cost-auto-9d0ea4/,1인 가구 해충 비교｜해충 박멸 비용,5,혼자 사는 직장인,2,혼자 사는 당신(1); 현명한 선택(1); 퇴근 후(1); 혼자 사는 직장인(2),MEDIUM,일반 수준
2026-08-06-cost-auto-b32a96,https://honsamnote.co.kr/blog/2026-08-06-cost-auto-b32a96/,온라인 쇼핑 배송비 기준｜배송비 아끼는 법,5,퇴근 후,2,퇴근 후(2); 혼자 사는 직장인(2); 1인 가구 직장인(1),MEDIUM,일반 수준
2026-08-06-food-auto-993221,https://honsamnote.co.kr/blog/2026-08-06-food-auto-993221/,1인 가구 육수 비교｜혼자 요리 양념,5,퇴근 후,3,퇴근 후(3); 혼자 사는 직장인(2),MEDIUM,일반 수준
2026-08-06-housing-auto-1870eb,https://honsamnote.co.kr/blog/2026-08-06-housing-auto-1870eb/,"혼자 사는 직장인, 새 집 어디로 갈까? 빌라 vs 오피스텔 vs 아파트, 시간과 돈 아끼는 현명한 선택 가이드",5,혼자 사는 직장인,3,혼자 사는 당신(1); 퇴근 후(1); 혼자 사는 직장인(3),MEDIUM,일반 수준
2026-08-06-products-auto-17f494,https://honsamnote.co.kr/blog/2026-08-06-products-auto-17f494/,"혼자 사는 직장인, 구겨진 옷 때문에 출근길 스트레스받는다면? 1인 가구 스팀다리미 vs 의류관리기, 내게 맞는 최적의 선택은?",5,혼자 사는 직장인,2,현명한 선택(1); 퇴근 후(1); 혼자 사는 직장인(2); 1인 가구 직장인(1),MEDIUM,일반 수준
2026-08-07-cleaning-auto-1c4212,https://honsamnote.co.kr/blog/2026-08-07-cleaning-auto-1c4212/,건조기 비교｜제습기,5,현명한 선택,2,혼자 사는 당신(1); 현명한 선택(2); 퇴근 후(2),MEDIUM,일반 수준
2026-08-07-cost-auto-efcd2f,https://honsamnote.co.kr/blog/2026-08-07-cost-auto-efcd2f/,"혼자 사는 직장인, 사랑하는 반려동물 병원비 폭탄 걱정된다면? 펫보험 vs 예방 관리, 내게 맞는 최적의 선택은?",5,혼자 사는 직장인,2,혼자 사는 당신(1); 현명한 선택(1); 퇴근 후(1); 혼자 사는 직장인(2),MEDIUM,일반 수준
2026-08-07-food-auto-5b5eb1,https://honsamnote.co.kr/blog/2026-08-07-food-auto-5b5eb1/,"혼자 사는 직장인, 마트/반찬가게 '조리된 반찬' 살까 말까 망설일 때: 집밥 만족도 높이는 현명한 선택 가이드",5,퇴근 후,3,퇴근 후(3); 혼자 사는 직장인(1); 1인 가구 직장인(1),MEDIUM,일반 수준
2026-08-07-products-auto-5c0731,https://honsamnote.co.kr/blog/2026-08-07-products-auto-5c0731/,1인 가구 음식물 처리기 기준｜음식물 쓰레기 처리,5,퇴근 후,3,퇴근 후(3); 혼자 사는 직장인(2),MEDIUM,일반 수준
2026-08-08-cleaning-auto-c188df,https://honsamnote.co.kr/blog/2026-08-08-cleaning-auto-c188df/,폐식용유 버리는 법 해결 방법｜음식물 기름 처리,5,혼자 사는 당신,2,혼자 사는 당신(2); 현실적인 방법(2); 퇴근 후(1),MEDIUM,일반 수준
2026-08-08-housing-auto-d2c1ed,https://honsamnote.co.kr/blog/2026-08-08-housing-auto-d2c1ed/,"혼자 사는 직장인, 이사 갈 때 퇴실 청소? 셀프 vs 전문 업체, 보증금 지키는 현명한 선택 가이드",5,혼자 사는 당신,2,혼자 사는 당신(2); 퇴근 후(1); 혼자 사는 직장인(2),MEDIUM,일반 수준
2026-08-08-lifestyle-auto-4e7860,https://honsamnote.co.kr/blog/2026-08-08-lifestyle-auto-4e7860/,혼밥 해결 비교｜밀키트 추천,5,퇴근 후,4,퇴근 후(4); 혼자 사는 직장인(1),MEDIUM,일반 수준
2026-08-08-products-auto-a84bd7,https://honsamnote.co.kr/blog/2026-08-08-products-auto-a84bd7/,혼자 장보기 방법｜온라인 식료품 배달,5,퇴근 후,3,퇴근 후(3); 혼자 사는 직장인(2),MEDIUM,일반 수준
2026-08-08-safety-auto-9834c4,https://honsamnote.co.kr/blog/2026-08-08-safety-auto-9834c4/,1인 가구 식재료 방법｜유통기한,5,혼자 사는 당신,4,혼자 사는 당신(4); 퇴근 후(1),MEDIUM,일반 수준
2026-08-09-cost-auto-80b3c9,https://honsamnote.co.kr/blog/2026-08-09-cost-auto-80b3c9/,"혼자 사는 직장인, 매주 장보기 귀찮고 음식물 쓰레기 걱정된다면? 식료품 정기배송 vs 직접 장보기, 내게 맞는 최적의 선택은?",5,퇴근 후,3,현명한 선택(1); 퇴근 후(3); 혼자 사는 직장인(1),MEDIUM,일반 수준
2026-08-09-housing-auto-da13ec,https://honsamnote.co.kr/blog/2026-08-09-housing-auto-da13ec/,나 홀로 이사 체크리스트｜이사 당일,5,혼자 사는 당신,2,혼자 사는 당신(2); 혼자 사는 직장인(2); 현실 가이드(1),MEDIUM,일반 수준
2026-08-10-cleaning-auto-8285cc,https://honsamnote.co.kr/blog/2026-08-10-cleaning-auto-8285cc/,주방 수납장 청소 알아보기｜혼자 살림,5,퇴근 후,3,혼자 사는 당신(2); 퇴근 후(3),MEDIUM,일반 수준
2026-08-10-food-auto-b034b3,https://honsamnote.co.kr/blog/2026-08-10-food-auto-b034b3/,1인 가구 도시락 해결 방법｜도시락 싸기,5,혼자 사는 직장인,3,퇴근 후(1); 혼자 사는 직장인(3); 1인 가구 직장인(1),MEDIUM,일반 수준
2026-08-11-housing-auto-2bfaff,https://honsamnote.co.kr/blog/2026-08-11-housing-auto-2bfaff/,"혼자 사는 직장인, 조립 가구 앞에서 한숨 쉬지 마세요! 셀프 vs 전문가 조립, 시간과 돈 아끼는 현명한 선택 가이드",5,퇴근 후,3,현명한 선택(1); 퇴근 후(3); 혼자 사는 직장인(1),MEDIUM,일반 수준
2026-08-12-cost-auto-b36efb,https://honsamnote.co.kr/blog/2026-08-12-cost-auto-b36efb/,1인 가구 가구 비교｜중고 가구,5,현명한 선택,2,혼자 사는 당신(1); 현명한 선택(2); 혼자 사는 직장인(2),MEDIUM,일반 수준
2026-08-13-products-auto-ae3976,https://honsamnote.co.kr/blog/2026-08-13-products-auto-ae3976/,1인 가구 소음 알아보기｜층간 소음 해결,5,혼자 사는 직장인,3,퇴근 후(2); 혼자 사는 직장인(3),MEDIUM,일반 수준
2026-07-30-cleaning-30,https://honsamnote.co.kr/blog/2026-07-30-cleaning-30/,원룸먼지 방법｜먼지줄이는방법,4,퇴근 후,2,혼자 사는 당신(1); 현실적인 방법(1); 퇴근 후(2),MEDIUM,일반 수준
2026-07-30-cost-3,https://honsamnote.co.kr/blog/2026-07-30-cost-3/,"혼자 사는 직장인, 통신비 월 2만원 아끼는 알뜰폰+인터넷 vs 3사 결합, 현명한 선택 가이드",4,현명한 선택,2,현명한 선택(2); 퇴근 후(1); 1인 가구 직장인(1),MEDIUM,일반 수준
2026-07-30-food-15,https://honsamnote.co.kr/blog/2026-07-30-food-15/,1인용 밀키트 비교｜밀키트 추천,4,퇴근 후,3,혼자 사는 당신(1); 퇴근 후(3),MEDIUM,일반 수준
2026-07-30-lifestyle-60,https://honsamnote.co.kr/blog/2026-07-30-lifestyle-60/,주말 무기력 해결 방법｜주말 계획,4,혼자 사는 직장인,3,퇴근 후(1); 혼자 사는 직장인(3),MEDIUM,일반 수준
2026-07-30-lifestyle-66,https://honsamnote.co.kr/blog/2026-07-30-lifestyle-66/,"혼자 사는 당신, 옆집 소음에 지쳤다면 이웃과 '선'을 지키는 현실 관계 맺기",4,혼자 사는 당신,2,혼자 사는 당신(2); 퇴근 후(1); 혼자 사는 직장인(1),MEDIUM,일반 수준
2026-07-30-products-51,https://honsamnote.co.kr/blog/2026-07-30-products-51/,1인 가구 미니 건조기 방법｜원룸 건조기 추천,4,현명한 선택,1,현명한 선택(1); 후회 없는(1); 퇴근 후(1); 1인 가구 직장인(1),MEDIUM,일반 수준
2026-07-30-products-55,https://honsamnote.co.kr/blog/2026-07-30-products-55/,1인 가구 냉동고 알아보기｜소형 냉동고 추천,4,현명한 선택,3,현명한 선택(3); 1인 가구 직장인(1),MEDIUM,일반 수준
2026-07-30-products-56,https://honsamnote.co.kr/blog/2026-07-30-products-56/,1인 가구 보안 카메라 해결 방법｜가정용 보안 카메라 추천,4,퇴근 후,2,혼자 사는 당신(1); 현명한 선택(1); 퇴근 후(2),MEDIUM,일반 수준
2026-08-01-cleaning-auto-b67a07,https://honsamnote.co.kr/blog/2026-08-01-cleaning-auto-b67a07/,1인 가구 세탁 비교｜대형 이불 세탁,4,혼자 사는 직장인,2,현명한 선택(1); 퇴근 후(1); 혼자 사는 직장인(2),MEDIUM,일반 수준
2026-08-01-cleaning-auto-edbbf8,https://honsamnote.co.kr/blog/2026-08-01-cleaning-auto-edbbf8/,미니 식기세척기 비교｜식기세척기 추천,4,퇴근 후,4,퇴근 후(4),MEDIUM,일반 수준
2026-08-01-cost-auto-44803f,https://honsamnote.co.kr/blog/2026-08-01-cost-auto-44803f/,"혼자 사는 직장인, 매년 놓치는 연말정산 환급금! 내 돈 최대로 돌려받는 실전 가이드",4,혼자 사는 직장인,4,혼자 사는 직장인(4),MEDIUM,일반 수준
2026-08-01-food-auto-7bc9dc,https://honsamnote.co.kr/blog/2026-08-01-food-auto-7bc9dc/,1인 가구 밥 비교｜미니 밥솥,4,퇴근 후,2,혼자 사는 당신(1); 퇴근 후(2); 1인 가구 직장인(1),MEDIUM,일반 수준
2026-08-01-housing-auto-e6f8ea,https://honsamnote.co.kr/blog/2026-08-01-housing-auto-e6f8ea/,"혼자 사는 직장인, 이사 갈 때 포장·반포장·용달 이사 중 뭘 고를까? 내 상황에 맞는 최적의 선택 가이드",4,퇴근 후,2,퇴근 후(2); 혼자 사는 직장인(2),MEDIUM,일반 수준
2026-08-01-lifestyle-auto-19ac88,https://honsamnote.co.kr/blog/2026-08-01-lifestyle-auto-19ac88/,1인 가구 주말 해결 방법｜생활 리듬 유지,4,혼자 사는 직장인,3,혼자 사는 당신(1); 혼자 사는 직장인(3),MEDIUM,일반 수준
2026-08-01-lifestyle-auto-29922b,https://honsamnote.co.kr/blog/2026-08-01-lifestyle-auto-29922b/,혼자 사는 삶 비교｜하우스메이트 장단점,4,퇴근 후,3,퇴근 후(3); 혼자 사는 직장인(1),MEDIUM,일반 수준
2026-08-01-lifestyle-auto-a6f950,https://honsamnote.co.kr/blog/2026-08-01-lifestyle-auto-a6f950/,1인 가구 경조사 알아보기｜혼자 경조사,4,혼자 사는 당신,1,혼자 사는 당신(1); 혼자 사는 직장인(1); 1인 가구 직장인(1); 스마트하게(1),MEDIUM,일반 수준
2026-08-01-products-auto-29af64,https://honsamnote.co.kr/blog/2026-08-01-products-auto-29af64/,1인 가구 가구 구독 기준｜이사 가구,4,혼자 사는 직장인,3,퇴근 후(1); 혼자 사는 직장인(3),MEDIUM,일반 수준
2026-08-01-products-auto-7e3829,https://honsamnote.co.kr/blog/2026-08-01-products-auto-7e3829/,1인 가구 폐기물 비교｜대형 폐기물 처리,4,혼자 사는 직장인,3,혼자 사는 당신(1); 혼자 사는 직장인(3),MEDIUM,일반 수준
2026-08-01-products-auto-b433a0,https://honsamnote.co.kr/blog/2026-08-01-products-auto-b433a0/,1인 가구 식기세척기 기준｜미니 식기세척기,4,퇴근 후,3,퇴근 후(3); 혼자 사는 직장인(1),MEDIUM,일반 수준
2026-08-01-products-auto-fee2c4,https://honsamnote.co.kr/blog/2026-08-01-products-auto-fee2c4/,1인 가구 공기청정기 기준｜원룸 공기정화,4,퇴근 후,2,퇴근 후(2); 혼자 사는 직장인(2),MEDIUM,일반 수준
2026-08-03-cost-auto-749379,https://honsamnote.co.kr/blog/2026-08-03-cost-auto-749379/,1인 가구 인터넷 비교｜모바일 핫스팟,4,퇴근 후,2,후회 없는(1); 퇴근 후(2); 혼자 사는 직장인(1),MEDIUM,일반 수준
2026-08-03-food-auto-b8f8a0,https://honsamnote.co.kr/blog/2026-08-03-food-auto-b8f8a0/,1인 가구 고기 알아보기｜혼자 생선,4,퇴근 후,3,퇴근 후(3); 혼자 사는 직장인(1),MEDIUM,일반 수준
2026-08-03-housing-auto-e4e5c4,https://honsamnote.co.kr/blog/2026-08-03-housing-auto-e4e5c4/,"혼자 사는 직장인, 이사 전 빈집 점검 소홀하면 보증금 날릴 수도! 꼼꼼하게 현장 확인하는 순서",4,혼자 사는 당신,2,혼자 사는 당신(2); 퇴근 후(1); 혼자 사는 직장인(1),MEDIUM,일반 수준
2026-08-03-products-auto-c75a1a,https://honsamnote.co.kr/blog/2026-08-03-products-auto-c75a1a/,1인 가구 집 수리 비용 정리｜셀프 인테리어,4,혼자 사는 당신,2,혼자 사는 당신(2); 퇴근 후(1); 혼자 사는 직장인(1),MEDIUM,일반 수준
2026-08-04-housing-auto-e8de0c,https://honsamnote.co.kr/blog/2026-08-04-housing-auto-e8de0c/,1인 가구 방문 요청 체크리스트｜집주인 방문,4,퇴근 후,3,혼자 사는 당신(1); 퇴근 후(3),MEDIUM,일반 수준
2026-08-04-lifestyle-auto-8920c5,https://honsamnote.co.kr/blog/2026-08-04-lifestyle-auto-8920c5/,1인 가구 초대 알아보기｜친구 집들이,4,혼자 사는 당신,2,혼자 사는 당신(2); 퇴근 후(2),MEDIUM,일반 수준
2026-08-04-safety-auto-3547d2,https://honsamnote.co.kr/blog/2026-08-04-safety-auto-3547d2/,"혼자 사는 당신, 집에 불이 났을 때? 일반 vs. 스마트 화재경보기, 나에게 맞는 선택은?",4,혼자 사는 당신,2,혼자 사는 당신(2); 퇴근 후(2),MEDIUM,일반 수준
2026-08-06-cleaning-auto-07ebe3,https://honsamnote.co.kr/blog/2026-08-06-cleaning-auto-07ebe3/,건조기 정전기 비교｜건조 시간 단축,4,혼자 사는 당신,2,혼자 사는 당신(2); 현명한 선택(1); 퇴근 후(1),MEDIUM,일반 수준
2026-08-06-cleaning-auto-467d7f,https://honsamnote.co.kr/blog/2026-08-06-cleaning-auto-467d7f/,전동청소솔 비교｜손청소도구,4,혼자 사는 당신,1,혼자 사는 당신(1); 현명한 선택(1); 퇴근 후(1); 1인 가구 직장인(1),MEDIUM,일반 수준
2026-08-06-cleaning-auto-643cdf,https://honsamnote.co.kr/blog/2026-08-06-cleaning-auto-643cdf/,대형 폐기물 알아보기｜가구 버리기,4,혼자 사는 직장인,2,혼자 사는 당신(1); 혼자 사는 직장인(2); 스마트하게(1),MEDIUM,일반 수준
2026-08-06-cleaning-auto-ab8bbf,https://honsamnote.co.kr/blog/2026-08-06-cleaning-auto-ab8bbf/,에어컨 필터 청소 비교｜에어컨 관리,4,현명한 선택,2,현명한 선택(2); 퇴근 후(1); 1인 가구 직장인(1),MEDIUM,일반 수준
2026-08-06-cleaning-auto-f4b529,https://honsamnote.co.kr/blog/2026-08-06-cleaning-auto-f4b529/,1인 가구 빨래 알아보기｜옷감 손상 방지,4,혼자 사는 당신,2,혼자 사는 당신(2); 퇴근 후(1); 혼자 사는 직장인(1),MEDIUM,일반 수준
2026-08-06-cost-auto-bf984a,https://honsamnote.co.kr/blog/2026-08-06-cost-auto-bf984a/,1인 가구 식비 절약 비교｜에어프라이어 구매,4,퇴근 후,2,퇴근 후(2); 혼자 사는 직장인(2),MEDIUM,일반 수준
2026-08-06-cost-auto-cfda8d,https://honsamnote.co.kr/blog/2026-08-06-cost-auto-cfda8d/,"혼자 사는 직장인, 매일 마시는 커피값에 지갑이 텅 빈다면? 홈 카페 vs 외부 구매, 내게 맞는 경제적인 선택은?",4,퇴근 후,2,퇴근 후(2); 혼자 사는 직장인(1); 1인 가구 직장인(1),MEDIUM,일반 수준
2026-08-06-cost-auto-e8c32b,https://honsamnote.co.kr/blog/2026-08-06-cost-auto-e8c32b/,"혼자 사는 직장인, 예상치 못한 지출에 늘 불안하다면? 나만의 비상금 통장, 어떻게 만들어야 할까?",4,1인 가구 직장인,3,혼자 사는 당신(1); 1인 가구 직장인(3),MEDIUM,일반 수준
2026-08-06-food-auto-36b7bb,https://honsamnote.co.kr/blog/2026-08-06-food-auto-36b7bb/,1인 가구 요리 알아보기｜혼밥 레시피,4,퇴근 후,2,혼자 사는 당신(1); 현명한 선택(1); 퇴근 후(2),MEDIUM,일반 수준
2026-08-06-food-auto-585c1b,https://honsamnote.co.kr/blog/2026-08-06-food-auto-585c1b/,미니멀티쿠커 비교｜전기냄비,4,퇴근 후,2,현명한 선택(1); 퇴근 후(2); 혼자 사는 직장인(1),MEDIUM,일반 수준
2026-08-06-food-auto-c5562a,https://honsamnote.co.kr/blog/2026-08-06-food-auto-c5562a/,1인 가구 달걀 해결 방법｜달걀 보관법,4,혼자 사는 당신,2,혼자 사는 당신(2); 퇴근 후(1); 혼자 사는 직장인(1),MEDIUM,일반 수준
2026-08-06-housing-auto-778093,https://honsamnote.co.kr/blog/2026-08-06-housing-auto-778093/,"혼자 사는 직장인, 우리 집 안전 지킴이! 디지털 도어락 vs 보조키, 내게 맞는 현명한 선택은?",4,퇴근 후,2,퇴근 후(2); 혼자 사는 직장인(2),MEDIUM,일반 수준
2026-08-06-products-auto-1d916e,https://honsamnote.co.kr/blog/2026-08-06-products-auto-1d916e/,1인 가구 전월세 안심보험 방법｜세입자 보험,4,혼자 사는 당신,2,혼자 사는 당신(2); 퇴근 후(1); 혼자 사는 직장인(1),MEDIUM,일반 수준
2026-08-06-products-auto-2eb0f5,https://honsamnote.co.kr/blog/2026-08-06-products-auto-2eb0f5/,"혼자 사는 직장인, 짧은 출장/휴가 때 반려동물 돌봄 걱정이라면? 펫시터 vs. 펫호텔 vs. 스마트 기기, 내게 맞는 최적의 선택은?",4,혼자 사는 직장인,4,혼자 사는 직장인(4),MEDIUM,일반 수준
2026-08-06-products-auto-6e0ac5,https://honsamnote.co.kr/blog/2026-08-06-products-auto-6e0ac5/,1인 가구 이사 비용 정리｜이사 서비스,4,퇴근 후,2,퇴근 후(2); 혼자 사는 직장인(2),MEDIUM,일반 수준
2026-08-06-products-auto-f84639,https://honsamnote.co.kr/blog/2026-08-06-products-auto-f84639/,1인 가구 난방비 알아보기｜보일러 사용법,4,퇴근 후,2,퇴근 후(2); 혼자 사는 직장인(2),MEDIUM,일반 수준
2026-08-06-safety-auto-ec7c17,https://honsamnote.co.kr/blog/2026-08-06-safety-auto-ec7c17/,"혼자 사는 당신, 겨울철 일산화탄소 걱정된다면? 일반형 vs. 스마트 CO 경보기, 나에게 맞는 안전 선택은?",4,혼자 사는 당신,3,혼자 사는 당신(3); 퇴근 후(1),MEDIUM,일반 수준
2026-08-07-cleaning-auto-d3c72b,https://honsamnote.co.kr/blog/2026-08-07-cleaning-auto-d3c72b/,변기 얼룩 제거 알아보기｜변기 물때 청소,4,퇴근 후,3,혼자 사는 당신(1); 퇴근 후(3),MEDIUM,일반 수준
2026-08-07-cleaning-auto-ef484e,https://honsamnote.co.kr/blog/2026-08-07-cleaning-auto-ef484e/,1인 가구 침구 세탁 알아보기｜베개 세탁 주기,4,혼자 사는 당신,2,혼자 사는 당신(2); 퇴근 후(1); 혼자 사는 직장인(1),MEDIUM,일반 수준
2026-08-07-cost-auto-811cef,https://honsamnote.co.kr/blog/2026-08-07-cost-auto-811cef/,일회용품 줄이기 비교｜다회용품 선택,4,퇴근 후,2,퇴근 후(2); 혼자 사는 직장인(2),MEDIUM,일반 수준
2026-08-07-cost-auto-b1ff82,https://honsamnote.co.kr/blog/2026-08-07-cost-auto-b1ff82/,"혼자 사는 직장인, 매달 나가는 미용실 비용이 부담된다면? 저렴한 동네 미용실 vs 프랜차이즈 vs 셀프, 후회 없는 선택 가이드",4,현명한 선택,1,현명한 선택(1); 후회 없는(1); 퇴근 후(1); 혼자 사는 직장인(1),MEDIUM,일반 수준
2026-08-07-food-auto-c3ab2b,https://honsamnote.co.kr/blog/2026-08-07-food-auto-c3ab2b/,냉동식품 비교｜간편식,4,퇴근 후,4,퇴근 후(4),MEDIUM,일반 수준
2026-08-07-food-auto-f5cf37,https://honsamnote.co.kr/blog/2026-08-07-food-auto-f5cf37/,1인 가구 밀키트 비교｜소량 식재료,4,퇴근 후,2,퇴근 후(2); 혼자 사는 직장인(2),MEDIUM,일반 수준
2026-08-07-housing-auto-5dd703,https://honsamnote.co.kr/blog/2026-08-07-housing-auto-5dd703/,"혼자 사는 직장인, 갑자기 이사 가야 하는데 다음 세입자 직접 구하라니? 계약 중도 해지 부담 줄이는 현실적인 방법",4,퇴근 후,3,퇴근 후(3); 1인 가구 직장인(1),MEDIUM,일반 수준
2026-08-07-lifestyle-auto-c39ec1,https://honsamnote.co.kr/blog/2026-08-07-lifestyle-auto-c39ec1/,1인 가구 시간 낭비 알아보기｜퇴근 후 무의미한 스크롤링,4,퇴근 후,3,퇴근 후(3); 혼자 사는 직장인(1),MEDIUM,일반 수준
2026-08-07-products-auto-074e7a,https://honsamnote.co.kr/blog/2026-08-07-products-auto-074e7a/,"혼자 사는 직장인, 가끔 필요한 문서 인쇄가 번거롭다면? 개인 프린터 vs 인쇄 서비스, 내게 맞는 최적의 선택은?",4,혼자 사는 직장인,3,퇴근 후(1); 혼자 사는 직장인(3),MEDIUM,일반 수준
2026-08-07-products-auto-2fe4a8,https://honsamnote.co.kr/blog/2026-08-07-products-auto-2fe4a8/,1인 가구 분리수거 알아보기｜좁은집 재활용,4,퇴근 후,3,퇴근 후(3); 혼자 사는 직장인(1),MEDIUM,일반 수준
2026-08-07-products-auto-e9e85e,https://honsamnote.co.kr/blog/2026-08-07-products-auto-e9e85e/,"혼자 사는 직장인, 소량 빨래나 속옷 손빨래 매번 번거롭다면? 1인 가구 미니 세탁기 vs. 손빨래, 나에게 딱 맞는 선택은?",4,혼자 사는 직장인,3,퇴근 후(1); 혼자 사는 직장인(3),MEDIUM,일반 수준
2026-08-07-safety-auto-580f1f,https://honsamnote.co.kr/blog/2026-08-07-safety-auto-580f1f/,1인 가구 알레르기 기준｜혼자 알레르기,4,혼자 사는 당신,3,혼자 사는 당신(3); 퇴근 후(1),MEDIUM,일반 수준
2026-08-08-cleaning-auto-a4c61f,https://honsamnote.co.kr/blog/2026-08-08-cleaning-auto-a4c61f/,가습기 물때 알아보기｜제습기 냄새,4,1인 가구 직장인,2,퇴근 후(1); 혼자 사는 직장인(1); 1인 가구 직장인(2),MEDIUM,일반 수준
2026-08-08-cleaning-auto-b16ac0,https://honsamnote.co.kr/blog/2026-08-08-cleaning-auto-b16ac0/,"혼자 사는 당신, 집에 밴 꿉꿉한 생활 냄새! 향으로 덮을까? 근본을 잡을까? 방향제·디퓨저 vs 공기청정기, 현명한 선택 기준",4,혼자 사는 당신,2,혼자 사는 당신(2); 현명한 선택(1); 퇴근 후(1),MEDIUM,일반 수준
2026-08-08-lifestyle-auto-dd0e67,https://honsamnote.co.kr/blog/2026-08-08-lifestyle-auto-dd0e67/,1인 가구 운동 비교｜혼자 운동,4,퇴근 후,3,퇴근 후(3); 혼자 사는 직장인(1),MEDIUM,일반 수준
2026-08-08-products-auto-06056d,https://honsamnote.co.kr/blog/2026-08-08-products-auto-06056d/,"혼자 사는 직장인, 매일 마시는 물, 똑똑하게 고르고 싶다면? 생수 vs 필터 정수기 vs 렌탈 정수기, 내게 맞는 최적의 선택은?",4,퇴근 후,2,현명한 선택(1); 퇴근 후(2); 혼자 사는 직장인(1),MEDIUM,일반 수준
2026-08-08-products-auto-38bb22,https://honsamnote.co.kr/blog/2026-08-08-products-auto-38bb22/,"혼자 사는 직장인, 퇴근 후 설거지 산더미에 지쳤다면? 1인 가구 미니 식기세척기 vs 손설거지, 나에게 맞는 현명한 선택은?",4,퇴근 후,3,퇴근 후(3); 혼자 사는 직장인(1),MEDIUM,일반 수준
2026-08-08-safety-auto-985515,https://honsamnote.co.kr/blog/2026-08-08-safety-auto-985515/,혼자 사는 집 누수 방법｜아파트 누수,4,혼자 사는 당신,3,혼자 사는 당신(3); 퇴근 후(1),MEDIUM,일반 수준
2026-08-08-storage-auto-37bfb5,https://honsamnote.co.kr/blog/2026-08-08-storage-auto-37bfb5/,1인 가구 외투 알아보기｜좁은 집 가방 수납,4,퇴근 후,3,퇴근 후(3); 1인 가구 직장인(1),MEDIUM,일반 수준
2026-08-08-storage-auto-55b81f,https://honsamnote.co.kr/blog/2026-08-08-storage-auto-55b81f/,1인 가구 주방 수납 비교｜프라이팬 정리,4,현명한 선택,2,현명한 선택(2); 퇴근 후(1); 1인 가구 직장인(1),MEDIUM,일반 수준
2026-08-09-cleaning-auto-c10b6d,https://honsamnote.co.kr/blog/2026-08-09-cleaning-auto-c10b6d/,로봇청소기 비교｜무선 스틱 청소기,4,퇴근 후,3,혼자 사는 당신(1); 퇴근 후(3),MEDIUM,일반 수준
2026-08-09-food-auto-e39c1f,https://honsamnote.co.kr/blog/2026-08-09-food-auto-e39c1f/,혼자 사는 직장인 닭가슴살 해결 방법｜대용량 닭가슴살 보관,4,현명한 선택,1,현명한 선택(1); 퇴근 후(1); 혼자 사는 직장인(1); 1인 가구 직장인(1),MEDIUM,일반 수준
2026-08-09-products-auto-7bf3a6,https://honsamnote.co.kr/blog/2026-08-09-products-auto-7bf3a6/,"혼자 사는 직장인, 좁은 집에서도 나만의 영화관을 만들고 싶다면? 미니 빔 프로젝터 vs 스마트 TV, 내게 맞는 최적의 선택은?",4,퇴근 후,3,퇴근 후(3); 혼자 사는 직장인(1),MEDIUM,일반 수준
2026-08-09-products-auto-df5dbc,https://honsamnote.co.kr/blog/2026-08-09-products-auto-df5dbc/,1인 가구 폐기물 알아보기｜대형 폐기물 신고,4,혼자 사는 당신,1,혼자 사는 당신(1); 현실적인 방법(1); 퇴근 후(1); 혼자 사는 직장인(1),MEDIUM,일반 수준
2026-08-10-cost-auto-78f79c,https://honsamnote.co.kr/blog/2026-08-10-cost-auto-78f79c/,1인 가구 집 수리 비교｜자가 수리 비용,4,혼자 사는 당신,2,혼자 사는 당신(2); 퇴근 후(1); 혼자 사는 직장인(1),MEDIUM,일반 수준
2026-08-10-products-auto-b0092a,https://honsamnote.co.kr/blog/2026-08-10-products-auto-b0092a/,"혼자 사는 직장인, 퇴근 후 간편하고 맛있는 요리, 어떤 조리 기구가 답일까? 에어프라이어 vs 전자레인지, 내게 맞는 최적의 선택은?",4,혼자 사는 직장인,2,현명한 선택(1); 퇴근 후(1); 혼자 사는 직장인(2),MEDIUM,일반 수준
2026-08-11-lifestyle-auto-0f05f0,https://honsamnote.co.kr/blog/2026-08-11-lifestyle-auto-0f05f0/,혼자 사는 직장인 친구 관계 알아보기｜사회적 고립감 해소,4,퇴근 후,4,퇴근 후(4),MEDIUM,일반 수준
2026-08-11-safety-auto-197473,https://honsamnote.co.kr/blog/2026-08-11-safety-auto-197473/,"혼자 사는 당신, 집에서 넘어져 움직일 수 없을까 걱정될 때: 웨어러블 낙상 감지기 vs. 공간형 비접촉 센서, 나에게 맞는 안전 선택은?",4,혼자 사는 당신,1,혼자 사는 당신(1); 현실적인 방법(1); 퇴근 후(1); 혼자 사는 직장인(1),MEDIUM,일반 수준
2026-08-13-cost-auto-b1e536,https://honsamnote.co.kr/blog/2026-08-13-cost-auto-b1e536/,1인 가구 공구 비교｜멀티 공구 세트,4,혼자 사는 당신,1,혼자 사는 당신(1); 현명한 선택(1); 후회 없는(1); 혼자 사는 직장인(1),MEDIUM,일반 수준
2026-08-13-safety-auto-6b585a,https://honsamnote.co.kr/blog/2026-08-13-safety-auto-6b585a/,1인 가구 이웃 소음 기준｜밤늦은 소리,4,혼자 사는 당신,2,혼자 사는 당신(2); 퇴근 후(2),MEDIUM,일반 수준
2026-08-13-safety-auto-c86e8c,https://honsamnote.co.kr/blog/2026-08-13-safety-auto-c86e8c/,집 흔들림 기준｜지진 대처,4,혼자 사는 당신,3,혼자 사는 당신(3); 퇴근 후(1),MEDIUM,일반 수준
2026-08-14-cost-auto-304499,https://honsamnote.co.kr/blog/2026-08-14-cost-auto-304499/,"혼자 사는 직장인, 책 읽고 싶은데 매번 구매 비용 부담된다면? 도서관 vs. 전자책 구독 vs. 종이책 구매, 나에게 맞는 최적의 독서법은?",4,혼자 사는 직장인,3,퇴근 후(1); 혼자 사는 직장인(3),MEDIUM,일반 수준
2026-08-14-food-auto-0030b0,https://honsamnote.co.kr/blog/2026-08-14-food-auto-0030b0/,"혼자 사는 직장인, 개봉한 통조림·병조림·소분팩 소스 앞에서 망설일 때: 버리지 않고 끝까지 알뜰하게 즐기는 현실적인 보관 & 활용 전략",4,혼자 사는 당신,2,혼자 사는 당신(2); 퇴근 후(1); 혼자 사는 직장인(1),MEDIUM,일반 수준
2026-08-14-housing-auto-189ec3,https://honsamnote.co.kr/blog/2026-08-14-housing-auto-189ec3/,"혼자 사는 직장인, 이사/대청소 앞둔 대형 폐기물 처리! 비용 아끼고 깔끔하게 끝내는 현실 가이드",4,혼자 사는 직장인,2,현실적인 방법(1); 퇴근 후(1); 혼자 사는 직장인(2),MEDIUM,일반 수준
2026-08-14-products-auto-da7759,https://honsamnote.co.kr/blog/2026-08-14-products-auto-da7759/,1인 가구 화재보험 해결 방법｜월세집 보험,4,혼자 사는 당신,1,혼자 사는 당신(1); 현명한 선택(1); 퇴근 후(1); 혼자 사는 직장인(1),MEDIUM,일반 수준
2026-07-30-cleaning-26,https://honsamnote.co.kr/blog/2026-07-30-cleaning-26/,1인 가구 화장실 청소 방법｜곰팡이 제거 방법,3,혼자 사는 당신,2,혼자 사는 당신(2); 퇴근 후(1),MEDIUM,일반 수준
2026-07-30-cleaning-27,https://honsamnote.co.kr/blog/2026-07-30-cleaning-27/,배수구 청소 알아보기｜샤워실 냄새,3,퇴근 후,2,현실적인 방법(1); 퇴근 후(2),MEDIUM,일반 수준
2026-07-30-cleaning-29,https://honsamnote.co.kr/blog/2026-07-30-cleaning-29/,1인 가구 침구 세탁 주기 알아보기｜침구 관리법,3,혼자 사는 당신,1,혼자 사는 당신(1); 퇴근 후(1); 1인 가구 직장인(1),MEDIUM,일반 수준
2026-07-30-cleaning-32,https://honsamnote.co.kr/blog/2026-07-30-cleaning-32/,1인 가구 청소 알아보기｜집안일 자동화,3,퇴근 후,2,퇴근 후(2); 1인 가구 직장인(1),MEDIUM,일반 수준
2026-07-30-cost-2,https://honsamnote.co.kr/blog/2026-07-30-cost-2/,전기세 줄이기 비용 정리｜가스비 절약,3,퇴근 후,2,퇴근 후(2); 혼자 사는 직장인(1),MEDIUM,일반 수준
2026-07-30-cost-80,https://honsamnote.co.kr/blog/2026-07-30-cost-80/,알뜰폰 비교｜통신 3사,3,혼자 사는 당신,1,혼자 사는 당신(1); 퇴근 후(1); 1인 가구 직장인(1),MEDIUM,일반 수준
2026-07-30-food-13,https://honsamnote.co.kr/blog/2026-07-30-food-13/,배달음식 보관 알아보기｜남은 음식 처리,3,혼자 사는 당신,2,혼자 사는 당신(2); 퇴근 후(1),MEDIUM,일반 수준
2026-07-30-housing-44,https://honsamnote.co.kr/blog/2026-07-30-housing-44/,"혼자 사는 직장인, 내 전월세 보증금 지키는 법: 이사 후 전입신고·확정일자 한 번에 끝내기",3,혼자 사는 당신,2,혼자 사는 당신(2); 퇴근 후(1),MEDIUM,일반 수준
2026-07-30-housing-45,https://honsamnote.co.kr/blog/2026-07-30-housing-45/,"1인 가구 이사, 퇴근 후 틈틈이 준비해도 시간과 돈 아끼는 최적의 체크리스트",3,퇴근 후,2,퇴근 후(2); 혼자 사는 직장인(1),MEDIUM,일반 수준
2026-07-30-housing-48,https://honsamnote.co.kr/blog/2026-07-30-housing-48/,옵션 가전 고장 해결 방법｜세입자 책임,3,혼자 사는 당신,1,혼자 사는 당신(1); 퇴근 후(1); 스마트하게(1),MEDIUM,일반 수준
2026-07-30-lifestyle-62,https://honsamnote.co.kr/blog/2026-07-30-lifestyle-62/,1인 가구 식사 해결 방법｜끼니 거르지 않는 법,3,퇴근 후,2,퇴근 후(2); 혼자 사는 직장인(1),MEDIUM,일반 수준
2026-07-30-products-52,https://honsamnote.co.kr/blog/2026-07-30-products-52/,로봇청소기 추천 기준｜로봇청소기 선택,3,퇴근 후,3,퇴근 후(3),MEDIUM,일반 수준
2026-07-30-products-57,https://honsamnote.co.kr/blog/2026-07-30-products-57/,정기배송 서비스 비교 비교｜생필품 정기배송,3,1인 가구 직장인,2,퇴근 후(1); 1인 가구 직장인(2),MEDIUM,일반 수준
2026-07-31-cleaning-68,https://honsamnote.co.kr/blog/2026-07-31-cleaning-68/,화장실벌레 해결 방법｜날벌레없애는법,3,혼자 사는 당신,1,혼자 사는 당신(1); 퇴근 후(1); 1인 가구 직장인(1),MEDIUM,일반 수준
2026-07-31-cleaning-79,https://honsamnote.co.kr/blog/2026-07-31-cleaning-79/,1인 가구 청소 비교｜정기 청소서비스 비용,3,퇴근 후,2,퇴근 후(2); 혼자 사는 직장인(1),MEDIUM,일반 수준
2026-07-31-products-75,https://honsamnote.co.kr/blog/2026-07-31-products-75/,미니 건조기 필요성 알아보기｜원룸 빨래 건조,3,퇴근 후,2,현명한 선택(1); 퇴근 후(2),MEDIUM,일반 수준
2026-07-31-products-76,https://honsamnote.co.kr/blog/2026-07-31-products-76/,1인 가구 음식물처리기 방법｜음식물처리기 추천,3,퇴근 후,2,현명한 선택(1); 퇴근 후(2),MEDIUM,일반 수준
2026-07-31-products-77,https://honsamnote.co.kr/blog/2026-07-31-products-77/,1인가구 로봇청소기 알아보기｜로봇청소기 먼지,3,퇴근 후,2,혼자 사는 당신(1); 퇴근 후(2),MEDIUM,일반 수준
2026-07-31-safety-73,https://honsamnote.co.kr/blog/2026-07-31-safety-73/,혼자 고열 해결 방법｜갑자기 아플 때,3,혼자 사는 당신,2,혼자 사는 당신(2); 퇴근 후(1),MEDIUM,일반 수준
2026-08-01-cleaning-auto-dd0fd9,https://honsamnote.co.kr/blog/2026-08-01-cleaning-auto-dd0fd9/,혼자 사는 청소 알아보기｜샤워기 물때,3,혼자 사는 당신,1,혼자 사는 당신(1); 현명한 선택(1); 퇴근 후(1),MEDIUM,일반 수준
2026-08-01-cost-auto-0d71f8,https://honsamnote.co.kr/blog/2026-08-01-cost-auto-0d71f8/,"혼자 사는 직장인, 배달 앱 유료 멤버십, 나에게 진짜 이득일까? 손익분기점 계산해 후회 없이 결정하는 법",3,현명한 선택,1,현명한 선택(1); 퇴근 후(1); 혼자 사는 직장인(1),MEDIUM,일반 수준
2026-08-01-cost-auto-9c7467,https://honsamnote.co.kr/blog/2026-08-01-cost-auto-9c7467/,혼자 사는 직장인 옷 방법｜옷값 절약,3,혼자 사는 직장인,2,퇴근 후(1); 혼자 사는 직장인(2),MEDIUM,일반 수준
2026-08-01-cost-auto-aa6f9d,https://honsamnote.co.kr/blog/2026-08-01-cost-auto-aa6f9d/,"혼자 사는 직장인, 큰돈 드는 가전·가구! 새것 vs 중고 vs 렌탈, 내게 맞는 선택 기준 3가지",3,현명한 선택,1,현명한 선택(1); 퇴근 후(1); 혼자 사는 직장인(1),MEDIUM,일반 수준
2026-08-01-cost-auto-eacedc,https://honsamnote.co.kr/blog/2026-08-01-cost-auto-eacedc/,1인 가구 식기세척기 알아보기｜식기세척기 구매 가이드,3,퇴근 후,2,현명한 선택(1); 퇴근 후(2),MEDIUM,일반 수준
2026-08-01-food-auto-174113,https://honsamnote.co.kr/blog/2026-08-01-food-auto-174113/,1인 가구 식재료 알아보기｜장보기 주기,3,퇴근 후,2,혼자 사는 당신(1); 퇴근 후(2),MEDIUM,일반 수준
2026-08-01-products-auto-153ac4,https://honsamnote.co.kr/blog/2026-08-01-products-auto-153ac4/,1인 가구 공기청정기 비교｜실내 공기질 관리,3,퇴근 후,2,현명한 선택(1); 퇴근 후(2),MEDIUM,일반 수준
2026-08-01-products-auto-ff2c16,https://honsamnote.co.kr/blog/2026-08-01-products-auto-ff2c16/,1인 가구 정수기 기준｜정수기 렌탈,3,퇴근 후,1,퇴근 후(1); 혼자 사는 직장인(1); 1인 가구 직장인(1),MEDIUM,일반 수준
2026-08-01-safety-auto-0e6262,https://honsamnote.co.kr/blog/2026-08-01-safety-auto-0e6262/,일산화탄소 중독 해결 방법｜보일러 이상,3,혼자 사는 당신,2,혼자 사는 당신(2); 퇴근 후(1),MEDIUM,일반 수준
2026-08-01-safety-auto-1a5c71,https://honsamnote.co.kr/blog/2026-08-01-safety-auto-1a5c71/,혼자 사는 집 문 잠김 해결 방법｜비밀번호 잊었을 때,3,혼자 사는 당신,2,혼자 사는 당신(2); 현실적인 방법(1),MEDIUM,일반 수준
2026-08-01-safety-auto-a71046,https://honsamnote.co.kr/blog/2026-08-01-safety-auto-a71046/,혼자 살 때 열쇠 분실 방법｜늦은 밤 문 잠김,3,혼자 사는 당신,3,혼자 사는 당신(3),MEDIUM,일반 수준
2026-08-01-safety-auto-b177af,https://honsamnote.co.kr/blog/2026-08-01-safety-auto-b177af/,혼자 사는 집 누수 방법｜천장 물샘 대처,3,혼자 사는 당신,2,혼자 사는 당신(2); 퇴근 후(1),MEDIUM,일반 수준
2026-08-01-safety-auto-c574d6,https://honsamnote.co.kr/blog/2026-08-01-safety-auto-c574d6/,"혼자 사는 당신, 외부 침입 대비할 때? 스마트 도어벨 vs. 가정용 CCTV, 나에게 맞는 현관 보안은?",3,혼자 사는 당신,2,혼자 사는 당신(2); 퇴근 후(1),MEDIUM,일반 수준
2026-08-01-storage-auto-316ab0,https://honsamnote.co.kr/blog/2026-08-01-storage-auto-316ab0/,1인 가구 수납 비교｜좁은 집 수납,3,후회 없는,1,후회 없는(1); 퇴근 후(1); 혼자 사는 직장인(1),MEDIUM,일반 수준
2026-08-01-storage-auto-c94563,https://honsamnote.co.kr/blog/2026-08-01-storage-auto-c94563/,현관 정리 알아보기｜좁은 현관 수납,3,퇴근 후,2,현실적인 방법(1); 퇴근 후(2),MEDIUM,일반 수준
2026-08-03-cleaning-auto-fc046f,https://honsamnote.co.kr/blog/2026-08-03-cleaning-auto-fc046f/,구겨진 옷 해결 비교｜다림질 스팀다리미 비교,3,혼자 사는 직장인,2,혼자 사는 직장인(2); 1인 가구 직장인(1),MEDIUM,일반 수준
2026-08-03-food-auto-fb2380,https://honsamnote.co.kr/blog/2026-08-03-food-auto-fb2380/,1인 가구 채소 비교｜손질 채소 장점,3,퇴근 후,3,퇴근 후(3),MEDIUM,일반 수준
2026-08-03-housing-auto-f53851,https://honsamnote.co.kr/blog/2026-08-03-housing-auto-f53851/,"혼자 사는 직장인, 빈집 vs 풀옵션 원룸/오피스텔, 뭘 골라야 현명할까? 시간과 돈 아끼는 최적의 선택 가이드",3,혼자 사는 직장인,2,퇴근 후(1); 혼자 사는 직장인(2),MEDIUM,일반 수준
2026-08-03-lifestyle-auto-7c20c0,https://honsamnote.co.kr/blog/2026-08-03-lifestyle-auto-7c20c0/,1인 가구 인간관계 알아보기｜다시 모임 시작,3,퇴근 후,2,퇴근 후(2); 1인 가구 직장인(1),MEDIUM,일반 수준
2026-08-04-cleaning-auto-0b0c02,https://honsamnote.co.kr/blog/2026-08-04-cleaning-auto-0b0c02/,혼자사는직장인 알아보기｜물걸레 청소,3,퇴근 후,3,퇴근 후(3),MEDIUM,일반 수준
2026-08-04-cleaning-auto-99cb94,https://honsamnote.co.kr/blog/2026-08-04-cleaning-auto-99cb94/,1인 가구 바닥 청소 비교｜스팀 청소기 추천,3,혼자 사는 당신,1,혼자 사는 당신(1); 현명한 선택(1); 퇴근 후(1),MEDIUM,일반 수준
2026-08-04-food-auto-8d3bfc,https://honsamnote.co.kr/blog/2026-08-04-food-auto-8d3bfc/,"1인 가구 직장인, 마트에서 산 감자 싹 나고 양파 물러질 때, 버릴까 말까? 알뜰하게 살리고 안전하게 먹는 법",3,혼자 사는 당신,1,혼자 사는 당신(1); 현명한 선택(1); 퇴근 후(1),MEDIUM,일반 수준
2026-08-04-storage-auto-28ed9d,https://honsamnote.co.kr/blog/2026-08-04-storage-auto-28ed9d/,1인 가구 식료품 수납 알아보기｜좁은 주방 정리,3,퇴근 후,1,퇴근 후(1); 혼자 사는 직장인(1); 1인 가구 직장인(1),MEDIUM,일반 수준
2026-08-05-cost-auto-e4ec33,https://honsamnote.co.kr/blog/2026-08-05-cost-auto-e4ec33/,"혼자 사는 직장인, 매달 쓰레기 봉투값도 아깝다면? 생활 폐기물 비용 줄이고 버리는 스트레스 없애는 법",3,혼자 사는 직장인,2,퇴근 후(1); 혼자 사는 직장인(2),MEDIUM,일반 수준
2026-08-05-food-auto-1636b6,https://honsamnote.co.kr/blog/2026-08-05-food-auto-1636b6/,1인 가구 음식 보관 기준｜직접 요리한 음식,3,혼자 사는 당신,1,혼자 사는 당신(1); 현실적인 방법(1); 퇴근 후(1),MEDIUM,일반 수준
2026-08-05-safety-auto-4e7f26,https://honsamnote.co.kr/blog/2026-08-05-safety-auto-4e7f26/,콘센트 스파크 방법｜콘센트 타는 냄새,3,혼자 사는 당신,2,혼자 사는 당신(2); 퇴근 후(1),MEDIUM,일반 수준
2026-08-05-safety-auto-9a8ad6,https://honsamnote.co.kr/blog/2026-08-05-safety-auto-9a8ad6/,"혼자 사는 당신, 퇴근 후 안전하게 택배를 받을 때? 스마트 무인 택배함 vs. 문 앞 비대면 배송, 나에게 맞는 선택은?",3,퇴근 후,2,현명한 선택(1); 퇴근 후(2),MEDIUM,일반 수준
2026-08-06-cleaning-auto-907063,https://honsamnote.co.kr/blog/2026-08-06-cleaning-auto-907063/,신발 냄새 제거 알아보기｜신발장 관리,3,혼자 사는 당신,1,혼자 사는 당신(1); 퇴근 후(1); 스마트하게(1),MEDIUM,일반 수준
2026-08-06-cost-auto-177634,https://honsamnote.co.kr/blog/2026-08-06-cost-auto-177634/,1인 가구 드라이클리닝 비교｜드라이클리닝 비용,3,혼자 사는 직장인,2,퇴근 후(1); 혼자 사는 직장인(2),MEDIUM,일반 수준
2026-08-06-cost-auto-c59747,https://honsamnote.co.kr/blog/2026-08-06-cost-auto-c59747/,"혼자 사는 직장인, 밤마다 OTT 유목민이라면? 나에게 딱 맞는 구독 전략으로 매달 만원 아끼는 법",3,퇴근 후,2,퇴근 후(2); 혼자 사는 직장인(1),MEDIUM,일반 수준
2026-08-06-cost-auto-e2088d,https://honsamnote.co.kr/blog/2026-08-06-cost-auto-e2088d/,남은 음식물 처리 방법｜냉장고 정리,3,혼자 사는 직장인,2,퇴근 후(1); 혼자 사는 직장인(2),MEDIUM,일반 수준
2026-08-06-food-auto-19b20f,https://honsamnote.co.kr/blog/2026-08-06-food-auto-19b20f/,못난이 채소 알아보기｜B급 과일,3,퇴근 후,1,퇴근 후(1); 혼자 사는 직장인(1); 1인 가구 직장인(1),MEDIUM,일반 수준
2026-08-06-food-auto-3a64d3,https://honsamnote.co.kr/blog/2026-08-06-food-auto-3a64d3/,1인 가구 국 알아보기｜국 냉동,3,혼자 사는 직장인,2,퇴근 후(1); 혼자 사는 직장인(2),MEDIUM,일반 수준
2026-08-06-food-auto-dea971,https://honsamnote.co.kr/blog/2026-08-06-food-auto-dea971/,1인 가구 채소 해결 방법｜혼자 채소 보관,3,퇴근 후,2,퇴근 후(2); 혼자 사는 직장인(1),MEDIUM,일반 수준
2026-08-06-housing-auto-5c27e6,https://honsamnote.co.kr/blog/2026-08-06-housing-auto-5c27e6/,"혼자 사는 직장인, 해외 파견/장기 출장 갈 때? 내 원룸 현명하게 단기 임대주고 돈 버는 법",3,혼자 사는 당신,1,혼자 사는 당신(1); 현명한 선택(1); 혼자 사는 직장인(1),MEDIUM,일반 수준
2026-08-06-housing-auto-9d6fe3,https://honsamnote.co.kr/blog/2026-08-06-housing-auto-9d6fe3/,"혼자 사는 직장인, 전월세 계약 만료로 이사 가려는데? 집주인에게 현명하게 통보하고 보증금 지키는 법",3,혼자 사는 직장인,2,퇴근 후(1); 혼자 사는 직장인(2),MEDIUM,일반 수준
2026-08-06-lifestyle-auto-2e08db,https://honsamnote.co.kr/blog/2026-08-06-lifestyle-auto-2e08db/,생활 리듬 붕괴 알아보기｜평일 연차,3,혼자 사는 직장인,3,혼자 사는 직장인(3),MEDIUM,일반 수준
2026-08-06-products-auto-99b34b,https://honsamnote.co.kr/blog/2026-08-06-products-auto-99b34b/,"혼자 사는 직장인, 좁은 집에서도 허리 편한 홈 오피스? 인체공학 의자 vs 스탠딩 데스크 컨버터, 내게 맞는 선택은?",3,현명한 선택,1,현명한 선택(1); 퇴근 후(1); 1인 가구 직장인(1),MEDIUM,일반 수준
2026-08-06-products-auto-b9fc71,https://honsamnote.co.kr/blog/2026-08-06-products-auto-b9fc71/,"혼자 사는 직장인, 비싼 카페 커피 졸업하고 싶다면? 캡슐 커피 머신 vs 핸드드립, 나에게 딱 맞는 선택은?",3,혼자 사는 직장인,2,혼자 사는 직장인(2); 1인 가구 직장인(1),MEDIUM,일반 수준
2026-08-06-safety-auto-21374d,https://honsamnote.co.kr/blog/2026-08-06-safety-auto-21374d/,층간소음 대처 방법｜이웃소음 해결,3,혼자 사는 당신,3,혼자 사는 당신(3),MEDIUM,일반 수준
2026-08-06-safety-auto-3d7ecc,https://honsamnote.co.kr/blog/2026-08-06-safety-auto-3d7ecc/,1인 가구 안전 해결 방법｜빈집털이 대처,3,혼자 사는 당신,2,혼자 사는 당신(2); 퇴근 후(1),MEDIUM,일반 수준
2026-08-06-storage-auto-19a86d,https://honsamnote.co.kr/blog/2026-08-06-storage-auto-19a86d/,1인 가구 수납 가구 알아보기｜좁은 원룸 가구,3,혼자 사는 당신,1,혼자 사는 당신(1); 퇴근 후(1); 1인 가구 직장인(1),MEDIUM,일반 수준
2026-08-07-cleaning-auto-27a7fe,https://honsamnote.co.kr/blog/2026-08-07-cleaning-auto-27a7fe/,1인 가구 행주 비교｜일회용 행주,3,퇴근 후,2,퇴근 후(2); 혼자 사는 직장인(1),MEDIUM,일반 수준
2026-08-07-cleaning-auto-cb5dfe,https://honsamnote.co.kr/blog/2026-08-07-cleaning-auto-cb5dfe/,혼자 사는 오븐 청소 알아보기｜오븐 찌든 때,3,퇴근 후,2,퇴근 후(2); 혼자 사는 직장인(1),MEDIUM,일반 수준
2026-08-07-cost-auto-0c25d9,https://honsamnote.co.kr/blog/2026-08-07-cost-auto-0c25d9/,"혼자 사는 직장인, 매달 알게 모르게 새는 퍼스널 케어 비용! 나에게 딱 맞는 '스마트 지출'로 피부도 지갑도 지키는 법",3,혼자 사는 직장인,2,퇴근 후(1); 혼자 사는 직장인(2),MEDIUM,일반 수준
2026-08-07-cost-auto-431981,https://honsamnote.co.kr/blog/2026-08-07-cost-auto-431981/,"혼자 사는 직장인, 덥고 추울 때마다 전기요금 폭탄 걱정된다면? 숨은 전력 도둑 잡고 요금 확 줄이는 3단계 전략",3,혼자 사는 직장인,2,혼자 사는 직장인(2); 스마트하게(1),MEDIUM,일반 수준
2026-08-07-cost-auto-846842,https://honsamnote.co.kr/blog/2026-08-07-cost-auto-846842/,"혼자 사는 직장인, 예상치 못한 사고에 내 물건 다 날아갈까 봐 불안하다면? 1인 가구 주택화재보험(세입자 보험), 과연 돈 값 할까?",3,혼자 사는 직장인,2,현명한 선택(1); 혼자 사는 직장인(2),MEDIUM,일반 수준
2026-08-07-cost-auto-d674a8,https://honsamnote.co.kr/blog/2026-08-07-cost-auto-d674a8/,1인 가구 빨래 비교｜건조기 추천,3,현명한 선택,1,현명한 선택(1); 퇴근 후(1); 혼자 사는 직장인(1),MEDIUM,일반 수준
2026-08-07-food-auto-0e8387,https://honsamnote.co.kr/blog/2026-08-07-food-auto-0e8387/,1인 가구 배달 음식 해결 방법｜배달음식 소분,3,퇴근 후,2,현명한 선택(1); 퇴근 후(2),MEDIUM,일반 수준
2026-08-07-food-auto-13d75f,https://honsamnote.co.kr/blog/2026-08-07-food-auto-13d75f/,"1인 가구 직장인, 냉장고/팬트리 속 '유통기한 지난 미개봉 가공식품' 앞에서 망설일 때: 버릴까? 먹을까? 안전하게 판단하고 알뜰하게 활용하는 법",3,혼자 사는 당신,2,혼자 사는 당신(2); 퇴근 후(1),MEDIUM,일반 수준
2026-08-07-food-auto-78eff9,https://honsamnote.co.kr/blog/2026-08-07-food-auto-78eff9/,1인 가구 식기세척기 비교｜미니 식기세척기,3,퇴근 후,2,현명한 선택(1); 퇴근 후(2),MEDIUM,일반 수준
2026-08-07-food-auto-bb56bf,https://honsamnote.co.kr/blog/2026-08-07-food-auto-bb56bf/,1인 가구 식재료 기준｜애매한 식재료,3,퇴근 후,1,퇴근 후(1); 혼자 사는 직장인(1); 1인 가구 직장인(1),MEDIUM,일반 수준
2026-08-07-housing-auto-eb35f1,https://honsamnote.co.kr/blog/2026-08-07-housing-auto-eb35f1/,"혼자 사는 직장인, 우리 집 소소한 고장! 매번 사람 부를까, 직접 고쳐볼까? DIY vs. 출장 수리, 내 돈 아끼는 현명한 선택 가이드",3,혼자 사는 직장인,2,퇴근 후(1); 혼자 사는 직장인(2),MEDIUM,일반 수준
2026-08-07-lifestyle-auto-6e452d,https://honsamnote.co.kr/blog/2026-08-07-lifestyle-auto-6e452d/,이웃 부담 알아보기｜낯선 이웃,3,혼자 사는 당신,1,혼자 사는 당신(1); 퇴근 후(1); 혼자 사는 직장인(1),MEDIUM,일반 수준
2026-08-07-products-auto-75313c,https://honsamnote.co.kr/blog/2026-08-07-products-auto-75313c/,1인 가구 보풀제거기 알아보기｜옷 보풀 제거,3,퇴근 후,2,퇴근 후(2); 혼자 사는 직장인(1),MEDIUM,일반 수준
2026-08-07-products-auto-b07e5f,https://honsamnote.co.kr/blog/2026-08-07-products-auto-b07e5f/,1인 가구 방범 알아보기｜창문 잠금장치,3,퇴근 후,2,현실적인 방법(1); 퇴근 후(2),MEDIUM,일반 수준
2026-08-07-products-auto-bd7178,https://honsamnote.co.kr/blog/2026-08-07-products-auto-bd7178/,스마트 도어벨 추천 기준｜택배 도난 방지,3,혼자 사는 당신,1,혼자 사는 당신(1); 퇴근 후(1); 혼자 사는 직장인(1),MEDIUM,일반 수준
2026-08-07-safety-auto-0d1c1b,https://honsamnote.co.kr/blog/2026-08-07-safety-auto-0d1c1b/,인터넷 공유기 해킹 방법｜라우터 보안,3,혼자 사는 당신,2,혼자 사는 당신(2); 퇴근 후(1),MEDIUM,일반 수준
2026-08-07-safety-auto-5a549d,https://honsamnote.co.kr/blog/2026-08-07-safety-auto-5a549d/,"혼자 사는 당신, 중요한 서류나 귀중품을 안전하게 보관할 때: 방화/방수 금고 vs. 보안 서류함, 나에게 맞는 선택은?",3,혼자 사는 당신,1,혼자 사는 당신(1); 퇴근 후(1); 혼자 사는 직장인(1),MEDIUM,일반 수준
2026-08-07-storage-auto-54d5cd,https://honsamnote.co.kr/blog/2026-08-07-storage-auto-54d5cd/,침대 밑 수납 비교｜수납형 침대,3,현명한 선택,2,현명한 선택(2); 퇴근 후(1),MEDIUM,일반 수준
2026-08-07-storage-auto-b02bd8,https://honsamnote.co.kr/blog/2026-08-07-storage-auto-b02bd8/,1인 가구 소품 알아보기｜원룸 소품 정리,3,퇴근 후,2,퇴근 후(2); 혼자 사는 직장인(1),MEDIUM,일반 수준
2026-08-08-cleaning-auto-176b73,https://honsamnote.co.kr/blog/2026-08-08-cleaning-auto-176b73/,밥솥 냄새 알아보기｜밥솥 밥맛,3,혼자 사는 당신,1,혼자 사는 당신(1); 퇴근 후(1); 1인 가구 직장인(1),MEDIUM,일반 수준
2026-08-08-cleaning-auto-3b9de2,https://honsamnote.co.kr/blog/2026-08-08-cleaning-auto-3b9de2/,보풀제거기 비교｜먼지롤러,3,현명한 선택,1,현명한 선택(1); 퇴근 후(1); 혼자 사는 직장인(1),MEDIUM,일반 수준
2026-08-08-cost-auto-65e819,https://honsamnote.co.kr/blog/2026-08-08-cost-auto-65e819/,"혼자 사는 직장인, 매일 점심값으로 새는 돈 아깝다면? 도시락 vs 배달 vs 구내식당/식당, 내게 맞는 최적의 점심 식사 전략",3,1인 가구 직장인,2,혼자 사는 직장인(1); 1인 가구 직장인(2),MEDIUM,일반 수준
2026-08-08-food-auto-2c836a,https://honsamnote.co.kr/blog/2026-08-08-food-auto-2c836a/,개봉 식재료 비교｜신선 보관,3,현명한 선택,1,현명한 선택(1); 퇴근 후(1); 혼자 사는 직장인(1),MEDIUM,일반 수준
2026-08-08-food-auto-89ea49,https://honsamnote.co.kr/blog/2026-08-08-food-auto-89ea49/,"혼자 사는 직장인, 두부 한 모 앞에서 망설일 때: 버리지 않고 끝까지 신선하게 즐기는 구매부터 보관, 활용법",3,현명한 선택,1,현명한 선택(1); 퇴근 후(1); 혼자 사는 직장인(1),MEDIUM,일반 수준
2026-08-08-food-auto-89f7c0,https://honsamnote.co.kr/blog/2026-08-08-food-auto-89f7c0/,1인 가구 쌀 비교｜쌀 보관,3,현실적인 방법,1,현실적인 방법(1); 혼자 사는 직장인(1); 1인 가구 직장인(1),MEDIUM,일반 수준
2026-08-08-food-auto-cfd186,https://honsamnote.co.kr/blog/2026-08-08-food-auto-cfd186/,식용유 고르는 법 비교｜올리브유 카놀라유 차이,3,혼자 사는 당신,1,혼자 사는 당신(1); 퇴근 후(1); 혼자 사는 직장인(1),MEDIUM,일반 수준
2026-08-08-housing-auto-4e32dc,https://honsamnote.co.kr/blog/2026-08-08-housing-auto-4e32dc/,"혼자 사는 직장인, 새집 입주 후 예상 못한 숨은 하자 발견! 내 권리 지키며 계약 조정하는 현실 가이드",3,혼자 사는 직장인,2,퇴근 후(1); 혼자 사는 직장인(2),MEDIUM,일반 수준
2026-08-08-housing-auto-82f28f,https://honsamnote.co.kr/blog/2026-08-08-housing-auto-82f28f/,"혼자 사는 직장인, 숨겨진 관리비 폭탄 피하고 내 돈 아끼는 현명한 분석법",3,혼자 사는 직장인,2,혼자 사는 당신(1); 혼자 사는 직장인(2),MEDIUM,일반 수준
2026-08-08-products-auto-613b49,https://honsamnote.co.kr/blog/2026-08-08-products-auto-613b49/,1인 가구 해충 비교｜벌레 퇴치법,3,혼자 사는 당신,1,혼자 사는 당신(1); 후회 없는(1); 퇴근 후(1),MEDIUM,일반 수준
2026-08-08-safety-auto-71a5f3,https://honsamnote.co.kr/blog/2026-08-08-safety-auto-71a5f3/,"혼자 사는 당신, 빈집털이 걱정될 때? DIY 스마트 보안 시스템 vs. 전문 경비 서비스, 나에게 맞는 선택은?",3,혼자 사는 당신,1,혼자 사는 당신(1); 현명한 선택(1); 퇴근 후(1),MEDIUM,일반 수준
2026-08-08-safety-auto-84a0bd,https://honsamnote.co.kr/blog/2026-08-08-safety-auto-84a0bd/,1인 가구 가스 냄새 방법｜가스 누출,3,혼자 사는 당신,2,혼자 사는 당신(2); 퇴근 후(1),MEDIUM,일반 수준
2026-08-08-safety-auto-be207d,https://honsamnote.co.kr/blog/2026-08-08-safety-auto-be207d/,집 냄새 기준｜원인 모를 냄새,3,혼자 사는 당신,2,혼자 사는 당신(2); 퇴근 후(1),MEDIUM,일반 수준
2026-08-08-storage-auto-12975c,https://honsamnote.co.kr/blog/2026-08-08-storage-auto-12975c/,1인 가구 청소 도구 수납 알아보기｜좁은 집 청소용품 정리,3,혼자 사는 직장인,2,퇴근 후(1); 혼자 사는 직장인(2),MEDIUM,일반 수준
2026-08-08-storage-auto-15969c,https://honsamnote.co.kr/blog/2026-08-08-storage-auto-15969c/,1인 가구 옷 수납 비교｜원룸 임시 보관,3,퇴근 후,3,퇴근 후(3),MEDIUM,일반 수준
2026-08-09-cleaning-auto-117267,https://honsamnote.co.kr/blog/2026-08-09-cleaning-auto-117267/,실리콘 곰팡이 제거 알아보기｜욕실 곰팡이,3,혼자 사는 당신,1,혼자 사는 당신(1); 현실적인 방법(1); 퇴근 후(1),MEDIUM,일반 수준
2026-08-09-cleaning-auto-e21eb5,https://honsamnote.co.kr/blog/2026-08-09-cleaning-auto-e21eb5/,혼자 매트리스 청소 알아보기｜매트리스 관리법,3,현실적인 방법,1,현실적인 방법(1); 퇴근 후(1); 혼자 사는 직장인(1),MEDIUM,일반 수준
2026-08-09-housing-auto-1e381e,https://honsamnote.co.kr/blog/2026-08-09-housing-auto-1e381e/,"혼자 사는 직장인, 장기간 집 비울 때? 스마트 기기 vs 지인 vs 관리사무소, 뭘 믿어야 안심될까?",3,혼자 사는 직장인,2,현실적인 방법(1); 혼자 사는 직장인(2),MEDIUM,일반 수준
2026-08-09-products-auto-b63f8d,https://honsamnote.co.kr/blog/2026-08-09-products-auto-b63f8d/,1인 가구 옷 정리 방법｜좁은 집 옷 수납,3,혼자 사는 직장인,2,퇴근 후(1); 혼자 사는 직장인(2),MEDIUM,일반 수준
2026-08-10-cleaning-auto-6e0644,https://honsamnote.co.kr/blog/2026-08-10-cleaning-auto-6e0644/,옷 얼룩 알아보기｜얼룩 지우기,3,혼자 사는 당신,2,혼자 사는 당신(2); 퇴근 후(1),MEDIUM,일반 수준
2026-08-10-cost-auto-2c9756,https://honsamnote.co.kr/blog/2026-08-10-cost-auto-2c9756/,세탁세제 종류 비교｜액체세제,3,혼자 사는 당신,2,혼자 사는 당신(2); 퇴근 후(1),MEDIUM,일반 수준
2026-08-11-cost-auto-bf7238,https://honsamnote.co.kr/blog/2026-08-11-cost-auto-bf7238/,"혼자 사는 직장인, '오늘 뭐 먹지?' 고민에 매번 지갑 열린다면? 식비 확 줄이는 1인 가구 맞춤 식단 계획법",3,혼자 사는 직장인,2,퇴근 후(1); 혼자 사는 직장인(2),MEDIUM,일반 수준
2026-08-11-cost-auto-ff0274,https://honsamnote.co.kr/blog/2026-08-11-cost-auto-ff0274/,"혼자 사는 직장인, 매번 휴지·키친타월 살 때마다 후회된다면? 대용량 vs 소량, 현명한 선택 가이드",3,혼자 사는 직장인,2,현명한 선택(1); 혼자 사는 직장인(2),MEDIUM,일반 수준
2026-08-11-food-auto-a86ad1,https://honsamnote.co.kr/blog/2026-08-11-food-auto-a86ad1/,혼자 빵 보관 해결 방법｜식빵 냉동,3,혼자 사는 직장인,3,혼자 사는 직장인(3),MEDIUM,일반 수준
2026-08-11-products-auto-3a0a24,https://honsamnote.co.kr/blog/2026-08-11-products-auto-3a0a24/,"혼자 사는 직장인, 좁은 집에서 부피 큰 이불 빨래가 막막하다면? 코인 세탁소 vs 전문 업체, 내게 맞는 최적의 선택은?",3,혼자 사는 직장인,2,퇴근 후(1); 혼자 사는 직장인(2),MEDIUM,일반 수준
2026-08-11-storage-auto-9064d7,https://honsamnote.co.kr/blog/2026-08-11-storage-auto-9064d7/,"1인 가구 직장인, 좁은 원룸 '퇴근 후 휴식 공간' 마저 잡동사니에 잠식당한다면? '수납형 스툴/오토만 vs 이동식 트롤리' 현명하게 고르는 법 비교",3,퇴근 후,2,현실적인 방법(1); 퇴근 후(2),MEDIUM,일반 수준
2026-08-12-cleaning-auto-85acce,https://honsamnote.co.kr/blog/2026-08-12-cleaning-auto-85acce/,창문 청소 비교｜유리창 청소,3,혼자 사는 당신,1,혼자 사는 당신(1); 현실적인 방법(1); 퇴근 후(1),MEDIUM,일반 수준
2026-08-12-cost-auto-b175c0,https://honsamnote.co.kr/blog/2026-08-12-cost-auto-b175c0/,"혼자 사는 직장인, 빈방에 가구 채워 넣으려니 막막하다면? 구매 vs 렌탈, 내게 맞는 최적의 가구 선택 가이드",3,혼자 사는 직장인,3,혼자 사는 직장인(3),MEDIUM,일반 수준
2026-08-12-products-auto-6c6a4a,https://honsamnote.co.kr/blog/2026-08-12-products-auto-6c6a4a/,"혼자 사는 직장인, 퇴근 후 어두운 집, 굳이 불 켜러 가기 귀찮다면? 1인 가구 스마트 전구, 과연 나에게 필요한 최적의 선택일까?",3,혼자 사는 당신,1,혼자 사는 당신(1); 퇴근 후(1); 스마트하게(1),MEDIUM,일반 수준
2026-08-13-cost-auto-590148,https://honsamnote.co.kr/blog/2026-08-13-cost-auto-590148/,1인 가구 구독 서비스 비용 정리｜디지털 구독료 절약,3,혼자 사는 직장인,2,퇴근 후(1); 혼자 사는 직장인(2),MEDIUM,일반 수준
2026-08-13-housing-auto-0fa740,https://honsamnote.co.kr/blog/2026-08-13-housing-auto-0fa740/,"혼자 사는 직장인, 보증금 떼일까 불안하다면? 전월세 보증보험 vs 셀프 대비, 내 돈 지키는 현명한 선택 가이드",3,혼자 사는 직장인,2,퇴근 후(1); 혼자 사는 직장인(2),MEDIUM,일반 수준
2026-08-13-lifestyle-auto-8d6b5e,https://honsamnote.co.kr/blog/2026-08-13-lifestyle-auto-8d6b5e/,친구와 살기 비교｜합가 고민,3,후회 없는,1,후회 없는(1); 퇴근 후(1); 혼자 사는 직장인(1),MEDIUM,일반 수준
2026-08-13-safety-auto-dcd18d,https://honsamnote.co.kr/blog/2026-08-13-safety-auto-dcd18d/,"혼자 사는 당신, 비상식량·비상용 물, 어떻게 준비해야 할까? 시판 비상식량 키트 vs. DIY 식료품 로테이션, 나에게 맞는 안전 선택은?",3,혼자 사는 당신,3,혼자 사는 당신(3),MEDIUM,일반 수준
2026-08-14-cleaning-auto-1ca76b,https://honsamnote.co.kr/blog/2026-08-14-cleaning-auto-1ca76b/,음식물 처리 비교｜음식물 쓰레기통,3,혼자 사는 당신,3,혼자 사는 당신(3),MEDIUM,일반 수준
2026-08-14-cleaning-auto-b4a47e,https://honsamnote.co.kr/blog/2026-08-14-cleaning-auto-b4a47e/,1인 가구 청소 알아보기｜먼지 제거,3,퇴근 후,3,퇴근 후(3),MEDIUM,일반 수준
2026-08-14-food-auto-78155f,https://honsamnote.co.kr/blog/2026-08-14-food-auto-78155f/,1인 가구 단백질 비교｜참치캔,3,혼자 사는 직장인,2,퇴근 후(1); 혼자 사는 직장인(2),MEDIUM,일반 수준
2026-08-14-lifestyle-auto-e506f6,https://honsamnote.co.kr/blog/2026-08-14-lifestyle-auto-e506f6/,1인 가구 기념일 비교｜혼자 생일 보내기,3,혼자 사는 당신,1,혼자 사는 당신(1); 퇴근 후(1); 혼자 사는 직장인(1),MEDIUM,일반 수준
2026-07-30-cleaning-28,https://honsamnote.co.kr/blog/2026-07-30-cleaning-28/,빨래 쉰 냄새 제거 해결 방법｜세탁기 냄새,2,퇴근 후,1,퇴근 후(1); 스마트하게(1),LOW,일반 수준
2026-07-30-cleaning-67,https://honsamnote.co.kr/blog/2026-07-30-cleaning-67/,냉장고 냄새 방법｜냉장고 청소법,2,혼자 사는 당신,1,혼자 사는 당신(1); 퇴근 후(1),LOW,일반 수준
2026-07-30-cost-4,https://honsamnote.co.kr/blog/2026-07-30-cost-4/,"퇴근 후 지친 혼밥러, 매달 20만원 아끼는 배달비·식비 줄이는 생활 습관",2,퇴근 후,1,퇴근 후(1); 혼자 사는 직장인(1),LOW,일반 수준
2026-07-30-cost-5,https://honsamnote.co.kr/blog/2026-07-30-cost-5/,"바쁜 1인 가구 직장인, 매달 새는 돈 막으려면? 잠든 구독 서비스 깨끗하게 정리하는 3단계",2,혼자 사는 당신,1,혼자 사는 당신(1); 퇴근 후(1),LOW,일반 수준
2026-07-30-cost-70,https://honsamnote.co.kr/blog/2026-07-30-cost-70/,수도요금 폭탄 비용 정리｜누수,2,퇴근 후,1,퇴근 후(1); 혼자 사는 직장인(1),LOW,일반 수준
2026-07-30-food-10,https://honsamnote.co.kr/blog/2026-07-30-food-10/,1인 가구 식재료 해결 방법｜소분 보관,2,퇴근 후,2,퇴근 후(2),LOW,일반 수준
2026-07-30-food-14,https://honsamnote.co.kr/blog/2026-07-30-food-14/,"바쁜 1인 가구 직장인, 편의점 식사로 건강과 지갑 동시에 잡는 실전 조합",2,혼자 사는 당신,1,혼자 사는 당신(1); 퇴근 후(1),LOW,일반 수준
2026-07-30-food-16,https://honsamnote.co.kr/blog/2026-07-30-food-16/,음식물 쓰레기 처리 해결 방법｜음식물 쓰레기 줄이기,2,퇴근 후,1,퇴근 후(1); 혼자 사는 직장인(1),LOW,일반 수준
2026-07-30-products-53,https://honsamnote.co.kr/blog/2026-07-30-products-53/,음식물 쓰레기 처리 방법｜음식물처리기 종류,2,현명한 선택,1,현명한 선택(1); 퇴근 후(1),LOW,일반 수준
2026-07-30-products-54,https://honsamnote.co.kr/blog/2026-07-30-products-54/,1인 가구 전기밥솥 기준｜미니 밥솥,2,퇴근 후,1,퇴근 후(1); 혼자 사는 직장인(1),LOW,일반 수준
2026-07-30-products-58,https://honsamnote.co.kr/blog/2026-07-30-products-58/,1인 가구 청소 비용 정리｜청소대행 서비스,2,퇴근 후,1,퇴근 후(1); 혼자 사는 직장인(1),LOW,일반 수준
2026-07-30-safety-37,https://honsamnote.co.kr/blog/2026-07-30-safety-37/,1인 가구 화재 알아보기｜화재 대피 요령,2,현명한 선택,1,현명한 선택(1); 퇴근 후(1),LOW,일반 수준
2026-07-30-safety-38,https://honsamnote.co.kr/blog/2026-07-30-safety-38/,택배 개인정보 방법｜송장 처리,2,혼자 사는 당신,1,혼자 사는 당신(1); 퇴근 후(1),LOW,일반 수준
2026-07-30-safety-41,https://honsamnote.co.kr/blog/2026-07-30-safety-41/,1인 가구 안전 해결 방법｜비상연락망 만들기,2,퇴근 후,1,퇴근 후(1); 혼자 사는 직장인(1),LOW,일반 수준
2026-07-30-storage-17,https://honsamnote.co.kr/blog/2026-07-30-storage-17/,원룸 침실 분리 해결 방법｜원룸 거실 분리,2,퇴근 후,2,퇴근 후(2),LOW,일반 수준
2026-07-30-storage-19,https://honsamnote.co.kr/blog/2026-07-30-storage-19/,침대밑수납 해결 방법｜원룸수납,2,퇴근 후,1,퇴근 후(1); 1인 가구 직장인(1),LOW,일반 수준
2026-07-30-storage-21,https://honsamnote.co.kr/blog/2026-07-30-storage-21/,신발장 냄새 제거 알아보기｜신발 냄새 없애는 법,2,혼자 사는 당신,1,혼자 사는 당신(1); 퇴근 후(1),LOW,일반 수준
2026-07-30-storage-22,https://honsamnote.co.kr/blog/2026-07-30-storage-22/,"좁은 원룸 냉장고, 식재료 낭비 없이 깔끔하게 쓰는 현실 정리법",2,혼자 사는 당신,1,혼자 사는 당신(1); 퇴근 후(1),LOW,일반 수준
2026-08-01-cleaning-auto-070bfd,https://honsamnote.co.kr/blog/2026-08-01-cleaning-auto-070bfd/,1인 가구 빨래 비교｜원룸 빨래 건조,2,퇴근 후,2,퇴근 후(2),LOW,일반 수준
2026-08-01-cleaning-auto-2b8bbd,https://honsamnote.co.kr/blog/2026-08-01-cleaning-auto-2b8bbd/,옷 얼룩 제거 알아보기｜커피 얼룩,2,혼자 사는 당신,1,혼자 사는 당신(1); 혼자 사는 직장인(1),LOW,일반 수준
2026-08-01-cost-auto-4a41b3,https://honsamnote.co.kr/blog/2026-08-01-cost-auto-4a41b3/,"혼자 사는 직장인, 빨래 쌓일 때마다 한숨 나온다면? 코인 세탁방 vs. 미니 세탁기, 후회 없는 선택 가이드",2,퇴근 후,1,퇴근 후(1); 혼자 사는 직장인(1),LOW,일반 수준
2026-08-01-cost-auto-e9d2d3,https://honsamnote.co.kr/blog/2026-08-01-cost-auto-e9d2d3/,"혼자 사는 직장인, 새집 꾸밀 가전·가구, 사야 할까? 빌려야 할까? 후회 없는 결정 가이드",2,현명한 선택,1,현명한 선택(1); 혼자 사는 직장인(1),LOW,일반 수준
2026-08-01-food-auto-0ac183,https://honsamnote.co.kr/blog/2026-08-01-food-auto-0ac183/,남은 채소 보관 방법｜냉장고 야채,2,현명한 선택,1,현명한 선택(1); 퇴근 후(1),LOW,일반 수준
2026-08-01-food-auto-976f1b,https://honsamnote.co.kr/blog/2026-08-01-food-auto-976f1b/,1인 가구 식재료 알아보기｜대용량 식재료,2,퇴근 후,2,퇴근 후(2),LOW,일반 수준
2026-08-01-housing-auto-ace922,https://honsamnote.co.kr/blog/2026-08-01-housing-auto-ace922/,"혼자 사는 직장인, 살던 집 주인이 바뀌었다고 연락 왔을 때? 내 보증금 지키고 계약 유지하는 똑똑한 대처법",2,퇴근 후,1,퇴근 후(1); 혼자 사는 직장인(1),LOW,일반 수준
2026-08-01-housing-auto-bd24e0,https://honsamnote.co.kr/blog/2026-08-01-housing-auto-bd24e0/,이웃 소음 해결 알아보기｜층간소음 대처,2,퇴근 후,1,퇴근 후(1); 혼자 사는 직장인(1),LOW,일반 수준
2026-08-01-housing-auto-e11fd3,https://honsamnote.co.kr/blog/2026-08-01-housing-auto-e11fd3/,"혼자 사는 직장인, 빈집 입주 가전·가구, 새것 vs 중고 vs 렌탈! 내 생활에 맞는 똑똑한 선택 가이드",2,퇴근 후,1,퇴근 후(1); 혼자 사는 직장인(1),LOW,일반 수준
2026-08-01-housing-auto-ecfb76,https://honsamnote.co.kr/blog/2026-08-01-housing-auto-ecfb76/,"혼자 사는 직장인, 갑자기 이사 가야 할 때? 전월세 계약 중도 해지, 손해 최소화하는 현명한 대처법",2,퇴근 후,1,퇴근 후(1); 혼자 사는 직장인(1),LOW,일반 수준
2026-08-01-lifestyle-auto-ac59b7,https://honsamnote.co.kr/blog/2026-08-01-lifestyle-auto-ac59b7/,혼자 사는 직장인 관계 알아보기｜친구 약속 피로,2,혼자 사는 직장인,2,혼자 사는 직장인(2),LOW,일반 수준
2026-08-01-safety-auto-909169,https://honsamnote.co.kr/blog/2026-08-01-safety-auto-909169/,문 잠겼을 때 비용 정리｜열쇠 잃어버렸을 때,2,퇴근 후,2,퇴근 후(2),LOW,일반 수준
2026-08-01-storage-auto-387eaf,https://honsamnote.co.kr/blog/2026-08-01-storage-auto-387eaf/,1인 가구 옷 정리 해결 방법｜원룸 옷 보관,2,퇴근 후,2,퇴근 후(2),LOW,일반 수준
2026-08-01-storage-auto-662a7f,https://honsamnote.co.kr/blog/2026-08-01-storage-auto-662a7f/,1인 가구 옷 정리 해결 방법｜한 번 입은 옷,2,퇴근 후,1,퇴근 후(1); 혼자 사는 직장인(1),LOW,일반 수준
2026-08-01-storage-auto-c54f86,https://honsamnote.co.kr/blog/2026-08-01-storage-auto-c54f86/,1인 가구 액세서리 수납 비교｜원룸 가방 정리,2,혼자 사는 당신,1,혼자 사는 당신(1); 퇴근 후(1),LOW,일반 수준
2026-08-03-cost-auto-4d199c,https://honsamnote.co.kr/blog/2026-08-03-cost-auto-4d199c/,교통비 비교｜대중교통,2,퇴근 후,1,퇴근 후(1); 혼자 사는 직장인(1),LOW,일반 수준
2026-08-03-lifestyle-auto-06c5e8,https://honsamnote.co.kr/blog/2026-08-03-lifestyle-auto-06c5e8/,1인 가구 시간 활용 비교｜의무적 약속,2,퇴근 후,2,퇴근 후(2),LOW,일반 수준
2026-08-03-products-auto-1b3cc6,https://honsamnote.co.kr/blog/2026-08-03-products-auto-1b3cc6/,1인 가구 냉방 알아보기｜이동식 에어컨 장단점,2,혼자 사는 직장인,1,혼자 사는 직장인(1); 1인 가구 직장인(1),LOW,일반 수준
2026-08-03-safety-auto-75476d,https://honsamnote.co.kr/blog/2026-08-03-safety-auto-75476d/,1인 가구 지진 방법｜지진 대피 요령,2,혼자 사는 당신,2,혼자 사는 당신(2),LOW,일반 수준
2026-08-03-safety-auto-7bde55,https://honsamnote.co.kr/blog/2026-08-03-safety-auto-7bde55/,"혼자 사는 당신, 주방 화재 발생 시? 소화기 vs. 소방 담요, 나에게 더 효과적인 것은?",2,혼자 사는 당신,1,혼자 사는 당신(1); 퇴근 후(1),LOW,일반 수준
2026-08-03-storage-auto-45d4eb,https://honsamnote.co.kr/blog/2026-08-03-storage-auto-45d4eb/,1인 가구 수납 비교｜좁은 집 이불,2,퇴근 후,1,퇴근 후(1); 1인 가구 직장인(1),LOW,일반 수준
2026-08-04-cleaning-auto-123d17,https://honsamnote.co.kr/blog/2026-08-04-cleaning-auto-123d17/,옷 줄었을 때 알아보기｜옷 늘어났을 때,2,현명한 선택,1,현명한 선택(1); 퇴근 후(1),LOW,일반 수준
2026-08-04-food-auto-908ca9,https://honsamnote.co.kr/blog/2026-08-04-food-auto-908ca9/,대용량 식재료 알아보기｜잡곡 보관,2,현명한 선택,1,현명한 선택(1); 퇴근 후(1),LOW,일반 수준
2026-08-04-housing-auto-cbaa3c,https://honsamnote.co.kr/blog/2026-08-04-housing-auto-cbaa3c/,"혼자 사는 직장인, 첫 집 계약 전세 vs 월세? 내 돈 아끼는 현명한 선택 가이드",2,현실적인 방법,1,현실적인 방법(1); 혼자 사는 직장인(1),LOW,일반 수준
2026-08-04-lifestyle-auto-fd9e87,https://honsamnote.co.kr/blog/2026-08-04-lifestyle-auto-fd9e87/,혼자 사는 직장인 친구 만남 비교｜집에서 친구 초대,2,퇴근 후,2,퇴근 후(2),LOW,일반 수준
2026-08-04-products-auto-d4b4c6,https://honsamnote.co.kr/blog/2026-08-04-products-auto-d4b4c6/,1인 가구 가구 해결 방법｜좁은 집 가구,2,퇴근 후,2,퇴근 후(2),LOW,일반 수준
2026-08-05-cleaning-auto-b9c84f,https://honsamnote.co.kr/blog/2026-08-05-cleaning-auto-b9c84f/,1인 가구 창문 청소 알아보기｜원룸 창문 먼지,2,혼자 사는 당신,1,혼자 사는 당신(1); 퇴근 후(1),LOW,일반 수준
2026-08-05-cost-auto-9715f2,https://honsamnote.co.kr/blog/2026-08-05-cost-auto-9715f2/,"혼자 사는 직장인, 물값 매달 낭비 말고! 생수 vs. 정수기 vs. 필터, 내게 맞는 최적의 선택은?",2,혼자 사는 직장인,2,혼자 사는 직장인(2),LOW,일반 수준
2026-08-05-food-auto-c06744,https://honsamnote.co.kr/blog/2026-08-05-food-auto-c06744/,신선 허브 보관 해결 방법｜허브 시들지 않게,2,퇴근 후,1,퇴근 후(1); 혼자 사는 직장인(1),LOW,일반 수준
2026-08-05-safety-auto-d98bca,https://honsamnote.co.kr/blog/2026-08-05-safety-auto-d98bca/,"혼자 사는 당신, 늦은 밤 갑자기 두꺼비집이 내려가거나 콘센트에서 스파크가 튈 때: 당황하지 않고 안전하게 확인하고 대처하는 법",2,혼자 사는 당신,1,혼자 사는 당신(1); 퇴근 후(1),LOW,일반 수준
2026-08-05-storage-auto-1764b0,https://honsamnote.co.kr/blog/2026-08-05-storage-auto-1764b0/,1인 가구 옷장 알아보기｜옷장 정리 팁,2,퇴근 후,1,퇴근 후(1); 혼자 사는 직장인(1),LOW,일반 수준
2026-08-05-storage-auto-c8c36f,https://honsamnote.co.kr/blog/2026-08-05-storage-auto-c8c36f/,1인 가구 벽 수납 알아보기｜원룸 못 박기,2,퇴근 후,1,퇴근 후(1); 혼자 사는 직장인(1),LOW,일반 수준
2026-08-06-cleaning-auto-530ba0,https://honsamnote.co.kr/blog/2026-08-06-cleaning-auto-530ba0/,1인 가구 세탁 해결 방법｜옷걸이 자국,2,혼자 사는 당신,1,혼자 사는 당신(1); 퇴근 후(1),LOW,일반 수준
2026-08-06-cleaning-auto-e80db8,https://honsamnote.co.kr/blog/2026-08-06-cleaning-auto-e80db8/,"혼자 사는 당신, 냄새나는 음식물 쓰레기, 버릴까? 말릴까? 음식물처리기 vs. 간편 배출, 현명한 선택 기준",2,혼자 사는 당신,1,혼자 사는 당신(1); 퇴근 후(1),LOW,일반 수준
2026-08-06-cleaning-auto-eb5789,https://honsamnote.co.kr/blog/2026-08-06-cleaning-auto-eb5789/,세탁기 청소 주기 방법｜세탁기 냄새,2,혼자 사는 당신,2,혼자 사는 당신(2),LOW,일반 수준
2026-08-06-food-auto-75ad3e,https://honsamnote.co.kr/blog/2026-08-06-food-auto-75ad3e/,1인 가구 냉동실 알아보기｜냉동식품 보관,2,퇴근 후,1,퇴근 후(1); 혼자 사는 직장인(1),LOW,일반 수준
2026-08-06-food-auto-834b6e,https://honsamnote.co.kr/blog/2026-08-06-food-auto-834b6e/,1인가구냉동 비교｜식재료신선보관,2,현명한 선택,1,현명한 선택(1); 혼자 사는 직장인(1),LOW,일반 수준
2026-08-06-food-auto-9e2cfe,https://honsamnote.co.kr/blog/2026-08-06-food-auto-9e2cfe/,개봉 후 유통기한 알아보기｜소스 보관법,2,퇴근 후,1,퇴근 후(1); 혼자 사는 직장인(1),LOW,일반 수준
2026-08-06-housing-auto-849c13,https://honsamnote.co.kr/blog/2026-08-06-housing-auto-849c13/,"혼자 사는 직장인, 내 공간 꾸미고 싶은데 벽 손상 걱정될 때? 못 vs 무타공 인테리어, 현명하게 결정하는 법",2,혼자 사는 당신,1,혼자 사는 당신(1); 혼자 사는 직장인(1),LOW,일반 수준
2026-08-06-lifestyle-auto-dd68b0,https://honsamnote.co.kr/blog/2026-08-06-lifestyle-auto-dd68b0/,커플 모임 해결 방법｜가족 모임,2,혼자 사는 당신,2,혼자 사는 당신(2),LOW,일반 수준
2026-08-06-products-auto-9bb85c,https://honsamnote.co.kr/blog/2026-08-06-products-auto-9bb85c/,"혼자 사는 직장인, 좁은 집에 쌓인 짐 처리 난감하다면? 셀프 스토리지 vs 방문형 짐 보관 서비스, 내게 맞는 선택은?",2,퇴근 후,1,퇴근 후(1); 혼자 사는 직장인(1),LOW,일반 수준
2026-08-06-products-auto-a2fa71,https://honsamnote.co.kr/blog/2026-08-06-products-auto-a2fa71/,1인 가구 에어컨 기준｜에어컨 냄새,2,혼자 사는 당신,1,혼자 사는 당신(1); 퇴근 후(1),LOW,일반 수준
2026-08-06-products-auto-be51b1,https://honsamnote.co.kr/blog/2026-08-06-products-auto-be51b1/,1인 가구 소화기 방법｜K급 소화기,2,퇴근 후,1,퇴근 후(1); 혼자 사는 직장인(1),LOW,일반 수준
2026-08-06-safety-auto-063890,https://honsamnote.co.kr/blog/2026-08-06-safety-auto-063890/,1인 가구 식중독 기준｜혼자 살 때 아플 때,2,혼자 사는 당신,1,혼자 사는 당신(1); 퇴근 후(1),LOW,일반 수준
2026-08-06-safety-auto-425601,https://honsamnote.co.kr/blog/2026-08-06-safety-auto-425601/,물 끊김 방법｜전기 끊김,2,혼자 사는 당신,1,혼자 사는 당신(1); 퇴근 후(1),LOW,일반 수준
2026-08-06-safety-auto-5817e5,https://honsamnote.co.kr/blog/2026-08-06-safety-auto-5817e5/,1인가구 재난대비 체크리스트｜태풍 대비,2,혼자 사는 당신,1,혼자 사는 당신(1); 퇴근 후(1),LOW,일반 수준
2026-08-06-safety-auto-669f80,https://honsamnote.co.kr/blog/2026-08-06-safety-auto-669f80/,"혼자 사는 당신, 예기치 못한 사고에 재산 보호는? 일반 주택화재보험 vs. 1인 가구 맞춤 종합보험, 어떤 보험이 나에게 유리할까?",2,현실적인 방법,1,현실적인 방법(1); 퇴근 후(1),LOW,일반 수준
2026-08-06-safety-auto-8dc9e3,https://honsamnote.co.kr/blog/2026-08-06-safety-auto-8dc9e3/,"혼자 사는 당신, 스마트 기기 많아 정전에 불안하다면? 휴대용 파워뱅크 vs. UPS, 나에게 맞는 정전 대비책은?",2,혼자 사는 당신,1,혼자 사는 당신(1); 퇴근 후(1),LOW,일반 수준
2026-08-06-safety-auto-97b7d5,https://honsamnote.co.kr/blog/2026-08-06-safety-auto-97b7d5/,지갑 잃어버렸을 때 해결 방법｜신분증 분실,2,혼자 사는 당신,2,혼자 사는 당신(2),LOW,일반 수준
2026-08-06-safety-auto-9df39e,https://honsamnote.co.kr/blog/2026-08-06-safety-auto-9df39e/,1인 가구 응급 해결 방법｜혼자 살다 아플 때,2,혼자 사는 당신,1,혼자 사는 당신(1); 퇴근 후(1),LOW,일반 수준
2026-08-06-safety-auto-a5c266,https://honsamnote.co.kr/blog/2026-08-06-safety-auto-a5c266/,"혼자 사는 당신, 외출 중 갑자기 가스·누수 사고 걱정될 때? 스마트 가스 감지기 vs. 스마트 누수 센서, 나에게 맞는 원격 모니터링은?",2,혼자 사는 당신,1,혼자 사는 당신(1); 퇴근 후(1),LOW,일반 수준
2026-08-06-safety-auto-b35351,https://honsamnote.co.kr/blog/2026-08-06-safety-auto-b35351/,방문자 응대 체크리스트｜현관문,2,혼자 사는 당신,2,혼자 사는 당신(2),LOW,일반 수준
2026-08-06-storage-auto-11ba62,https://honsamnote.co.kr/blog/2026-08-06-storage-auto-11ba62/,1인 가구 수납 비교｜원룸 수납,2,현명한 선택,1,현명한 선택(1); 퇴근 후(1),LOW,일반 수준
2026-08-06-storage-auto-239c0d,https://honsamnote.co.kr/blog/2026-08-06-storage-auto-239c0d/,1인 가구 분리수거 해결 방법｜좁은 집 쓰레기,2,퇴근 후,1,퇴근 후(1); 1인 가구 직장인(1),LOW,일반 수준
2026-08-06-storage-auto-5477a3,https://honsamnote.co.kr/blog/2026-08-06-storage-auto-5477a3/,1인 가구 다림질 비교｜좁은 집 다리미,2,현명한 선택,1,현명한 선택(1); 퇴근 후(1),LOW,일반 수준
2026-08-06-storage-auto-bb011a,https://honsamnote.co.kr/blog/2026-08-06-storage-auto-bb011a/,1인 가구 대용량 구매 알아보기｜원룸 생활용품 보관,2,퇴근 후,1,퇴근 후(1); 1인 가구 직장인(1),LOW,일반 수준
2026-08-06-storage-auto-c14a3a,https://honsamnote.co.kr/blog/2026-08-06-storage-auto-c14a3a/,1인 가구 서류 정리 알아보기｜원룸 수납,2,혼자 사는 당신,1,혼자 사는 당신(1); 퇴근 후(1),LOW,일반 수준
2026-08-06-storage-auto-ddb1d8,https://honsamnote.co.kr/blog/2026-08-06-storage-auto-ddb1d8/,1인 가구 수납 해결 방법｜현관 정리,2,퇴근 후,2,퇴근 후(2),LOW,일반 수준
2026-08-06-storage-auto-ee77b8,https://honsamnote.co.kr/blog/2026-08-06-storage-auto-ee77b8/,좁은 집 알아보기｜빈 박스,2,퇴근 후,2,퇴근 후(2),LOW,일반 수준
2026-08-07-cleaning-auto-21d8af,https://honsamnote.co.kr/blog/2026-08-07-cleaning-auto-21d8af/,다림질 매트 비교｜다리미판,2,현명한 선택,1,현명한 선택(1); 1인 가구 직장인(1),LOW,일반 수준
2026-08-07-cleaning-auto-f46339,https://honsamnote.co.kr/blog/2026-08-07-cleaning-auto-f46339/,화장실 환풍기 냄새 알아보기｜환풍기 청소 주기,2,혼자 사는 당신,1,혼자 사는 당신(1); 퇴근 후(1),LOW,일반 수준
2026-08-07-food-auto-44e578,https://honsamnote.co.kr/blog/2026-08-07-food-auto-44e578/,1인 가구 식재료 알아보기｜남은 식재료 활용,2,현명한 선택,1,현명한 선택(1); 퇴근 후(1),LOW,일반 수준
2026-08-07-housing-auto-0bc6a2,https://honsamnote.co.kr/blog/2026-08-07-housing-auto-0bc6a2/,"혼자 사는 직장인, 좁은 집 짐 처치 곤란? 셀프 스토리지 vs 비우기, 내 돈 아끼는 현명한 선택 가이드",2,혼자 사는 직장인,2,혼자 사는 직장인(2),LOW,일반 수준
2026-08-07-housing-auto-baa8f0,https://honsamnote.co.kr/blog/2026-08-07-housing-auto-baa8f0/,"혼자 사는 직장인, 습한 내 방에 곰팡이가 피었다면? 덮어두지 말고 원인 찾아 건강 지키는 현실 해결책",2,퇴근 후,1,퇴근 후(1); 혼자 사는 직장인(1),LOW,일반 수준
2026-08-07-housing-auto-e33294,https://honsamnote.co.kr/blog/2026-08-07-housing-auto-e33294/,입주 하자 방법｜전월세 계약,2,퇴근 후,1,퇴근 후(1); 혼자 사는 직장인(1),LOW,일반 수준
2026-08-07-products-auto-0e769c,https://honsamnote.co.kr/blog/2026-08-07-products-auto-0e769c/,"혼자 사는 직장인, 좁은 주방 조리 기구 선택에 고민된다면? 1인 가구 인덕션 vs 휴대용 가스레인지, 내게 맞는 최적의 선택은?",2,퇴근 후,1,퇴근 후(1); 혼자 사는 직장인(1),LOW,일반 수준
2026-08-07-products-auto-d33666,https://honsamnote.co.kr/blog/2026-08-07-products-auto-d33666/,1인 가구 욕실 청소 비교｜좁은 욕실 관리,2,퇴근 후,1,퇴근 후(1); 혼자 사는 직장인(1),LOW,일반 수준
2026-08-07-safety-auto-7d0e1d,https://honsamnote.co.kr/blog/2026-08-07-safety-auto-7d0e1d/,"혼자 사는 당신, 쓰러지거나 의식 없을 때: 스마트 비상 연락 시스템 vs. 비상 키 공유, 어떤 대비책이 나에게 맞을까?",2,혼자 사는 당신,1,혼자 사는 당신(1); 퇴근 후(1),LOW,일반 수준
2026-08-07-storage-auto-18dbcb,https://honsamnote.co.kr/blog/2026-08-07-storage-auto-18dbcb/,1인 가구 자전거 비교｜원룸 자전거 보관,2,혼자 사는 당신,1,혼자 사는 당신(1); 퇴근 후(1),LOW,일반 수준
2026-08-07-storage-auto-2cdaeb,https://honsamnote.co.kr/blog/2026-08-07-storage-auto-2cdaeb/,1인 가구 신발장 비교｜좁은 현관 신발 정리,2,퇴근 후,2,퇴근 후(2),LOW,일반 수준
2026-08-07-storage-auto-3c236f,https://honsamnote.co.kr/blog/2026-08-07-storage-auto-3c236f/,1인 가구 주방 비교｜좁은 주방 수납,2,퇴근 후,1,퇴근 후(1); 혼자 사는 직장인(1),LOW,일반 수준
2026-08-07-storage-auto-4a268b,https://honsamnote.co.kr/blog/2026-08-07-storage-auto-4a268b/,좁은 집 수납 비교｜원룸 정리,2,현명한 선택,1,현명한 선택(1); 퇴근 후(1),LOW,일반 수준
2026-08-07-storage-auto-ee20dc,https://honsamnote.co.kr/blog/2026-08-07-storage-auto-ee20dc/,1인 가구 취미 용품 알아보기｜좁은 집 수납,2,퇴근 후,1,퇴근 후(1); 혼자 사는 직장인(1),LOW,일반 수준
2026-08-07-storage-auto-ffedfc,https://honsamnote.co.kr/blog/2026-08-07-storage-auto-ffedfc/,1인 가구 책 수납 알아보기｜좁은 원룸 책 정리,2,퇴근 후,1,퇴근 후(1); 1인 가구 직장인(1),LOW,일반 수준
2026-08-08-cleaning-auto-a279f2,https://honsamnote.co.kr/blog/2026-08-08-cleaning-auto-a279f2/,1인 가구 설거지 비교｜식기세척기 장단점,2,퇴근 후,2,퇴근 후(2),LOW,일반 수준
2026-08-08-cleaning-auto-e0020a,https://honsamnote.co.kr/blog/2026-08-08-cleaning-auto-e0020a/,보풀 제거 알아보기｜옷 보풀,2,혼자 사는 당신,1,혼자 사는 당신(1); 퇴근 후(1),LOW,일반 수준
2026-08-08-cleaning-auto-e6a45e,https://honsamnote.co.kr/blog/2026-08-08-cleaning-auto-e6a45e/,세탁기 냄새 알아보기｜세탁기 곰팡이,2,혼자 사는 당신,1,혼자 사는 당신(1); 퇴근 후(1),LOW,일반 수준
2026-08-08-cost-auto-123a00,https://honsamnote.co.kr/blog/2026-08-08-cost-auto-123a00/,"혼자 사는 직장인, 매달 새는 통신비 아까울 때! 메이저 vs 알뜰폰, 내게 맞는 후회 없는 선택 가이드",2,혼자 사는 직장인,2,혼자 사는 직장인(2),LOW,일반 수준
2026-08-08-cost-auto-770f4a,https://honsamnote.co.kr/blog/2026-08-08-cost-auto-770f4a/,"혼자 사는 직장인, 답답한 실내 공기, 어떻게 관리해야 할까? 공기청정기 vs 제습기 vs 환기, 내게 맞는 최적의 선택은?",2,퇴근 후,1,퇴근 후(1); 1인 가구 직장인(1),LOW,일반 수준
2026-08-08-housing-auto-8b0461,https://honsamnote.co.kr/blog/2026-08-08-housing-auto-8b0461/,"혼자 사는 직장인, 새집 입주 후 당황스러운 전기·가스·수도 명의 변경! 순서대로 해결하고 요금 폭탄 피하는 법",2,퇴근 후,1,퇴근 후(1); 혼자 사는 직장인(1),LOW,일반 수준
2026-08-08-products-auto-3477b8,https://honsamnote.co.kr/blog/2026-08-08-products-auto-3477b8/,1인 가구 공기청정기 방법｜좁은 집 공기,2,퇴근 후,2,퇴근 후(2),LOW,일반 수준
2026-08-08-products-auto-3f53f6,https://honsamnote.co.kr/blog/2026-08-08-products-auto-3f53f6/,1인 가구 공구 기준｜가정용 공구 세트,2,퇴근 후,1,퇴근 후(1); 혼자 사는 직장인(1),LOW,일반 수준
2026-08-08-safety-auto-2186aa,https://honsamnote.co.kr/blog/2026-08-08-safety-auto-2186aa/,"혼자 사는 당신, 응급상황 시 내 몸이 말 못 할 때? 비상 의료 정보 카드 vs. 스마트폰 응급 ID, 어떤 대비가 나에게 맞을까?",2,혼자 사는 당신,1,혼자 사는 당신(1); 현실적인 방법(1),LOW,일반 수준
2026-08-08-safety-auto-fcd8d6,https://honsamnote.co.kr/blog/2026-08-08-safety-auto-fcd8d6/,1인가구 응급상황 비용 정리｜늦은 밤 병원,2,혼자 사는 당신,1,혼자 사는 당신(1); 현실적인 방법(1),LOW,일반 수준
2026-08-09-safety-auto-14bba7,https://honsamnote.co.kr/blog/2026-08-09-safety-auto-14bba7/,"혼자 사는 당신, 주방이나 콘센트에서 작은 불이 났을 때: 스프레이형 간이 소화기 vs. 일반 분말 소화기, 나에게 맞는 선택은?",2,현명한 선택,1,현명한 선택(1); 혼자 사는 직장인(1),LOW,일반 수준
2026-08-09-safety-auto-eb5e4c,https://honsamnote.co.kr/blog/2026-08-09-safety-auto-eb5e4c/,1인 가구 현관문 잠김 방법｜열쇠 분실 대처,2,현실적인 방법,1,현실적인 방법(1); 퇴근 후(1),LOW,일반 수준
2026-08-10-food-auto-d3517e,https://honsamnote.co.kr/blog/2026-08-10-food-auto-d3517e/,"혼자 사는 직장인, 특정 요리 후 남은 '이색 소량 식재료' (고수, 코코넛 밀크 등): 버리지 않고 다음 끼니까지 알뜰하게 해치우는 현실 가이드",2,혼자 사는 직장인,2,혼자 사는 직장인(2),LOW,일반 수준
2026-08-10-housing-auto-4bca9b,https://honsamnote.co.kr/blog/2026-08-10-housing-auto-4bca9b/,"혼자 사는 직장인, 집주인이 내가 사는 집을 팔겠다고? 잦은 방문 요청에도 사생활 지키며 현명하게 대처하는 법",2,퇴근 후,2,퇴근 후(2),LOW,일반 수준
2026-08-10-lifestyle-auto-1dd1a3,https://honsamnote.co.kr/blog/2026-08-10-lifestyle-auto-1dd1a3/,1인 가구 긴급 연락처 알아보기｜혼자 살 때 비상 연락망,2,혼자 사는 직장인,2,혼자 사는 직장인(2),LOW,일반 수준
2026-08-10-storage-auto-0a8470,https://honsamnote.co.kr/blog/2026-08-10-storage-auto-0a8470/,1인 가구 케이블 정리 알아보기｜충전기 수납,2,퇴근 후,1,퇴근 후(1); 1인 가구 직장인(1),LOW,일반 수준
2026-08-10-storage-auto-48f5a4,https://honsamnote.co.kr/blog/2026-08-10-storage-auto-48f5a4/,좁은주방 비교｜싱글기능가전,2,퇴근 후,1,퇴근 후(1); 혼자 사는 직장인(1),LOW,일반 수준
2026-08-11-cleaning-auto-1ad691,https://honsamnote.co.kr/blog/2026-08-11-cleaning-auto-1ad691/,샤워기 헤드 청소 알아보기｜샤워기 물때,2,혼자 사는 당신,1,혼자 사는 당신(1); 퇴근 후(1),LOW,일반 수준
2026-08-11-cleaning-auto-5be420,https://honsamnote.co.kr/blog/2026-08-11-cleaning-auto-5be420/,액체 세제 비교｜캡슐 세제,2,혼자 사는 당신,1,혼자 사는 당신(1); 퇴근 후(1),LOW,일반 수준
2026-08-11-food-auto-d47a0f,https://honsamnote.co.kr/blog/2026-08-11-food-auto-d47a0f/,1인 가구 식재료 알아보기｜대용량 과일,2,현실적인 방법,2,현실적인 방법(2),LOW,일반 수준
2026-08-11-housing-auto-a2f088,https://honsamnote.co.kr/blog/2026-08-11-housing-auto-a2f088/,문제성 집 체크리스트｜전월세 계약,2,퇴근 후,1,퇴근 후(1); 혼자 사는 직장인(1),LOW,일반 수준
2026-08-11-products-auto-056afc,https://honsamnote.co.kr/blog/2026-08-11-products-auto-056afc/,"혼자 사는 직장인, 집 비울 때나 혼자 있을 때 우리 집 보안 걱정된다면? 1인 가구 홈 CCTV vs. 전문 보안 서비스, 내게 맞는 최적의 선택은?",2,퇴근 후,1,퇴근 후(1); 혼자 사는 직장인(1),LOW,일반 수준
2026-08-11-safety-auto-3045ad,https://honsamnote.co.kr/blog/2026-08-11-safety-auto-3045ad/,칼 베임 기준｜화상,2,혼자 사는 당신,1,혼자 사는 당신(1); 퇴근 후(1),LOW,일반 수준
2026-08-12-cleaning-auto-4cf6ca,https://honsamnote.co.kr/blog/2026-08-12-cleaning-auto-4cf6ca/,초파리 없애는 법 알아보기｜주방 초파리,2,혼자 사는 당신,2,혼자 사는 당신(2),LOW,일반 수준
2026-08-12-cleaning-auto-868b91,https://honsamnote.co.kr/blog/2026-08-12-cleaning-auto-868b91/,유리창 닦는법 알아보기｜창문 청소,2,현명한 선택,1,현명한 선택(1); 퇴근 후(1),LOW,일반 수준
2026-08-12-food-auto-6ed755,https://honsamnote.co.kr/blog/2026-08-12-food-auto-6ed755/,1인 가구 우유 비교｜혼자 우유,2,현명한 선택,1,현명한 선택(1); 혼자 사는 직장인(1),LOW,일반 수준
2026-08-12-products-auto-2ee7a1,https://honsamnote.co.kr/blog/2026-08-12-products-auto-2ee7a1/,"혼자 사는 직장인, 매번 장보기 번거롭고 필요한 건 깜빡한다면? 1인 가구 맞춤 구독 박스 vs 직접 장보기, 나에게 딱 맞는 선택은?",2,현명한 선택,1,현명한 선택(1); 퇴근 후(1),LOW,일반 수준
2026-08-12-products-auto-74d817,https://honsamnote.co.kr/blog/2026-08-12-products-auto-74d817/,"혼자 사는 직장인, 냉난방비 아끼고 쾌적한 실내 공기? 서큘레이터 vs. 선풍기, 나에게 딱 맞는 선택은?",2,현명한 선택,1,현명한 선택(1); 퇴근 후(1),LOW,일반 수준
2026-08-12-safety-auto-020b2f,https://honsamnote.co.kr/blog/2026-08-12-safety-auto-020b2f/,배수구 냄새 제거 방법｜싱크대 악취,2,혼자 사는 당신,1,혼자 사는 당신(1); 퇴근 후(1),LOW,일반 수준
2026-08-12-safety-auto-15ca61,https://honsamnote.co.kr/blog/2026-08-12-safety-auto-15ca61/,"혼자 사는 당신, 갑자기 정전될 때? 배터리식 비상등 vs. 충전식 자가발전/태양광 비상등, 나에게 맞는 안전 선택은?",2,혼자 사는 당신,1,혼자 사는 당신(1); 퇴근 후(1),LOW,일반 수준
2026-08-12-storage-auto-0db620,https://honsamnote.co.kr/blog/2026-08-12-storage-auto-0db620/,원룸 수납 알아보기｜자잘한 부품 정리,2,혼자 사는 당신,1,혼자 사는 당신(1); 퇴근 후(1),LOW,일반 수준
2026-08-13-cleaning-auto-7ef0d4,https://honsamnote.co.kr/blog/2026-08-13-cleaning-auto-7ef0d4/,바닥청소 추천 비교｜물걸레 청소법,2,혼자 사는 당신,2,혼자 사는 당신(2),LOW,일반 수준
2026-08-13-food-auto-4b3fa7,https://honsamnote.co.kr/blog/2026-08-13-food-auto-4b3fa7/,1인 가구 과일 비교｜신선 베리,2,혼자 사는 직장인,2,혼자 사는 직장인(2),LOW,일반 수준
2026-08-13-food-auto-f7b0fc,https://honsamnote.co.kr/blog/2026-08-13-food-auto-f7b0fc/,1인 가구 장류 해결 방법｜된장 보관법,2,퇴근 후,1,퇴근 후(1); 혼자 사는 직장인(1),LOW,일반 수준
2026-08-14-cleaning-auto-0fc7dd,https://honsamnote.co.kr/blog/2026-08-14-cleaning-auto-0fc7dd/,"혼자 사는 당신, 에어컨에서 퀴퀴한 냄새가 나고 시원하지 않다고요? 딱 20분, 필터 청소로 냉방 효율 높이고 전기료 아끼는 현실 솔루션",2,퇴근 후,2,퇴근 후(2),LOW,일반 수준
2026-08-14-food-auto-950e9e,https://honsamnote.co.kr/blog/2026-08-14-food-auto-950e9e/,혼밥러 말린 식재료 알아보기｜건조 식재료 보관,2,퇴근 후,1,퇴근 후(1); 혼자 사는 직장인(1),LOW,일반 수준
2026-08-14-products-auto-50ff5a,https://honsamnote.co.kr/blog/2026-08-14-products-auto-50ff5a/,"혼자 사는 직장인, 낮에 배송된 택배 문 앞에 쌓여 불안하다면? 1인 가구 스마트 택배함 vs 무인택배함, 내게 맞는 최적의 선택은?",2,퇴근 후,1,퇴근 후(1); 1인 가구 직장인(1),LOW,일반 수준
2026-08-14-safety-auto-f47696,https://honsamnote.co.kr/blog/2026-08-14-safety-auto-f47696/,"혼자 사는 당신, 집 열쇠를 잃어버렸을 때: 빈집털이 걱정 없이 안전하게 대처하고 우리 집 지키는 법",2,혼자 사는 당신,1,혼자 사는 당신(1); 퇴근 후(1),LOW,일반 수준
2026-08-14-storage-auto-fcf546,https://honsamnote.co.kr/blog/2026-08-14-storage-auto-fcf546/,"1인 가구 직장인, 좁은 주방 '넘쳐나는 텀블러·물병·도시락 통' 때문에 싱크대 문이 닫히지 않는다면? 깔끔하게 정리하고 위생적으로 쓰는 현실 수납법",2,퇴근 후,1,퇴근 후(1); 혼자 사는 직장인(1),LOW,일반 수준
2026-07-29-cost-1,https://honsamnote.co.kr/blog/2026-07-29-cost-1/,"월급날 한숨만? 1인 가구 직장인의 한 달 고정비, 이대로 따라 하면 무조건 줄어듭니다",1,혼자 사는 직장인,1,혼자 사는 직장인(1),LOW,일반 수준
2026-07-30-cleaning-31,https://honsamnote.co.kr/blog/2026-07-30-cleaning-31/,혼자 사는 집 청소 해결 방법｜주방 기름때 제거,1,퇴근 후,1,퇴근 후(1),LOW,일반 수준
2026-07-30-cost-7,https://honsamnote.co.kr/blog/2026-07-30-cost-7/,관리비 절약 알아보기｜관리비 줄이는 법,1,퇴근 후,1,퇴근 후(1),LOW,일반 수준
2026-07-30-food-11,https://honsamnote.co.kr/blog/2026-07-30-food-11/,식재료보관기간 해결 방법｜냉장고정리,1,퇴근 후,1,퇴근 후(1),LOW,일반 수준
2026-07-30-food-12,https://honsamnote.co.kr/blog/2026-07-30-food-12/,남은 음식 활용법 방법｜혼밥 식재료,1,퇴근 후,1,퇴근 후(1),LOW,일반 수준
2026-07-30-housing-43,https://honsamnote.co.kr/blog/2026-07-30-housing-43/,관리비 항목 알아보기｜관리비 확인법,1,1인 가구 직장인,1,1인 가구 직장인(1),LOW,일반 수준
2026-07-30-housing-46,https://honsamnote.co.kr/blog/2026-07-30-housing-46/,"이사 나가는 1인 가구, 복비·공과금 덤터기 없이 보증금 100% 안전하게 돌려받는 준비",1,퇴근 후,1,퇴근 후(1),LOW,일반 수준
2026-07-30-housing-47,https://honsamnote.co.kr/blog/2026-07-30-housing-47/,집주인수리책임 방법｜임대차계약,1,퇴근 후,1,퇴근 후(1),LOW,일반 수준
2026-07-30-housing-49,https://honsamnote.co.kr/blog/2026-07-30-housing-49/,퇴실청소 분쟁 체크리스트｜원상복구 의무,1,퇴근 후,1,퇴근 후(1),LOW,일반 수준
2026-07-30-housing-69,https://honsamnote.co.kr/blog/2026-07-30-housing-69/,보일러 고장 대처 알아보기｜보일러 수리,1,퇴근 후,1,퇴근 후(1),LOW,일반 수준
2026-07-30-safety-33,https://honsamnote.co.kr/blog/2026-07-30-safety-33/,혼자 아플 때 해결 방법｜비상약,1,혼자 사는 당신,1,혼자 사는 당신(1),LOW,일반 수준
2026-07-30-safety-39,https://honsamnote.co.kr/blog/2026-07-30-safety-39/,여성 1인 가구 안전 체크리스트｜원룸 보안,1,퇴근 후,1,퇴근 후(1),LOW,일반 수준
2026-07-30-storage-20,https://honsamnote.co.kr/blog/2026-07-30-storage-20/,1인 가구 주방 알아보기｜원룸 주방 정리,1,퇴근 후,1,퇴근 후(1),LOW,일반 수준
2026-07-31-cleaning-74,https://honsamnote.co.kr/blog/2026-07-31-cleaning-74/,세탁기 냄새 알아보기｜세탁기 청소,1,퇴근 후,1,퇴근 후(1),LOW,일반 수준
2026-07-31-housing-71,https://honsamnote.co.kr/blog/2026-07-31-housing-71/,"혼자 사는 집 고장! 집주인이 수리 미룰 때, 내 돈 아끼는 현실적인 해결 순서",1,퇴근 후,1,퇴근 후(1),LOW,일반 수준
2026-07-31-safety-72,https://honsamnote.co.kr/blog/2026-07-31-safety-72/,"장기 출장/휴가, 혼자 사는 집을 비울 때 빈집털이, 고지서 폭탄 걱정 없이 안전하게 떠나는 법",1,혼자 사는 당신,1,혼자 사는 당신(1),LOW,일반 수준
2026-08-01-cleaning-auto-48265b,https://honsamnote.co.kr/blog/2026-08-01-cleaning-auto-48265b/,1인 가구 음식물 쓰레기 방법｜음식물 쓰레기 냄새,1,혼자 사는 당신,1,혼자 사는 당신(1),LOW,일반 수준
2026-08-01-cleaning-auto-d3bef1,https://honsamnote.co.kr/blog/2026-08-01-cleaning-auto-d3bef1/,매트리스 청소 알아보기｜침대 위생,1,퇴근 후,1,퇴근 후(1),LOW,일반 수준
2026-08-01-cleaning-auto-e1e505,https://honsamnote.co.kr/blog/2026-08-01-cleaning-auto-e1e505/,벽 곰팡이 알아보기｜곰팡이 없애는 법,1,퇴근 후,1,퇴근 후(1),LOW,일반 수준
2026-08-01-cost-auto-8e14b1,https://honsamnote.co.kr/blog/2026-08-01-cost-auto-8e14b1/,"혼자 사는 직장인, 대용량 생필품/식료품, 사야 할까? 말아야 할까? 내게 맞는 구매 기준 3단계",1,혼자 사는 직장인,1,혼자 사는 직장인(1),LOW,일반 수준
2026-08-01-food-auto-8c9a71,https://honsamnote.co.kr/blog/2026-08-01-food-auto-8c9a71/,1인 가구 식용유 보관 알아보기｜식용유 유통기한,1,퇴근 후,1,퇴근 후(1),LOW,일반 수준
2026-08-01-housing-auto-1c1518,https://honsamnote.co.kr/blog/2026-08-01-housing-auto-1c1518/,"혼자 사는 직장인, 이사 갈 때 대형 폐기물 처리? 시간과 돈 아끼는 3가지 선택 비교",1,혼자 사는 당신,1,혼자 사는 당신(1),LOW,일반 수준
2026-08-01-housing-auto-c039f6,https://honsamnote.co.kr/blog/2026-08-01-housing-auto-c039f6/,전월세 계약 갱신 방법｜묵시적 갱신,1,혼자 사는 직장인,1,혼자 사는 직장인(1),LOW,일반 수준
2026-08-01-lifestyle-auto-976633,https://honsamnote.co.kr/blog/2026-08-01-lifestyle-auto-976633/,"1인 가구 직장인, '혼자라서 시간 많지?' 오해에 지쳤다면? 퇴근 후 내 시간 지키는 현명한 거절법",1,퇴근 후,1,퇴근 후(1),LOW,일반 수준
2026-08-01-products-78,https://honsamnote.co.kr/blog/2026-08-01-products-78/,1인용 밥솥 방법｜밥솥 용량,1,퇴근 후,1,퇴근 후(1),LOW,일반 수준
2026-08-01-products-auto-d180b4,https://honsamnote.co.kr/blog/2026-08-01-products-auto-d180b4/,1인 가구 해충 비교｜바퀴벌레 없애는 법,1,퇴근 후,1,퇴근 후(1),LOW,일반 수준
2026-08-01-safety-auto-0466e2,https://honsamnote.co.kr/blog/2026-08-01-safety-auto-0466e2/,"혼자 사는 당신, 집에서 갑자기 쓰러지거나 움직일 수 없을 때? 스마트 응급 호출 시스템, 나에게 정말 필요할까?",1,퇴근 후,1,퇴근 후(1),LOW,일반 수준
2026-08-01-safety-auto-4f0708,https://honsamnote.co.kr/blog/2026-08-01-safety-auto-4f0708/,"혼자 사는 당신, 늦은 밤 갑자기 정전될 때? 당황하지 않고 안전하게 대처하는 현실적인 방법",1,퇴근 후,1,퇴근 후(1),LOW,일반 수준
2026-08-01-storage-auto-39ae63,https://honsamnote.co.kr/blog/2026-08-01-storage-auto-39ae63/,1인 가구 수납 알아보기｜원룸 청소 도구 보관,1,퇴근 후,1,퇴근 후(1),LOW,일반 수준
2026-08-01-storage-auto-499287,https://honsamnote.co.kr/blog/2026-08-01-storage-auto-499287/,원룸 빨래 알아보기｜빨래 건조대,1,퇴근 후,1,퇴근 후(1),LOW,일반 수준
2026-08-01-storage-auto-4eec70,https://honsamnote.co.kr/blog/2026-08-01-storage-auto-4eec70/,1인 가구 욕실 정리 비교｜원룸 욕실 수납,1,퇴근 후,1,퇴근 후(1),LOW,일반 수준
2026-08-01-storage-auto-f1fb81,https://honsamnote.co.kr/blog/2026-08-01-storage-auto-f1fb81/,1인 가구 부피 큰 짐 알아보기｜원룸 청소기 수납,1,퇴근 후,1,퇴근 후(1),LOW,일반 수준
2026-08-03-housing-auto-5b4f05,https://honsamnote.co.kr/blog/2026-08-03-housing-auto-5b4f05/,"혼자 사는 직장인, 이사 당일 보증금 못 받을 위기? 당황 말고 내 돈 지키는 3단계 대처법",1,혼자 사는 직장인,1,혼자 사는 직장인(1),LOW,일반 수준
2026-08-03-lifestyle-auto-dfa23e,https://honsamnote.co.kr/blog/2026-08-03-lifestyle-auto-dfa23e/,혼자 명절 방법｜명절 외로움,1,혼자 사는 직장인,1,혼자 사는 직장인(1),LOW,일반 수준
2026-08-03-safety-auto-273fdf,https://honsamnote.co.kr/blog/2026-08-03-safety-auto-273fdf/,1인 가구 해충 방법｜쥐 퇴치,1,퇴근 후,1,퇴근 후(1),LOW,일반 수준
2026-08-03-storage-auto-747118,https://honsamnote.co.kr/blog/2026-08-03-storage-auto-747118/,1인 가구 주방 정리 방법｜소형 가전 수납,1,퇴근 후,1,퇴근 후(1),LOW,일반 수준
2026-08-03-storage-auto-9015de,https://honsamnote.co.kr/blog/2026-08-03-storage-auto-9015de/,작은물건수납 알아보기｜케이블정리,1,퇴근 후,1,퇴근 후(1),LOW,일반 수준
2026-08-04-lifestyle-auto-dabdf3,https://honsamnote.co.kr/blog/2026-08-04-lifestyle-auto-dabdf3/,1인 가구 방문객 해결 방법｜친구 재워주기,1,퇴근 후,1,퇴근 후(1),LOW,일반 수준
2026-08-04-safety-auto-ceca45,https://honsamnote.co.kr/blog/2026-08-04-safety-auto-ceca45/,창문 깨짐 방법｜유리 파편,1,퇴근 후,1,퇴근 후(1),LOW,일반 수준
2026-08-04-storage-auto-06061f,https://honsamnote.co.kr/blog/2026-08-04-storage-auto-06061f/,1인 가구 책상 정리 알아보기｜원룸 케이블 정리,1,퇴근 후,1,퇴근 후(1),LOW,일반 수준
2026-08-04-storage-auto-225475,https://honsamnote.co.kr/blog/2026-08-04-storage-auto-225475/,1인 가구 테이블 비교｜다용도 테이블,1,퇴근 후,1,퇴근 후(1),LOW,일반 수준
2026-08-05-housing-auto-580e50,https://honsamnote.co.kr/blog/2026-08-05-housing-auto-580e50/,"혼자 사는 직장인, 반려동물 키우고 싶은데 계약 위반 걱정? 집주인과 현명하게 합의하는 3단계",1,퇴근 후,1,퇴근 후(1),LOW,일반 수준
2026-08-05-storage-auto-d93cd5,https://honsamnote.co.kr/blog/2026-08-05-storage-auto-d93cd5/,"1인 가구 직장인, 좁은 원룸 벽면을 효율적으로 쓰고 싶다면? 페그보드 vs. 벽 선반, 내게 맞는 선택 기준 비교",1,1인 가구 직장인,1,1인 가구 직장인(1),LOW,일반 수준
2026-08-06-cleaning-auto-17f2ed,https://honsamnote.co.kr/blog/2026-08-06-cleaning-auto-17f2ed/,1인 가구 세제 기준｜세탁 세제 추천,1,퇴근 후,1,퇴근 후(1),LOW,일반 수준
2026-08-06-cleaning-auto-ba24cc,https://honsamnote.co.kr/blog/2026-08-06-cleaning-auto-ba24cc/,싱크대 막혔을 때 알아보기｜배수구 뚫는 법,1,퇴근 후,1,퇴근 후(1),LOW,일반 수준
2026-08-06-cleaning-auto-ff8d39,https://honsamnote.co.kr/blog/2026-08-06-cleaning-auto-ff8d39/,1인 가구 옷 정리 알아보기｜헌 옷 버리기,1,퇴근 후,1,퇴근 후(1),LOW,일반 수준
2026-08-06-food-auto-38c543,https://honsamnote.co.kr/blog/2026-08-06-food-auto-38c543/,혼자 사는 직장인 냉장고 냄새 알아보기｜냉장고 청소,1,퇴근 후,1,퇴근 후(1),LOW,일반 수준
2026-08-06-housing-auto-36b1cd,https://honsamnote.co.kr/blog/2026-08-06-housing-auto-36b1cd/,"혼자 사는 직장인, 이사 나갈 때 보증금 깎일까 걱정? 원상회복 범위 알고 당당하게 돌려받는 법",1,혼자 사는 직장인,1,혼자 사는 직장인(1),LOW,일반 수준
2026-08-06-housing-auto-baef02,https://honsamnote.co.kr/blog/2026-08-06-housing-auto-baef02/,바퀴벌레 퇴치 방법｜원룸 바퀴벌레,1,퇴근 후,1,퇴근 후(1),LOW,일반 수준
2026-08-06-lifestyle-auto-91c019,https://honsamnote.co.kr/blog/2026-08-06-lifestyle-auto-91c019/,혼자 사는 친구 알아보기｜결혼 육아 친구,1,혼자 사는 직장인,1,혼자 사는 직장인(1),LOW,일반 수준
2026-08-06-lifestyle-auto-bf4537,https://honsamnote.co.kr/blog/2026-08-06-lifestyle-auto-bf4537/,1인 가구 이별 알아보기｜관계 단절 회복,1,퇴근 후,1,퇴근 후(1),LOW,일반 수준
2026-08-06-products-auto-5b74f3,https://honsamnote.co.kr/blog/2026-08-06-products-auto-5b74f3/,1인 가구 소음 알아보기｜층간소음 해결,1,퇴근 후,1,퇴근 후(1),LOW,일반 수준
2026-08-06-products-auto-707d16,https://honsamnote.co.kr/blog/2026-08-06-products-auto-707d16/,1인 가구 인터넷 비용 정리｜와이파이 끊김,1,퇴근 후,1,퇴근 후(1),LOW,일반 수준
2026-08-06-safety-auto-b04dc4,https://honsamnote.co.kr/blog/2026-08-06-safety-auto-b04dc4/,배수구 막혔을 때 방법｜싱크대 역류,1,퇴근 후,1,퇴근 후(1),LOW,일반 수준
2026-08-06-safety-auto-d2f981,https://honsamnote.co.kr/blog/2026-08-06-safety-auto-d2f981/,"혼자 사는 당신, 늦은 밤 귀갓길 불안할 때? 호신용 경보기 vs. 스마트폰 호신 앱, 나에게 맞는 선택은?",1,퇴근 후,1,퇴근 후(1),LOW,일반 수준
2026-08-06-storage-auto-4e768a,https://honsamnote.co.kr/blog/2026-08-06-storage-auto-4e768a/,1인 가구 옷장 비교｜좁은 옷장 수납,1,퇴근 후,1,퇴근 후(1),LOW,일반 수준
2026-08-06-storage-auto-53c51c,https://honsamnote.co.kr/blog/2026-08-06-storage-auto-53c51c/,1인 가구 틈새 수납 비교｜초슬림 선반,1,퇴근 후,1,퇴근 후(1),LOW,일반 수준
2026-08-06-storage-auto-772373,https://honsamnote.co.kr/blog/2026-08-06-storage-auto-772373/,1인 가구 캐리어 알아보기｜좁은 원룸 수납,1,혼자 사는 당신,1,혼자 사는 당신(1),LOW,일반 수준
2026-08-06-storage-auto-ae69e9,https://honsamnote.co.kr/blog/2026-08-06-storage-auto-ae69e9/,틈새 선반 비교｜이동식 트롤리,1,퇴근 후,1,퇴근 후(1),LOW,일반 수준
2026-08-06-storage-auto-b1740f,https://honsamnote.co.kr/blog/2026-08-06-storage-auto-b1740f/,1인 가구 홈트 알아보기｜원룸 운동용품,1,퇴근 후,1,퇴근 후(1),LOW,일반 수준
2026-08-06-storage-auto-c25261,https://honsamnote.co.kr/blog/2026-08-06-storage-auto-c25261/,1인 가구 서랍 정리 비교｜서랍 칸막이,1,혼자 사는 직장인,1,혼자 사는 직장인(1),LOW,일반 수준
2026-08-06-storage-auto-d7c10d,https://honsamnote.co.kr/blog/2026-08-06-storage-auto-d7c10d/,1인 가구 수납 알아보기｜좁은 공간 수납,1,퇴근 후,1,퇴근 후(1),LOW,일반 수준
2026-08-07-cleaning-auto-5100a8,https://honsamnote.co.kr/blog/2026-08-07-cleaning-auto-5100a8/,혼자 사는 세탁 비용 정리｜드라이클리닝 대체,1,혼자 사는 직장인,1,혼자 사는 직장인(1),LOW,일반 수준
2026-08-07-cleaning-auto-c3121d,https://honsamnote.co.kr/blog/2026-08-07-cleaning-auto-c3121d/,"혼자 사는 당신, 냉장고 속 퀴퀴한 냄새와 정체불명 식재료, 1시간 만에 깨끗하게 비우고 효율적으로 채우는 현실 솔루션",1,퇴근 후,1,퇴근 후(1),LOW,일반 수준
2026-08-07-cleaning-auto-f340ae,https://honsamnote.co.kr/blog/2026-08-07-cleaning-auto-f340ae/,혼자사는직장인 냉장고 방법｜냉장고 냄새 제거,1,퇴근 후,1,퇴근 후(1),LOW,일반 수준
2026-08-07-cost-auto-7256ba,https://honsamnote.co.kr/blog/2026-08-07-cost-auto-7256ba/,"혼자 사는 직장인, 안 쓰는 대형 가구/가전 버리려니 막막하다면? 무료 수거 vs 유료 폐기, 돈 아끼는 현명한 처분 전략",1,현명한 선택,1,현명한 선택(1),LOW,일반 수준
2026-08-07-lifestyle-auto-0b115c,https://honsamnote.co.kr/blog/2026-08-07-lifestyle-auto-0b115c/,1인 가구 감정 해소 비교｜심리 상담 비용,1,혼자 사는 직장인,1,혼자 사는 직장인(1),LOW,일반 수준
2026-08-07-safety-auto-22735c,https://honsamnote.co.kr/blog/2026-08-07-safety-auto-22735c/,"혼자 사는 당신, 한밤중 반려동물 응급 상황 발생 시? 24시 동물병원 vs. 방문 진료 앱, 어떤 선택이 더 빠르고 안전할까?",1,혼자 사는 당신,1,혼자 사는 당신(1),LOW,일반 수준
2026-08-07-safety-auto-7d89fc,https://honsamnote.co.kr/blog/2026-08-07-safety-auto-7d89fc/,"혼자 사는 당신, 우리 집 복도·엘리베이터·주차장에서 수상한 사람을 마주쳤을 때: 당황하지 않고 나를 지키는 현실적인 대처법",1,퇴근 후,1,퇴근 후(1),LOW,일반 수준
2026-08-07-safety-auto-e50d7a,https://honsamnote.co.kr/blog/2026-08-07-safety-auto-e50d7a/,1인 가구 낙상 방법｜집에서 넘어졌을 때,1,퇴근 후,1,퇴근 후(1),LOW,일반 수준
2026-08-07-safety-auto-eecdaa,https://honsamnote.co.kr/blog/2026-08-07-safety-auto-eecdaa/,119_출동 비교｜혼자_살때_응급상황,1,퇴근 후,1,퇴근 후(1),LOW,일반 수준
2026-08-07-storage-auto-613d62,https://honsamnote.co.kr/blog/2026-08-07-storage-auto-613d62/,1인 가구 옷 정리 알아보기｜좁은 옷장 수납,1,퇴근 후,1,퇴근 후(1),LOW,일반 수준
2026-08-07-storage-auto-6dca4b,https://honsamnote.co.kr/blog/2026-08-07-storage-auto-6dca4b/,1인 가구 수납 알아보기｜좁은 집 정리,1,퇴근 후,1,퇴근 후(1),LOW,일반 수준
2026-08-07-storage-auto-c71b14,https://honsamnote.co.kr/blog/2026-08-07-storage-auto-c71b14/,1인 가구 수납장 방법｜원룸 옷장,1,현명한 선택,1,현명한 선택(1),LOW,일반 수준
2026-08-08-cleaning-auto-4d4ce4,https://honsamnote.co.kr/blog/2026-08-08-cleaning-auto-4d4ce4/,싱크대 냄새 제거 알아보기｜싱크대 물 빠짐,1,퇴근 후,1,퇴근 후(1),LOW,일반 수준
2026-08-08-cost-auto-c1b0b5,https://honsamnote.co.kr/blog/2026-08-08-cost-auto-c1b0b5/,"혼자 사는 직장인, 가끔 차 필요할 때마다 택시비 부담되고 대중교통 불편하다면? 카셰어링 vs 중고차 vs 렌터카, 내게 맞는 최적의 이동 수단 찾는 법",1,혼자 사는 직장인,1,혼자 사는 직장인(1),LOW,일반 수준
2026-08-08-food-auto-6f0a23,https://honsamnote.co.kr/blog/2026-08-08-food-auto-6f0a23/,1인 가구 채소 보관 알아보기｜남은 채소 활용법,1,퇴근 후,1,퇴근 후(1),LOW,일반 수준
2026-08-08-food-auto-76d24e,https://honsamnote.co.kr/blog/2026-08-08-food-auto-76d24e/,"1인 가구 직장인, 혼자 요리하고 남은 '애매한 한 끼분' 음식, 버리지 않고 다음 끼니까지 알뜰하게 즐기는 법",1,퇴근 후,1,퇴근 후(1),LOW,일반 수준
2026-08-08-housing-auto-fd6c09,https://honsamnote.co.kr/blog/2026-08-08-housing-auto-fd6c09/,1인 가구 외풍 차단 비교｜난방비 절약,1,혼자 사는 직장인,1,혼자 사는 직장인(1),LOW,일반 수준
2026-08-08-lifestyle-auto-9fe492,https://honsamnote.co.kr/blog/2026-08-08-lifestyle-auto-9fe492/,1인 가구 친구 관계 알아보기｜라이프스타일 차이,1,혼자 사는 직장인,1,혼자 사는 직장인(1),LOW,일반 수준
2026-08-08-products-auto-b03456,https://honsamnote.co.kr/blog/2026-08-08-products-auto-b03456/,1인 가구 해충 비교｜바퀴벌레 셀프 퇴치,1,퇴근 후,1,퇴근 후(1),LOW,일반 수준
2026-08-08-safety-auto-55b509,https://honsamnote.co.kr/blog/2026-08-08-safety-auto-55b509/,1인 가구 구급상자 비교｜DIY 구급상자,1,퇴근 후,1,퇴근 후(1),LOW,일반 수준
2026-08-08-safety-auto-ee80c6,https://honsamnote.co.kr/blog/2026-08-08-safety-auto-ee80c6/,천장 누수 방법｜벽 누수,1,혼자 사는 당신,1,혼자 사는 당신(1),LOW,일반 수준
2026-08-08-storage-auto-276b92,https://honsamnote.co.kr/blog/2026-08-08-storage-auto-276b92/,1인 가구 세탁 바구니 비교｜좁은 원룸 빨래통,1,퇴근 후,1,퇴근 후(1),LOW,일반 수준
2026-08-08-storage-auto-9dbb87,https://honsamnote.co.kr/blog/2026-08-08-storage-auto-9dbb87/,1인 가구 욕실 수납 알아보기｜좁은 욕실 정리,1,퇴근 후,1,퇴근 후(1),LOW,일반 수준
2026-08-08-storage-auto-fda98a,https://honsamnote.co.kr/blog/2026-08-08-storage-auto-fda98a/,1인 가구 약 수납 알아보기｜좁은 집 약 정리,1,1인 가구 직장인,1,1인 가구 직장인(1),LOW,일반 수준
2026-08-09-food-auto-937ea1,https://honsamnote.co.kr/blog/2026-08-09-food-auto-937ea1/,1인 가구 고기 보관 알아보기｜혼밥 생선 보관,1,1인 가구 직장인,1,1인 가구 직장인(1),LOW,일반 수준
2026-08-09-storage-auto-b05c4f,https://honsamnote.co.kr/blog/2026-08-09-storage-auto-b05c4f/,1인 가구 주방 수납 비교｜소형 가전 정리,1,퇴근 후,1,퇴근 후(1),LOW,일반 수준
2026-08-09-storage-auto-b54398,https://honsamnote.co.kr/blog/2026-08-09-storage-auto-b54398/,1인 가구 이불 수납 알아보기｜원룸 이불 보관,1,퇴근 후,1,퇴근 후(1),LOW,일반 수준
2026-08-10-cleaning-auto-aeb4a0,https://honsamnote.co.kr/blog/2026-08-10-cleaning-auto-aeb4a0/,1인 가구 빨래 비교｜좁은 집 빨래,1,퇴근 후,1,퇴근 후(1),LOW,일반 수준
2026-08-10-lifestyle-auto-3e13f1,https://honsamnote.co.kr/blog/2026-08-10-lifestyle-auto-3e13f1/,1인 가구 여행 알아보기｜혼자 여행,1,혼자 사는 직장인,1,혼자 사는 직장인(1),LOW,일반 수준
2026-08-10-products-auto-ea40dc,https://honsamnote.co.kr/blog/2026-08-10-products-auto-ea40dc/,1인 가구 난방 알아보기｜우풍 해결,1,혼자 사는 직장인,1,혼자 사는 직장인(1),LOW,일반 수준
2026-08-10-safety-auto-e68c91,https://honsamnote.co.kr/blog/2026-08-10-safety-auto-e68c91/,바퀴벌레 방법｜바퀴벌레 퇴치,1,퇴근 후,1,퇴근 후(1),LOW,일반 수준
2026-08-10-storage-auto-046a46,https://honsamnote.co.kr/blog/2026-08-10-storage-auto-046a46/,1인 가구 장바구니 수납 알아보기｜에코백 정리,1,퇴근 후,1,퇴근 후(1),LOW,일반 수준
2026-08-11-cleaning-auto-983cbd,https://honsamnote.co.kr/blog/2026-08-11-cleaning-auto-983cbd/,샤워기 물줄기 약함 알아보기｜샤워기 냄새,1,퇴근 후,1,퇴근 후(1),LOW,일반 수준
2026-08-11-safety-auto-d99e57,https://honsamnote.co.kr/blog/2026-08-11-safety-auto-d99e57/,"혼자 사는 당신, 갑자기 일부 전등이 나가거나 특정 콘센트가 작동 안 할 때: 당황하지 않고 안전하게 원인 파악 및 해결하는 현실적인 방법",1,퇴근 후,1,퇴근 후(1),LOW,일반 수준
2026-08-11-storage-auto-80b064,https://honsamnote.co.kr/blog/2026-08-11-storage-auto-80b064/,1인 가구 빨래 건조대 비교｜좁은 집 건조대,1,퇴근 후,1,퇴근 후(1),LOW,일반 수준
2026-08-12-food-auto-7b4cd9,https://honsamnote.co.kr/blog/2026-08-12-food-auto-7b4cd9/,1인 가구 유제품 보관 알아보기｜남은 생크림 활용,1,혼자 사는 직장인,1,혼자 사는 직장인(1),LOW,일반 수준
2026-08-12-food-auto-8fffcc,https://honsamnote.co.kr/blog/2026-08-12-food-auto-8fffcc/,1인 가구 음식 보관 비교｜음식 용기,1,퇴근 후,1,퇴근 후(1),LOW,일반 수준
2026-08-12-housing-auto-f420ec,https://honsamnote.co.kr/blog/2026-08-12-housing-auto-f420ec/,"혼자 사는 직장인, 집주인이 몰래 문 따고 들어왔다면? 내 사생활과 보증금 지키는 똑똑한 대처법",1,퇴근 후,1,퇴근 후(1),LOW,일반 수준
2026-08-12-storage-auto-1aceff,https://honsamnote.co.kr/blog/2026-08-12-storage-auto-1aceff/,1인 가구 옷장 비교｜가방 정리,1,퇴근 후,1,퇴근 후(1),LOW,일반 수준
2026-08-12-storage-auto-ec0e5a,https://honsamnote.co.kr/blog/2026-08-12-storage-auto-ec0e5a/,1인 가구 재활용 알아보기｜좁은 원룸 분리수거,1,퇴근 후,1,퇴근 후(1),LOW,일반 수준
2026-08-13-cleaning-auto-cf3699,https://honsamnote.co.kr/blog/2026-08-13-cleaning-auto-cf3699/,욕실 배수구 청소 알아보기｜배수구 막힘 방지,1,퇴근 후,1,퇴근 후(1),LOW,일반 수준
2026-08-13-products-auto-8b83e4,https://honsamnote.co.kr/blog/2026-08-13-products-auto-8b83e4/,도어락 수리 방법｜열쇠 개방,1,혼자 사는 직장인,1,혼자 사는 직장인(1),LOW,일반 수준
2026-08-13-storage-auto-545d8d,https://honsamnote.co.kr/blog/2026-08-13-storage-auto-545d8d/,1인 가구 수납 비교｜좁은 집 정리,1,퇴근 후,1,퇴근 후(1),LOW,일반 수준
2026-08-13-storage-auto-92e3bb,https://honsamnote.co.kr/blog/2026-08-13-storage-auto-92e3bb/,1인 가구 수납 알아보기｜좁은 집 수납,1,퇴근 후,1,퇴근 후(1),LOW,일반 수준
2026-08-13-storage-auto-ccc061,https://honsamnote.co.kr/blog/2026-08-13-storage-auto-ccc061/,싱크대 하부장 정리 알아보기｜세면대 하부장 수납,1,퇴근 후,1,퇴근 후(1),LOW,일반 수준
2026-08-14-cost-auto-c66395,https://honsamnote.co.kr/blog/2026-08-14-cost-auto-c66395/,난방비 절약 알아보기｜외풍,1,퇴근 후,1,퇴근 후(1),LOW,일반 수준
2026-08-14-storage-auto-8ede60,https://honsamnote.co.kr/blog/2026-08-14-storage-auto-8ede60/,좁은주방 비교｜식재료수납,1,퇴근 후,1,퇴근 후(1),LOW,일반 수준
2026-08-14-storage-auto-be0ab4,https://honsamnote.co.kr/blog/2026-08-14-storage-auto-be0ab4/,1인 가구 식사 공간 비교｜원룸 작업 공간,1,퇴근 후,1,퇴근 후(1),LOW,일반 수준
