rank,post_id,url,category,cluster,old_title,proposed_title,primary_keyword,search_intent,optimization_score,reason
1,2026-08-04-storage-auto-28ed9d,https://honsamnote.co.kr/blog/2026-08-04-storage-auto-28ed9d/,좁은 집과 수납,oneroom-storage,"1인 가구 직장인, 좁은 주방 냉장고·싱크대 주변 ‘쌓이는 식재료·간식’ 넘쳐난다면? 낭비 없이 효율적으로 수납하는 현실 가이드",1인 가구 식료품 수납 알아보기｜좁은 주방 정리,1인 가구 식료품 수납,질문형,11,"대표 키워드가 원제목에 없어 새 제목이 원래 의미와 달라질 수 있음(추가 검토 필요) → 재판정: 재판정: 제안 제목이 대표 키워드+명확한 검색의도를 포함하고, 다른 글과 충돌하지 않아 안전하게 적용 가능 [HIGH]"
2,2026-08-06-safety-auto-425601,https://honsamnote.co.kr/blog/2026-08-06-safety-auto-425601/,안전·응급상황,emergency-response,"혼자 사는 당신, 주말 저녁 갑자기 우리 집 물·전기·가스가 끊겼을 때: 당황하지 않고 원인 파악 및 해결하는 현실적인 방법",물 끊김 방법｜전기 끊김,물 끊김,방법형,11,"대표 키워드가 원제목에 없어 새 제목이 원래 의미와 달라질 수 있음(추가 검토 필요) → 재판정: 재판정: 제안 제목이 대표 키워드+명확한 검색의도를 포함하고, 다른 글과 충돌하지 않아 안전하게 적용 가능 [HIGH]"
3,2026-08-06-safety-auto-9df39e,https://honsamnote.co.kr/blog/2026-08-06-safety-auto-9df39e/,안전·응급상황,emergency-response,"혼자 사는 당신, 집에서 갑자기 심각한 응급 증상이 나타났을 때: 119 신고부터 응급실 도착 전까지 대처법",1인 가구 응급 해결 방법｜혼자 살다 아플 때,1인 가구 응급,문제해결형,11,"대표 키워드가 원제목에 없어 새 제목이 원래 의미와 달라질 수 있음(추가 검토 필요) → 재판정: 재판정: 제안 제목이 대표 키워드+명확한 검색의도를 포함하고, 다른 글과 충돌하지 않아 안전하게 적용 가능 [HIGH]"
4,2026-08-06-storage-auto-c25261,https://honsamnote.co.kr/blog/2026-08-06-storage-auto-c25261/,좁은 집과 수납,oneroom-storage,"1인 가구 직장인, 좁은 집 서랍 속 '잃어버린 물건' 찾다 시간 다 보낸다면? 칸막이형 vs 낱개 수납 용기, 현명하게 고르는 법",1인 가구 서랍 정리 비교｜서랍 칸막이,1인 가구 서랍 정리,비교형,11,"대표 키워드가 원제목에 없어 새 제목이 원래 의미와 달라질 수 있음(추가 검토 필요) → 재판정: 재판정: 제안 제목이 대표 키워드+명확한 검색의도를 포함하고, 다른 글과 충돌하지 않아 안전하게 적용 가능 [HIGH]"
5,2026-08-07-safety-auto-86e30d,https://honsamnote.co.kr/blog/2026-08-07-safety-auto-86e30d/,안전·응급상황,emergency-response,"혼자 사는 당신, 갑자기 아프거나 다쳐 집 밖을 나갈 수 없을 때: 끼니부터 약까지, 당황하지 않고 생활을 유지하는 현실적인 대처법",혼자 살 때 아플 때 해결 방법｜아플 때 식사,혼자 살 때 아플 때,문제해결형,11,"대표 키워드가 원제목에 없어 새 제목이 원래 의미와 달라질 수 있음(추가 검토 필요) → 재판정: 재판정: 제안 제목이 대표 키워드+명확한 검색의도를 포함하고, 다른 글과 충돌하지 않아 안전하게 적용 가능 [HIGH]"
6,2026-08-07-storage-auto-3c236f,https://honsamnote.co.kr/blog/2026-08-07-storage-auto-3c236f/,좁은 집과 수납,oneroom-storage,"1인 가구 직장인, 좁은 주방에 쌓여가는 식료품 더미! 팬트리장 vs. 오픈 선반, 현명하게 고르는 법 비교",1인 가구 주방 비교｜좁은 주방 수납,1인 가구 주방,비교형,11,"대표 키워드가 원제목에 없어 새 제목이 원래 의미와 달라질 수 있음(추가 검토 필요) → 재판정: 재판정: 제안 제목이 대표 키워드+명확한 검색의도를 포함하고, 다른 글과 충돌하지 않아 안전하게 적용 가능 [HIGH]"
7,2026-08-08-safety-auto-985515,https://honsamnote.co.kr/blog/2026-08-08-safety-auto-985515/,안전·응급상황,emergency-response,"혼자 사는 당신, 우리 집 천장/벽에서 갑자기 물이 뚝뚝 샐 때: 당황하지 않고 원인 파악 및 안전하게 대처하는 현실적인 방법",혼자 사는 집 누수 방법｜아파트 누수,혼자 사는 집 누수,방법형,11,"대표 키워드가 원제목에 없어 새 제목이 원래 의미와 달라질 수 있음(추가 검토 필요) → 재판정: 재판정: 제안 제목이 대표 키워드+명확한 검색의도를 포함하고, 다른 글과 충돌하지 않아 안전하게 적용 가능 [HIGH]"
8,2026-08-13-storage-auto-92e3bb,https://honsamnote.co.kr/blog/2026-08-13-storage-auto-92e3bb/,좁은 집과 수납,oneroom-storage,"1인 가구 직장인, 좁은 집 싱크대 밑·욕실 수납장 속 '각종 세제·리필팩' 때문에 어지럽다면? 깔끔하게 정리하고 바로 찾아 쓰는 현실 수납법",1인 가구 수납 알아보기｜좁은 집 수납,1인 가구 수납,질문형,11,"대표 키워드가 원제목에 없어 새 제목이 원래 의미와 달라질 수 있음(추가 검토 필요) → 재판정: 재판정: 제안 제목이 대표 키워드+명확한 검색의도를 포함하고, 다른 글과 충돌하지 않아 안전하게 적용 가능 [HIGH]"
9,2026-08-01-storage-auto-c54f86,https://honsamnote.co.kr/blog/2026-08-01-storage-auto-c54f86/,좁은 집과 수납,oneroom-storage,"1인 가구 직장인, 방바닥 어지럽히는 가방·모자·벨트! '걸이형 vs 칸막이형' 내게 맞는 액세서리 수납법 비교",1인 가구 액세서리 수납 비교｜원룸 가방 정리,1인 가구 액세서리 수납,비교형,10.8,"대표 키워드가 원제목에 없어 새 제목이 원래 의미와 달라질 수 있음(추가 검토 필요) → 재판정: 재판정: 제안 제목이 대표 키워드+명확한 검색의도를 포함하고, 다른 글과 충돌하지 않아 안전하게 적용 가능 [HIGH]"
10,2026-08-04-storage-auto-225475,https://honsamnote.co.kr/blog/2026-08-04-storage-auto-225475/,좁은 집과 수납,oneroom-storage,"1인 가구 직장인, 좁은 원룸 '식사-업무' 공간이 애매하다면? 다용도 vs 고정형 테이블, 내게 맞는 선택 기준 비교",1인 가구 테이블 비교｜다용도 테이블,1인 가구 테이블,비교형,10.8,"대표 키워드가 원제목에 없어 새 제목이 원래 의미와 달라질 수 있음(추가 검토 필요) → 재판정: 재판정: 제안 제목이 대표 키워드+명확한 검색의도를 포함하고, 다른 글과 충돌하지 않아 안전하게 적용 가능 [HIGH]"
11,2026-08-07-storage-auto-4a268b,https://honsamnote.co.kr/blog/2026-08-07-storage-auto-4a268b/,좁은 집과 수납,oneroom-storage,"1인 가구 직장인, 좁은 집 '잡동사니 수납'에 고민이라면? 패브릭 수납함 vs 투명 플라스틱 박스, 내게 맞는 선택 기준 비교",좁은 집 수납 비교｜원룸 정리,좁은 집 수납,비교형,10.8,"대표 키워드가 원제목에 없어 새 제목이 원래 의미와 달라질 수 있음(추가 검토 필요) → 재판정: 재판정: 제안 제목이 대표 키워드+명확한 검색의도를 포함하고, 다른 글과 충돌하지 않아 안전하게 적용 가능 [HIGH]"
12,2026-08-08-safety-auto-fcd8d6,https://honsamnote.co.kr/blog/2026-08-08-safety-auto-fcd8d6/,안전·응급상황,emergency-response,"혼자 사는 당신, 늦은 밤/주말 갑자기 아플 때: 응급실은 부담스럽고 일반 병원은 닫았을 때, 현명하게 병원 찾고 이동하는 법",1인가구 응급상황 비용 정리｜늦은 밤 병원,1인가구 응급상황,비용형,10.8,"대표 키워드가 원제목에 없어 새 제목이 원래 의미와 달라질 수 있음(추가 검토 필요) → 재판정: 재판정: 제안 제목이 대표 키워드+명확한 검색의도를 포함하고, 다른 글과 충돌하지 않아 안전하게 적용 가능 [HIGH]"
13,2026-08-13-safety-auto-6b585a,https://honsamnote.co.kr/blog/2026-08-13-safety-auto-6b585a/,안전·응급상황,emergency-response,"혼자 사는 당신, 늦은 밤 옆집/윗집에서 ‘쿵’ 또는 ‘악’ 하는 이상한 소리가 들려올 때: 단순 소음인지 위험 신호인지 판단하고 안전하게 대처하는 법",1인 가구 이웃 소음 기준｜밤늦은 소리,1인 가구 이웃 소음,판단형,10.8,"대표 키워드가 원제목에 없어 새 제목이 원래 의미와 달라질 수 있음(추가 검토 필요) → 재판정: 재판정: 제안 제목이 대표 키워드+명확한 검색의도를 포함하고, 다른 글과 충돌하지 않아 안전하게 적용 가능 [HIGH]"
14,2026-08-13-storage-auto-ccc061,https://honsamnote.co.kr/blog/2026-08-13-storage-auto-ccc061/,좁은 집과 수납,oneroom-storage,"1인 가구 직장인, 좁은 집 싱크대/세면대 하부장이 '정리 안 되는 블랙홀'이라면? 배관 피해 깔끔하게 숨기고 효율적으로 쓰는 현실 수납법",싱크대 하부장 정리 알아보기｜세면대 하부장 수납,싱크대 하부장 정리,질문형,10.8,"대표 키워드가 원제목에 없어 새 제목이 원래 의미와 달라질 수 있음(추가 검토 필요) → 재판정: 재판정: 제안 제목이 대표 키워드+명확한 검색의도를 포함하고, 다른 글과 충돌하지 않아 안전하게 적용 가능 [HIGH]"
15,2026-08-03-storage-auto-45d4eb,https://honsamnote.co.kr/blog/2026-08-03-storage-auto-45d4eb/,좁은 집과 수납,oneroom-storage,"1인 가구 직장인, 계절 바뀔 때마다 쌓이는 이불! 압축팩 vs 부직포 수납함, 현명하게 고르는 보관법 비교",1인 가구 수납 비교｜좁은 집 이불,1인 가구 수납,비교형,10.6,"대표 키워드가 원제목에 없어 새 제목이 원래 의미와 달라질 수 있음(추가 검토 필요) → 재판정: 재판정: 제안 제목이 대표 키워드+명확한 검색의도를 포함하고, 다른 글과 충돌하지 않아 안전하게 적용 가능 [HIGH]"
16,2026-08-04-storage-auto-06061f,https://honsamnote.co.kr/blog/2026-08-04-storage-auto-06061f/,좁은 집과 수납,oneroom-storage,"1인 가구 직장인, 좁은 책상 위 '전자기기 케이블 지옥'이라면? 깔끔한 '스마트 충전 스테이션' 만드는 현실 수납법",1인 가구 책상 정리 알아보기｜원룸 케이블 정리,1인 가구 책상 정리,질문형,10.6,"대표 키워드가 원제목에 없어 새 제목이 원래 의미와 달라질 수 있음(추가 검토 필요) → 재판정: 재판정: 제안 제목이 대표 키워드+명확한 검색의도를 포함하고, 다른 글과 충돌하지 않아 안전하게 적용 가능 [HIGH]"
17,2026-08-06-safety-auto-063890,https://honsamnote.co.kr/blog/2026-08-06-safety-auto-063890/,안전·응급상황,emergency-response,"혼자 사는 당신, 주말 밤 갑자기 음식 중독 증상이 나타났을 때: 응급처치부터 병원 방문 판단 기준까지",1인 가구 식중독 기준｜혼자 살 때 아플 때,1인 가구 식중독,판단형,10.6,"대표 키워드가 원제목에 없어 새 제목이 원래 의미와 달라질 수 있음(추가 검토 필요) → 재판정: 재판정: 제안 제목이 대표 키워드+명확한 검색의도를 포함하고, 다른 글과 충돌하지 않아 안전하게 적용 가능 [HIGH]"
18,2026-08-06-safety-auto-b04dc4,https://honsamnote.co.kr/blog/2026-08-06-safety-auto-b04dc4/,안전·응급상황,emergency-response,"혼자 사는 당신, 욕실/주방 배수구가 갑자기 막혀 물이 역류할 때: 당황하지 않고 안전하게 막고 해결하는 현실적인 방법",배수구 막혔을 때 방법｜싱크대 역류,배수구 막혔을 때,방법형,10.6,"대표 키워드가 원제목에 없어 새 제목이 원래 의미와 달라질 수 있음(추가 검토 필요) → 재판정: 재판정: 제안 제목이 대표 키워드+명확한 검색의도를 포함하고, 다른 글과 충돌하지 않아 안전하게 적용 가능 [HIGH]"
19,2026-08-06-storage-auto-53c51c,https://honsamnote.co.kr/blog/2026-08-06-storage-auto-53c51c/,좁은 집과 수납,oneroom-storage,"1인 가구 직장인, 좁은 틈새 공간, 버려두기 아깝다면? '초슬림 틈새 선반' vs '모듈형 스택킹 수납', 현명하게 고르는 법 비교",1인 가구 틈새 수납 비교｜초슬림 선반,1인 가구 틈새 수납,비교형,10.6,"대표 키워드가 원제목에 없어 새 제목이 원래 의미와 달라질 수 있음(추가 검토 필요) → 재판정: 재판정: 제안 제목이 대표 키워드+명확한 검색의도를 포함하고, 다른 글과 충돌하지 않아 안전하게 적용 가능 [HIGH]"
20,2026-08-06-storage-auto-d7c10d,https://honsamnote.co.kr/blog/2026-08-06-storage-auto-d7c10d/,좁은 집과 수납,oneroom-storage,"1인 가구 직장인, 좁은 원룸 '어딘가 어중간한 물건'에 발 걸린다면? 버려지는 틈새 공간, 숨은 수납력으로 바꾸는 현실 가이드",1인 가구 수납 알아보기｜좁은 공간 수납,1인 가구 수납,질문형,10.6,"대표 키워드가 원제목에 없어 새 제목이 원래 의미와 달라질 수 있음(추가 검토 필요) → 재판정: 재판정: 제안 제목이 대표 키워드+명확한 검색의도를 포함하고, 다른 글과 충돌하지 않아 안전하게 적용 가능 [HIGH]"
21,2026-08-07-storage-auto-b02bd8,https://honsamnote.co.kr/blog/2026-08-07-storage-auto-b02bd8/,좁은 집과 수납,oneroom-storage,"1인 가구 직장인, 좁은 원룸 책상·선반 위 '쓸데없는 작은 소품들' 때문에 눈이 어지럽다면? '비움'과 '효율적인 진열'로 깔끔하게 쓰는 현실 수납법",1인 가구 소품 알아보기｜원룸 소품 정리,1인 가구 소품,질문형,10.6,"대표 키워드가 원제목에 없어 새 제목이 원래 의미와 달라질 수 있음(추가 검토 필요) → 재판정: 재판정: 제안 제목이 대표 키워드+명확한 검색의도를 포함하고, 다른 글과 충돌하지 않아 안전하게 적용 가능 [HIGH]"
22,2026-08-08-storage-auto-15969c,https://honsamnote.co.kr/blog/2026-08-08-storage-auto-15969c/,좁은 집과 수납,oneroom-storage,"1인 가구 직장인, 퇴근 후 벗어놓은 옷·가방, 좁은 원룸 임시 보관 어디에 할지 막막하다면? 이동식 행거 vs. 벽걸이 후크, 내게 맞는 선택 기준 비교",1인 가구 옷 수납 비교｜원룸 임시 보관,1인 가구 옷 수납,비교형,10.6,"대표 키워드가 원제목에 없어 새 제목이 원래 의미와 달라질 수 있음(추가 검토 필요) → 재판정: 재판정: 제안 제목이 대표 키워드+명확한 검색의도를 포함하고, 다른 글과 충돌하지 않아 안전하게 적용 가능 [HIGH]"
23,2026-08-09-storage-auto-b54398,https://honsamnote.co.kr/blog/2026-08-09-storage-auto-b54398/,좁은 집과 수납,oneroom-storage,"1인 가구 직장인, 좁은 원룸 '부피 큰 계절 이불' 어디에 보관해야 할지 막막하다면? 손상 없이 깔끔하게 보관하는 현실 수납법",1인 가구 이불 수납 알아보기｜원룸 이불 보관,1인 가구 이불 수납,질문형,10.6,"대표 키워드가 원제목에 없어 새 제목이 원래 의미와 달라질 수 있음(추가 검토 필요) → 재판정: 재판정: 제안 제목이 대표 키워드+명확한 검색의도를 포함하고, 다른 글과 충돌하지 않아 안전하게 적용 가능 [HIGH]"
24,2026-08-12-safety-auto-52e6c7,https://honsamnote.co.kr/blog/2026-08-12-safety-auto-52e6c7/,안전·응급상황,emergency-response,"혼자 사는 당신, 주방/침실 화재 경보기가 갑자기 울릴 때: 당황하지 않고 안전하게 오작동 확인 및 대처하는 현실적인 방법",혼자 화재 경보기 방법｜화재 경보기 오작동,혼자 화재 경보기,방법형,10.6,"대표 키워드가 원제목에 없어 새 제목이 원래 의미와 달라질 수 있음(추가 검토 필요) → 재판정: 재판정: 제안 제목이 대표 키워드+명확한 검색의도를 포함하고, 다른 글과 충돌하지 않아 안전하게 적용 가능 [HIGH]"
25,2026-08-12-storage-auto-0db620,https://honsamnote.co.kr/blog/2026-08-12-storage-auto-0db620/,좁은 집과 수납,oneroom-storage,"1인 가구 직장인, 좁은 집 서랍 속 '조립 가구 남은 부품·자잘한 수리 용품' 때문에 어지럽다면? 깔끔하게 정리하고 필요할 때 바로 찾아 쓰는 현실 수납법",원룸 수납 알아보기｜자잘한 부품 정리,원룸 수납,질문형,10.6,"대표 키워드가 원제목에 없어 새 제목이 원래 의미와 달라질 수 있음(추가 검토 필요) → 재판정: 재판정: 제안 제목이 대표 키워드+명확한 검색의도를 포함하고, 다른 글과 충돌하지 않아 안전하게 적용 가능 [HIGH]"
26,2026-08-14-storage-auto-be0ab4,https://honsamnote.co.kr/blog/2026-08-14-storage-auto-be0ab4/,좁은 집과 수납,oneroom-storage,"1인 가구 직장인, 좁은 원룸 '식사·작업 공간' 부족하다면? 접이식 가구 vs 변신형 가구, 현명하게 고르는 법 비교",1인 가구 식사 공간 비교｜원룸 작업 공간,1인 가구 식사 공간,비교형,10.6,"대표 키워드가 원제목에 없어 새 제목이 원래 의미와 달라질 수 있음(추가 검토 필요) → 재판정: 재판정: 제안 제목이 대표 키워드+명확한 검색의도를 포함하고, 다른 글과 충돌하지 않아 안전하게 적용 가능 [HIGH]"
27,2026-08-01-cleaning-auto-b67a07,https://honsamnote.co.kr/blog/2026-08-01-cleaning-auto-b67a07/,청소·세탁·집안일,laundry-clothing,"혼자 사는 직장인, 대형 이불·겨울 외투 빨래? 코인 빨래방 vs 전문 세탁 서비스, 현명한 선택 기준",1인 가구 세탁 비교｜대형 이불 세탁,1인 가구 세탁,비교형,10.53,"대표 키워드가 원제목에 없어 새 제목이 원래 의미와 달라질 수 있음(추가 검토 필요) → 재판정: 재판정: 제안 제목이 대표 키워드+명확한 검색의도를 포함하고, 다른 글과 충돌하지 않아 안전하게 적용 가능 [HIGH]"
28,2026-08-06-cleaning-auto-07ebe3,https://honsamnote.co.kr/blog/2026-08-06-cleaning-auto-07ebe3/,청소·세탁·집안일,laundry-clothing,"혼자 사는 당신, 건조기 돌릴 때마다 정전기·건조 시간 불만? 건조 시트 vs. 드라이볼, 후회 없는 선택 기준",건조기 정전기 비교｜건조 시간 단축,건조기 정전기,비교형,10.53,"대표 키워드가 원제목에 없어 새 제목이 원래 의미와 달라질 수 있음(추가 검토 필요) → 재판정: 재판정: 제안 제목이 대표 키워드+명확한 검색의도를 포함하고, 다른 글과 충돌하지 않아 안전하게 적용 가능 [HIGH]"
29,2026-08-04-safety-auto-ceca45,https://honsamnote.co.kr/blog/2026-08-04-safety-auto-ceca45/,안전·응급상황,emergency-response,"혼자 사는 당신, 갑자기 창문이 깨졌을 때? 날카로운 위험과 침입 걱정 없이 안전하게 대처하는 법",창문 깨짐 방법｜유리 파편,창문 깨짐,방법형,10.5,"대표 키워드가 원제목에 없어 새 제목이 원래 의미와 달라질 수 있음(추가 검토 필요) → 재판정: 재판정: 제안 제목이 대표 키워드+명확한 검색의도를 포함하고, 다른 글과 충돌하지 않아 안전하게 적용 가능 [HIGH]"
30,2026-08-05-storage-auto-c8c36f,https://honsamnote.co.kr/blog/2026-08-05-storage-auto-c8c36f/,좁은 집과 수납,oneroom-storage,"1인 가구 직장인, 좁은 집에 못 박기 망설인다면? 벽 뚫지 않고 '숨은 공간' 활용하는 현실 수납법",1인 가구 벽 수납 알아보기｜원룸 못 박기,1인 가구 벽 수납,질문형,10.4,"대표 키워드가 원제목에 없어 새 제목이 원래 의미와 달라질 수 있음(추가 검토 필요) → 재판정: 재판정: 제안 제목이 대표 키워드+명확한 검색의도를 포함하고, 다른 글과 충돌하지 않아 안전하게 적용 가능 [HIGH]"
31,2026-08-06-safety-auto-5817e5,https://honsamnote.co.kr/blog/2026-08-06-safety-auto-5817e5/,안전·응급상황,emergency-response,"혼자 사는 당신, 태풍·호우·강풍 예보가 떴을 때: 갑작스러운 재해에 우리 집을 안전하게 지키는 현실적인 방법",1인가구 재난대비 체크리스트｜태풍 대비,1인가구 재난대비,체크형,10.4,"대표 키워드가 원제목에 없어 새 제목이 원래 의미와 달라질 수 있음(추가 검토 필요) → 재판정: 재판정: 제안 제목이 대표 키워드+명확한 검색의도를 포함하고, 다른 글과 충돌하지 않아 안전하게 적용 가능 [HIGH]"
32,2026-08-06-safety-auto-b35351,https://honsamnote.co.kr/blog/2026-08-06-safety-auto-b35351/,안전·응급상황,emergency-response,"혼자 사는 당신, 예상치 못한 방문자가 '점검왔다'며 현관문을 두드릴 때: 신분 확인부터 안전한 응대까지 현실적인 대처법",방문자 응대 체크리스트｜현관문,방문자 응대,체크형,10.4,"대표 키워드가 원제목에 없어 새 제목이 원래 의미와 달라질 수 있음(추가 검토 필요) → 재판정: 재판정: 제안 제목이 대표 키워드+명확한 검색의도를 포함하고, 다른 글과 충돌하지 않아 안전하게 적용 가능 [HIGH]"
33,2026-08-06-storage-auto-19a86d,https://honsamnote.co.kr/blog/2026-08-06-storage-auto-19a86d/,좁은 집과 수납,oneroom-storage,"1인 가구 직장인, 좁은 원룸 '새 가구' 하나 들여도 수납 고민이라면? '다기능 수납 가구' 똑똑하게 고르는 현실 가이드",1인 가구 수납 가구 알아보기｜좁은 원룸 가구,1인 가구 수납 가구,질문형,10.4,"대표 키워드가 원제목에 없어 새 제목이 원래 의미와 달라질 수 있음(추가 검토 필요) → 재판정: 재판정: 제안 제목이 대표 키워드+명확한 검색의도를 포함하고, 다른 글과 충돌하지 않아 안전하게 적용 가능 [HIGH]"
34,2026-08-06-storage-auto-bb011a,https://honsamnote.co.kr/blog/2026-08-06-storage-auto-bb011a/,좁은 집과 수납,oneroom-storage,"1인 가구 직장인, 대용량 생활용품 좁은 집에 쌓아두다 발 디딜 틈 없다면? 똑똑하게 수납하고 현명하게 비축하는 현실 가이드",1인 가구 대용량 구매 알아보기｜원룸 생활용품 보관,1인 가구 대용량 구매,질문형,10.4,"대표 키워드가 원제목에 없어 새 제목이 원래 의미와 달라질 수 있음(추가 검토 필요) → 재판정: 재판정: 제안 제목이 대표 키워드+명확한 검색의도를 포함하고, 다른 글과 충돌하지 않아 안전하게 적용 가능 [HIGH]"
35,2026-08-06-storage-auto-c14a3a,https://honsamnote.co.kr/blog/2026-08-06-storage-auto-c14a3a/,좁은 집과 수납,oneroom-storage,"1인 가구 직장인, 중요한 서류와 영수증이 책상 위에 쌓여 답답하다면? 좁은 원룸 '종이 쓰레기' 없이 깔끔하게 보관하는 현실 수납법",1인 가구 서류 정리 알아보기｜원룸 수납,1인 가구 서류 정리,질문형,10.4,"대표 키워드가 원제목에 없어 새 제목이 원래 의미와 달라질 수 있음(추가 검토 필요) → 재판정: 재판정: 제안 제목이 대표 키워드+명확한 검색의도를 포함하고, 다른 글과 충돌하지 않아 안전하게 적용 가능 [HIGH]"
36,2026-08-07-safety-auto-580f1f,https://honsamnote.co.kr/blog/2026-08-07-safety-auto-580f1f/,안전·응급상황,emergency-response,"혼자 사는 당신, 갑자기 심한 알레르기 반응이 나타났을 때: 증상 확인부터 응급처치, 병원 판단 기준까지",1인 가구 알레르기 기준｜혼자 알레르기,1인 가구 알레르기,판단형,10.4,"대표 키워드가 원제목에 없어 새 제목이 원래 의미와 달라질 수 있음(추가 검토 필요) → 재판정: 재판정: 제안 제목이 대표 키워드+명확한 검색의도를 포함하고, 다른 글과 충돌하지 않아 안전하게 적용 가능 [HIGH]"
37,2026-08-07-storage-auto-c71b14,https://honsamnote.co.kr/blog/2026-08-07-storage-auto-c71b14/,좁은 집과 수납,oneroom-storage,"1인 가구 직장인, 좁은 원룸 '기본 수납공간' 없어 늘 어지럽다면? 첫 번째 대형 수납 가구 현명하게 고르는 법",1인 가구 수납장 방법｜원룸 옷장,1인 가구 수납장,방법형,10.4,"대표 키워드가 원제목에 없어 새 제목이 원래 의미와 달라질 수 있음(추가 검토 필요) → 재판정: 재판정: 제안 제목이 대표 키워드+명확한 검색의도를 포함하고, 다른 글과 충돌하지 않아 안전하게 적용 가능 [HIGH]"
38,2026-08-07-storage-auto-ee20dc,https://honsamnote.co.kr/blog/2026-08-07-storage-auto-ee20dc/,좁은 집과 수납,oneroom-storage,"1인 가구 직장인, 좁은 집에 '쌓여가는 취미 용품' 때문에 스트레스라면? 깔끔하게 정리하고 몰입하며 즐기는 현실 수납법",1인 가구 취미 용품 알아보기｜좁은 집 수납,1인 가구 취미 용품,질문형,10.4,"대표 키워드가 원제목에 없어 새 제목이 원래 의미와 달라질 수 있음(추가 검토 필요) → 재판정: 재판정: 제안 제목이 대표 키워드+명확한 검색의도를 포함하고, 다른 글과 충돌하지 않아 안전하게 적용 가능 [HIGH]"
39,2026-08-07-storage-auto-ffedfc,https://honsamnote.co.kr/blog/2026-08-07-storage-auto-ffedfc/,좁은 집과 수납,oneroom-storage,"1인 가구 직장인, 쌓여가는 책 때문에 좁은 원룸이 답답하다면? '이것'부터 확인하고 책 수납 최적화하는 현실 가이드",1인 가구 책 수납 알아보기｜좁은 원룸 책 정리,1인 가구 책 수납,질문형,10.4,"대표 키워드가 원제목에 없어 새 제목이 원래 의미와 달라질 수 있음(추가 검토 필요) → 재판정: 재판정: 제안 제목이 대표 키워드+명확한 검색의도를 포함하고, 다른 글과 충돌하지 않아 안전하게 적용 가능 [HIGH]"
40,2026-08-08-storage-auto-276b92,https://honsamnote.co.kr/blog/2026-08-08-storage-auto-276b92/,좁은 집과 수납,oneroom-storage,"1인 가구 직장인, 좁은 원룸 '세탁물 더미' 발에 채이고 지저분하다면? '고정형 vs 접이식 vs 다용도 세탁 바구니' 현명하게 고르는 법 비교",1인 가구 세탁 바구니 비교｜좁은 원룸 빨래통,1인 가구 세탁 바구니,비교형,10.4,"대표 키워드가 원제목에 없어 새 제목이 원래 의미와 달라질 수 있음(추가 검토 필요) → 재판정: 재판정: 제안 제목이 대표 키워드+명확한 검색의도를 포함하고, 다른 글과 충돌하지 않아 안전하게 적용 가능 [HIGH]"
41,2026-08-08-storage-auto-fda98a,https://honsamnote.co.kr/blog/2026-08-08-storage-auto-fda98a/,좁은 집과 수납,oneroom-storage,"1인 가구 직장인, 좁은 집에 '비상약 상자' 어디에 둬야 할지 막막하다면? 응급 상황에 찾기 쉽고 깔끔하게 보관하는 현실 수납법",1인 가구 약 수납 알아보기｜좁은 집 약 정리,1인 가구 약 수납,질문형,10.4,"대표 키워드가 원제목에 없어 새 제목이 원래 의미와 달라질 수 있음(추가 검토 필요) → 재판정: 재판정: 제안 제목이 대표 키워드+명확한 검색의도를 포함하고, 다른 글과 충돌하지 않아 안전하게 적용 가능 [HIGH]"
42,2026-08-11-storage-auto-80b064,https://honsamnote.co.kr/blog/2026-08-11-storage-auto-80b064/,좁은 집과 수납,oneroom-storage,"1인 가구 직장인, 좁은 원룸 빨래 건조대가 '거실 한가운데 애물단지'라면? '이동식 vs 접이식 vs 벽걸이' 현명하게 고르고 깔끔하게 쓰는 현실 수납법",1인 가구 빨래 건조대 비교｜좁은 집 건조대,1인 가구 빨래 건조대,비교형,10.4,"대표 키워드가 원제목에 없어 새 제목이 원래 의미와 달라질 수 있음(추가 검토 필요) → 재판정: 재판정: 제안 제목이 대표 키워드+명확한 검색의도를 포함하고, 다른 글과 충돌하지 않아 안전하게 적용 가능 [HIGH]"
43,2026-08-12-safety-auto-020b2f,https://honsamnote.co.kr/blog/2026-08-12-safety-auto-020b2f/,안전·응급상황,emergency-response,"혼자 사는 당신, 욕실이나 주방 배수구에서 갑자기 악취가 올라올 때: 당황하지 않고 원인 파악부터 위생적으로 해결하는 현실적인 방법",배수구 냄새 제거 방법｜싱크대 악취,배수구 냄새 제거,방법형,10.4,"대표 키워드가 원제목에 없어 새 제목이 원래 의미와 달라질 수 있음(추가 검토 필요) → 재판정: 재판정: 제안 제목이 대표 키워드+명확한 검색의도를 포함하고, 다른 글과 충돌하지 않아 안전하게 적용 가능 [HIGH]"
44,2026-08-12-storage-auto-ec0e5a,https://honsamnote.co.kr/blog/2026-08-12-storage-auto-ec0e5a/,좁은 집과 수납,oneroom-storage,"1인 가구 직장인, 좁은 원룸 '넘쳐나는 재활용 쓰레기'에 발 디딜 틈 없다면? 깔끔하게 분리하고 스트레스 없이 배출하는 현실 수납법",1인 가구 재활용 알아보기｜좁은 원룸 분리수거,1인 가구 재활용,질문형,10.4,"대표 키워드가 원제목에 없어 새 제목이 원래 의미와 달라질 수 있음(추가 검토 필요) → 재판정: 재판정: 제안 제목이 대표 키워드+명확한 검색의도를 포함하고, 다른 글과 충돌하지 않아 안전하게 적용 가능 [HIGH]"
45,2026-08-13-safety-auto-c86e8c,https://honsamnote.co.kr/blog/2026-08-13-safety-auto-c86e8c/,안전·응급상황,emergency-response,"혼자 사는 당신, 갑자기 집이 흔들리거나 건물 전체 비상벨이 울릴 때: 지진인지, 건물 문제인지 당황하지 않고 판단하고 안전하게 대처하는 법",집 흔들림 기준｜지진 대처,집 흔들림,판단형,10.4,"대표 키워드가 원제목에 없어 새 제목이 원래 의미와 달라질 수 있음(추가 검토 필요) → 재판정: 재판정: 제안 제목이 대표 키워드+명확한 검색의도를 포함하고, 다른 글과 충돌하지 않아 안전하게 적용 가능 [HIGH]"
46,2026-08-13-storage-auto-545d8d,https://honsamnote.co.kr/blog/2026-08-13-storage-auto-545d8d/,좁은 집과 수납,oneroom-storage,"1인 가구 직장인, 좁은 책상·협탁 위 '자주 쓰는 잡동사니' 때문에 눈이 어지럽다면? '고정형 vs 벽걸이형' 현명하게 고르고 깔끔하게 쓰는 현실 수납법",1인 가구 수납 비교｜좁은 집 정리,1인 가구 수납,비교형,10.4,"대표 키워드가 원제목에 없어 새 제목이 원래 의미와 달라질 수 있음(추가 검토 필요) → 재판정: 재판정: 제안 제목이 대표 키워드+명확한 검색의도를 포함하고, 다른 글과 충돌하지 않아 안전하게 적용 가능 [HIGH]"
47,2026-08-01-lifestyle-auto-f56796,https://honsamnote.co.kr/blog/2026-08-01-lifestyle-auto-f56796/,관계·고립·생활 리듬,loneliness-isolation,"1인 가구 직장인, 퇴근 후 적막한 집에 활기를 더하고 싶다면? AI 스피커 vs. 미니 반려동물, 나에게 맞는 선택 가이드",혼자 사는 집 비교｜퇴근 후 루틴,혼자 사는 집,비교형,10.27,"대표 키워드가 원제목에 없어 새 제목이 원래 의미와 달라질 수 있음(추가 검토 필요) → 재판정: 재판정: 제안 제목이 대표 키워드+명확한 검색의도를 포함하고, 다른 글과 충돌하지 않아 안전하게 적용 가능 [HIGH]"
48,2026-08-03-lifestyle-auto-06c5e8,https://honsamnote.co.kr/blog/2026-08-03-lifestyle-auto-06c5e8/,관계·고립·생활 리듬,loneliness-isolation,"혼자 사는 직장인, '혼자 있는 시간 = 외로운 시간' 착각에 지쳤다면? '의무적 약속' vs. '계획된 고요', 나에게 맞는 시간 활용법",1인 가구 시간 활용 비교｜의무적 약속,1인 가구 시간 활용,비교형,10.27,"대표 키워드가 원제목에 없어 새 제목이 원래 의미와 달라질 수 있음(추가 검토 필요) → 재판정: 재판정: 제안 제목이 대표 키워드+명확한 검색의도를 포함하고, 다른 글과 충돌하지 않아 안전하게 적용 가능 [HIGH]"
49,2026-08-07-safety-auto-0d1c1b,https://honsamnote.co.kr/blog/2026-08-07-safety-auto-0d1c1b/,안전·응급상황,emergency-response,"혼자 사는 당신, 인터넷 공유기(라우터) 해킹이 의심될 때 개인 정보를 지키는 현실적인 방법",인터넷 공유기 해킹 방법｜라우터 보안,인터넷 공유기 해킹,방법형,10.2,"대표 키워드가 원제목에 없어 새 제목이 원래 의미와 달라질 수 있음(추가 검토 필요) → 재판정: 재판정: 제안 제목이 대표 키워드+명확한 검색의도를 포함하고, 다른 글과 충돌하지 않아 안전하게 적용 가능 [HIGH]"
50,2026-08-01-lifestyle-auto-ac59b7,https://honsamnote.co.kr/blog/2026-08-01-lifestyle-auto-ac59b7/,관계·고립·생활 리듬,loneliness-isolation,"혼자 사는 직장인, 피곤할 때 친구 약속 '괜찮다' 말하고 후회한다면? 최적의 소셜 에너지 관리법",혼자 사는 직장인 관계 알아보기｜친구 약속 피로,혼자 사는 직장인 관계,질문형,10.17,"대표 키워드가 원제목에 없어 새 제목이 원래 의미와 달라질 수 있음(추가 검토 필요) → 재판정: 재판정: 제안 제목이 대표 키워드+명확한 검색의도를 포함하고, 다른 글과 충돌하지 않아 안전하게 적용 가능 [HIGH]"
51,2026-08-08-cleaning-auto-e0020a,https://honsamnote.co.kr/blog/2026-08-08-cleaning-auto-e0020a/,청소·세탁·집안일,laundry-clothing,"혼자 사는 당신, 세탁 후에도 옷에 지저분한 보풀이 덕지덕지? 10분 만에 새 옷처럼 깔끔하게 되돌리는 현실 솔루션",보풀 제거 알아보기｜옷 보풀,보풀 제거,질문형,10.13,"대표 키워드가 원제목에 없어 새 제목이 원래 의미와 달라질 수 있음(추가 검토 필요) → 재판정: 재판정: 제안 제목이 대표 키워드+명확한 검색의도를 포함하고, 다른 글과 충돌하지 않아 안전하게 적용 가능 [HIGH]"
52,2026-08-01-storage-auto-4eec70,https://honsamnote.co.kr/blog/2026-08-01-storage-auto-4eec70/,좁은 집과 수납,oneroom-storage,"바쁜 1인 가구 직장인, 좁은 욕실 물건 쌓여 답답하다면? '우리 집'에 맞는 수납 솔루션 찾는 비교 가이드",1인 가구 욕실 정리 비교｜원룸 욕실 수납,1인 가구 욕실 정리,비교형,10.1,"대표 키워드가 원제목에 없어 새 제목이 원래 의미와 달라질 수 있음(추가 검토 필요) → 재판정: 재판정: 제안 제목이 대표 키워드+명확한 검색의도를 포함하고, 다른 글과 충돌하지 않아 안전하게 적용 가능 [HIGH]"
53,2026-08-06-cleaning-auto-ff8d39,https://honsamnote.co.kr/blog/2026-08-06-cleaning-auto-ff8d39/,청소·세탁·집안일,laundry-clothing,"혼자 사는 당신, 옷장 터지기 일보 직전? 헌 옷 깔끔하게 비우고 돈까지 버는 현실 가이드",1인 가구 옷 정리 알아보기｜헌 옷 버리기,1인 가구 옷 정리,질문형,10.03,"대표 키워드가 원제목에 없어 새 제목이 원래 의미와 달라질 수 있음(추가 검토 필요) → 재판정: 재판정: 제안 제목이 대표 키워드+명확한 검색의도를 포함하고, 다른 글과 충돌하지 않아 안전하게 적용 가능 [HIGH]"
54,2026-08-06-cost-auto-177634,https://honsamnote.co.kr/blog/2026-08-06-cost-auto-177634/,생활비 최적화,general-living-cost,"혼자 사는 직장인, 매달 드라이클리닝 비용 부담될 때! 집에서 세탁 vs 전문 업체, 후회 없이 결정하는 법",1인 가구 드라이클리닝 비교｜드라이클리닝 비용,1인 가구 드라이클리닝,비교형,10,"대표 키워드가 원제목에 없어 새 제목이 원래 의미와 달라질 수 있음(추가 검토 필요) → 재판정: 재판정: 제안 제목이 대표 키워드+명확한 검색의도를 포함하고, 다른 글과 충돌하지 않아 안전하게 적용 가능 [HIGH]"
55,2026-08-06-cost-auto-3826dd,https://honsamnote.co.kr/blog/2026-08-06-cost-auto-3826dd/,생활비 최적화,general-living-cost,"혼자 사는 직장인, 불안한 우리 집 보안, 돈 들이지 않고 강화할 수 있을까? 스마트 도어락 vs CCTV vs 보안 서비스, 현명한 선택 가이드",1인 가구 보안 비교｜스마트 도어락,1인 가구 보안,비교형,10,"대표 키워드가 원제목에 없어 새 제목이 원래 의미와 달라질 수 있음(추가 검토 필요) → 재판정: 재판정: 제안 제목이 대표 키워드+명확한 검색의도를 포함하고, 다른 글과 충돌하지 않아 안전하게 적용 가능 [HIGH]"
56,2026-08-06-cost-auto-bf984a,https://honsamnote.co.kr/blog/2026-08-06-cost-auto-bf984a/,생활비 최적화,general-living-cost,"혼자 사는 직장인, 매일 식비는 줄이고 싶지만 요리할 시간은 부족하다면? 에어프라이어 vs 전자레인지, 후회 없이 결정하는 법",1인 가구 식비 절약 비교｜에어프라이어 구매,1인 가구 식비 절약,비교형,10,"대표 키워드가 원제목에 없어 새 제목이 원래 의미와 달라질 수 있음(추가 검토 필요) → 재판정: 재판정: 제안 제목이 대표 키워드+명확한 검색의도를 포함하고, 다른 글과 충돌하지 않아 안전하게 적용 가능 [HIGH]"
57,2026-08-07-cost-auto-811cef,https://honsamnote.co.kr/blog/2026-08-07-cost-auto-811cef/,생활비 최적화,general-living-cost,"혼자 사는 직장인, 매일 쓰는 일회용품 쌓일 때마다 낭비 같아서 불안하다면? 다회용품 vs 일회용품, 내게 맞는 최적의 선택 기준",일회용품 줄이기 비교｜다회용품 선택,일회용품 줄이기,비교형,10,"대표 키워드가 원제목에 없어 새 제목이 원래 의미와 달라질 수 있음(추가 검토 필요) → 재판정: 재판정: 제안 제목이 대표 키워드+명확한 검색의도를 포함하고, 다른 글과 충돌하지 않아 안전하게 적용 가능 [HIGH]"
58,2026-08-07-cost-auto-d674a8,https://honsamnote.co.kr/blog/2026-08-07-cost-auto-d674a8/,생활비 최적화,general-living-cost,"혼자 사는 직장인, 빨래 말리는 공간 없어 한숨만 나온다면? 건조기 vs 건조대, 나에게 맞는 후회 없는 선택 가이드",1인 가구 빨래 비교｜건조기 추천,1인 가구 빨래,비교형,10,"대표 키워드가 원제목에 없어 새 제목이 원래 의미와 달라질 수 있음(추가 검토 필요) → 재판정: 재판정: 제안 제목이 대표 키워드+명확한 검색의도를 포함하고, 다른 글과 충돌하지 않아 안전하게 적용 가능 [HIGH]"
59,2026-08-07-storage-auto-18dbcb,https://honsamnote.co.kr/blog/2026-08-07-storage-auto-18dbcb/,좁은 집과 수납,oneroom-storage,"1인 가구 직장인, 좁은 원룸 '애물단지' 자전거! 벽걸이 vs 스탠드, 현명하게 고르는 법",1인 가구 자전거 비교｜원룸 자전거 보관,1인 가구 자전거,비교형,10,"대표 키워드가 원제목에 없어 새 제목이 원래 의미와 달라질 수 있음(추가 검토 필요) → 재판정: 재판정: 제안 제목이 대표 키워드+명확한 검색의도를 포함하고, 다른 글과 충돌하지 않아 안전하게 적용 가능 [HIGH]"
60,2026-08-10-cost-auto-78f79c,https://honsamnote.co.kr/blog/2026-08-10-cost-auto-78f79c/,생활비 최적화,general-living-cost,"혼자 사는 직장인, 집에 사소한 고장 났을 때! 직접 고치기 vs 전문가 부르기, 비용 아끼는 현명한 선택은?",1인 가구 집 수리 비교｜자가 수리 비용,1인 가구 집 수리,비교형,10,"대표 키워드가 원제목에 없어 새 제목이 원래 의미와 달라질 수 있음(추가 검토 필요) → 재판정: 재판정: 제안 제목이 대표 키워드+명확한 검색의도를 포함하고, 다른 글과 충돌하지 않아 안전하게 적용 가능 [HIGH]"
61,2026-08-10-cost-auto-88aeb7,https://honsamnote.co.kr/blog/2026-08-10-cost-auto-88aeb7/,생활비 최적화,general-living-cost,"혼자 사는 직장인, 요리할 때마다 가스 요금 걱정된다면? 인덕션 vs 하이라이트 vs 가스레인지, 내게 맞는 주방 에너지 선택 가이드",1인 가구 주방 비교｜전기레인지 추천,1인 가구 주방,비교형,10,"대표 키워드가 원제목에 없어 새 제목이 원래 의미와 달라질 수 있음(추가 검토 필요) → 재판정: 재판정: 제안 제목이 대표 키워드+명확한 검색의도를 포함하고, 다른 글과 충돌하지 않아 안전하게 적용 가능 [HIGH]"
62,2026-08-01-cleaning-auto-e1e505,https://honsamnote.co.kr/blog/2026-08-01-cleaning-auto-e1e505/,청소·세탁·집안일,bathroom-cleaning,"혼자 사는 당신, 어느새 벽에 번진 검은 곰팡이? 1시간 만에 완벽 제거하고 재발 막는 현실 솔루션",벽 곰팡이 알아보기｜곰팡이 없애는 법,벽 곰팡이,질문형,9.93,"대표 키워드가 원제목에 없어 새 제목이 원래 의미와 달라질 수 있음(추가 검토 필요) → 재판정: 재판정: 제안 제목이 대표 키워드+명확한 검색의도를 포함하고, 다른 글과 충돌하지 않아 안전하게 적용 가능 [HIGH]"
63,2026-08-07-cleaning-auto-ef484e,https://honsamnote.co.kr/blog/2026-08-07-cleaning-auto-ef484e/,청소·세탁·집안일,laundry-clothing,"혼자 사는 당신, 찝찝한 베개와 이불, 언제 어떻게 빨아야 할까요? 수면의 질을 높이는 침구류 세탁/관리 현실 가이드",1인 가구 침구 세탁 알아보기｜베개 세탁 주기,1인 가구 침구 세탁,질문형,9.93,"대표 키워드가 원제목에 없어 새 제목이 원래 의미와 달라질 수 있음(추가 검토 필요) → 재판정: 재판정: 제안 제목이 대표 키워드+명확한 검색의도를 포함하고, 다른 글과 충돌하지 않아 안전하게 적용 가능 [HIGH]"
64,2026-08-09-cleaning-auto-117267,https://honsamnote.co.kr/blog/2026-08-09-cleaning-auto-117267/,청소·세탁·집안일,bathroom-cleaning,"혼자 사는 당신, 샤워 후 곰팡이 핀 욕실 실리콘에 눈살 찌푸린다고요? 딱 30분, 검은 곰팡이 싹 잡고 새것처럼 되돌리는 현실 솔루션",실리콘 곰팡이 제거 알아보기｜욕실 곰팡이,실리콘 곰팡이 제거,질문형,9.93,"대표 키워드가 원제목에 없어 새 제목이 원래 의미와 달라질 수 있음(추가 검토 필요) → 재판정: 재판정: 제안 제목이 대표 키워드+명확한 검색의도를 포함하고, 다른 글과 충돌하지 않아 안전하게 적용 가능 [HIGH]"
65,2026-08-03-safety-auto-75476d,https://honsamnote.co.kr/blog/2026-08-03-safety-auto-75476d/,안전·응급상황,emergency-response,"혼자 사는 당신, 갑자기 지진이 났을 때 당황하지 않고 안전하게 대피하는 현실적인 방법",1인 가구 지진 방법｜지진 대피 요령,1인 가구 지진,방법형,9.9,"대표 키워드가 원제목에 없어 새 제목이 원래 의미와 달라질 수 있음(추가 검토 필요) → 재판정: 재판정: 제안 제목이 대표 키워드+명확한 검색의도를 포함하고, 다른 글과 충돌하지 않아 안전하게 적용 가능 [HIGH]"
66,2026-08-01-lifestyle-auto-29922b,https://honsamnote.co.kr/blog/2026-08-01-lifestyle-auto-29922b/,관계·고립·생활 리듬,loneliness-isolation,"혼자 살던 직장인, 외로움과 관리비 앞에 흔들린다면? 하우스메이트 vs. 완전한 독립, 나에게 맞는 선택 기준",혼자 사는 삶 비교｜하우스메이트 장단점,혼자 사는 삶,비교형,9.87,"대표 키워드가 원제목에 없어 새 제목이 원래 의미와 달라질 수 있음(추가 검토 필요) → 재판정: 재판정: 제안 제목이 대표 키워드+명확한 검색의도를 포함하고, 다른 글과 충돌하지 않아 안전하게 적용 가능 [HIGH]"
67,2026-08-07-cleaning-auto-e52e72,https://honsamnote.co.kr/blog/2026-08-07-cleaning-auto-e52e72/,청소·세탁·집안일,laundry-clothing,"혼자 사는 당신, 퀘퀘한 커튼 먼지 냄새? 좁은 집에서도 쾌적하게 만드는 현실적인 세탁·청소법",커튼 먼지 제거 알아보기｜커튼 세탁 주기,커튼 먼지 제거,질문형,9.83,"대표 키워드가 원제목에 없어 새 제목이 원래 의미와 달라질 수 있음(추가 검토 필요) → 재판정: 재판정: 제안 제목이 대표 키워드+명확한 검색의도를 포함하고, 다른 글과 충돌하지 않아 안전하게 적용 가능 [HIGH]"
68,2026-08-01-cost-auto-9c7467,https://honsamnote.co.kr/blog/2026-08-01-cost-auto-9c7467/,생활비 최적화,general-living-cost,"혼자 사는 직장인, 매달 옷값으로 새는 돈 아까울 때! 충동구매 줄이고 '스마트 쇼핑'으로 옷장 최적화하는 법",혼자 사는 직장인 옷 방법｜옷값 절약,혼자 사는 직장인 옷,방법형,9.8,"대표 키워드가 원제목에 없어 새 제목이 원래 의미와 달라질 수 있음(추가 검토 필요) → 재판정: 재판정: 제안 제목이 대표 키워드+명확한 검색의도를 포함하고, 다른 글과 충돌하지 않아 안전하게 적용 가능 [HIGH]"
69,2026-08-03-cost-auto-749379,https://honsamnote.co.kr/blog/2026-08-03-cost-auto-749379/,생활비 최적화,general-living-cost,"혼자 사는 직장인, 집에 인터넷 꼭 설치해야 할까? 모바일 데이터 vs 광랜, 후회 없는 결정 가이드",1인 가구 인터넷 비교｜모바일 핫스팟,1인 가구 인터넷,비교형,9.8,"대표 키워드가 원제목에 없어 새 제목이 원래 의미와 달라질 수 있음(추가 검토 필요) → 재판정: 재판정: 제안 제목이 대표 키워드+명확한 검색의도를 포함하고, 다른 글과 충돌하지 않아 안전하게 적용 가능 [HIGH]"
70,2026-08-06-cost-auto-9d0ea4,https://honsamnote.co.kr/blog/2026-08-06-cost-auto-9d0ea4/,생활비 최적화,general-living-cost,"혼자 사는 직장인, 밤마다 불청객 때문에 잠 못 이룬다면? DIY 해충 박멸 vs 전문 방역 서비스, 후회 없이 결정하는 법",1인 가구 해충 비교｜해충 박멸 비용,1인 가구 해충,비교형,9.8,"대표 키워드가 원제목에 없어 새 제목이 원래 의미와 달라질 수 있음(추가 검토 필요) → 재판정: 재판정: 제안 제목이 대표 키워드+명확한 검색의도를 포함하고, 다른 글과 충돌하지 않아 안전하게 적용 가능 [HIGH]"
71,2026-08-07-cleaning-auto-27a7fe,https://honsamnote.co.kr/blog/2026-08-07-cleaning-auto-27a7fe/,청소·세탁·집안일,kitchen-cleaning,"혼자 사는 당신, 매일 쓰는 주방 행주 위생 고민? 일회용 행주 vs. 재사용 행주, 현명한 선택 기준",1인 가구 행주 비교｜일회용 행주,1인 가구 행주,비교형,9.8,"대표 키워드가 원제목에 없어 새 제목이 원래 의미와 달라질 수 있음(추가 검토 필요) → 재판정: 재판정: 제안 제목이 대표 키워드+명확한 검색의도를 포함하고, 다른 글과 충돌하지 않아 안전하게 적용 가능 [HIGH]"
72,2026-08-07-cleaning-auto-cb5dfe,https://honsamnote.co.kr/blog/2026-08-07-cleaning-auto-cb5dfe/,청소·세탁·집안일,kitchen-cleaning,"혼자 사는 당신, 오븐 속 끈적한 기름때와 탄 자국? 퇴근 후 30분, 새것처럼 되돌리는 초간단 청소법",혼자 사는 오븐 청소 알아보기｜오븐 찌든 때,혼자 사는 오븐 청소,질문형,9.8,"대표 키워드가 원제목에 없어 새 제목이 원래 의미와 달라질 수 있음(추가 검토 필요) → 재판정: 재판정: 제안 제목이 대표 키워드+명확한 검색의도를 포함하고, 다른 글과 충돌하지 않아 안전하게 적용 가능 [HIGH]"
73,2026-08-13-cost-auto-b1e536,https://honsamnote.co.kr/blog/2026-08-13-cost-auto-b1e536/,생활비 최적화,general-living-cost,"혼자 사는 직장인, 사소한 집안일에 매번 공구 빌리기 번거롭다면? 멀티 공구 세트 구매 vs 필요할 때마다 대여/전문가 부르기, 후회 없는 선택 가이드",1인 가구 공구 비교｜멀티 공구 세트,1인 가구 공구,비교형,9.8,"대표 키워드가 원제목에 없어 새 제목이 원래 의미와 달라질 수 있음(추가 검토 필요) → 재판정: 재판정: 제안 제목이 대표 키워드+명확한 검색의도를 포함하고, 다른 글과 충돌하지 않아 안전하게 적용 가능 [HIGH]"
74,2026-08-07-cleaning-auto-f46339,https://honsamnote.co.kr/blog/2026-08-07-cleaning-auto-f46339/,청소·세탁·집안일,bathroom-cleaning,"혼자 사는 당신, 화장실 환풍기에서 퀴퀴한 냄새? 15분 만에 쾌적한 욕실 만드는 초간단 청소법",화장실 환풍기 냄새 알아보기｜환풍기 청소 주기,화장실 환풍기 냄새,질문형,9.73,"대표 키워드가 원제목에 없어 새 제목이 원래 의미와 달라질 수 있음(추가 검토 필요) → 재판정: 재판정: 제안 제목이 대표 키워드+명확한 검색의도를 포함하고, 다른 글과 충돌하지 않아 안전하게 적용 가능 [HIGH]"
75,2026-08-06-storage-auto-5477a3,https://honsamnote.co.kr/blog/2026-08-06-storage-auto-5477a3/,좁은 집과 수납,oneroom-storage,"좁은 원룸, 매번 다림질에 한숨 쉬는 1인 가구라면? '다리미판 vs 스팀다리미' 현명하게 고르는 법",1인 가구 다림질 비교｜좁은 집 다리미,1인 가구 다림질,비교형,9.7,"대표 키워드가 원제목에 없어 새 제목이 원래 의미와 달라질 수 있음(추가 검토 필요) → 재판정: 재판정: 제안 제목이 대표 키워드+명확한 검색의도를 포함하고, 다른 글과 충돌하지 않아 안전하게 적용 가능 [HIGH]"
76,2026-08-06-lifestyle-auto-bf4537,https://honsamnote.co.kr/blog/2026-08-06-lifestyle-auto-bf4537/,관계·고립·생활 리듬,loneliness-isolation,"혼자 사는 직장인, 갑작스러운 이별에 무너진 일상과 공허함? 나만의 회복 루틴으로 다시 서는 현실 가이드",1인 가구 이별 알아보기｜관계 단절 회복,1인 가구 이별,질문형,9.67,"대표 키워드가 원제목에 없어 새 제목이 원래 의미와 달라질 수 있음(추가 검토 필요) → 재판정: 재판정: 제안 제목이 대표 키워드+명확한 검색의도를 포함하고, 다른 글과 충돌하지 않아 안전하게 적용 가능 [HIGH]"
77,2026-08-07-lifestyle-auto-0b115c,https://honsamnote.co.kr/blog/2026-08-07-lifestyle-auto-0b115c/,관계·고립·생활 리듬,loneliness-isolation,"혼자 사는 직장인, 혼자 끙끙 앓는 마음의 짐? 전문 상담 vs. 익명 커뮤니티, 나에게 맞는 감정 해소법",1인 가구 감정 해소 비교｜심리 상담 비용,1인 가구 감정 해소,비교형,9.67,"대표 키워드가 원제목에 없어 새 제목이 원래 의미와 달라질 수 있음(추가 검토 필요) → 재판정: 재판정: 제안 제목이 대표 키워드+명확한 검색의도를 포함하고, 다른 글과 충돌하지 않아 안전하게 적용 가능 [HIGH]"
78,2026-08-07-lifestyle-auto-6d2617,https://honsamnote.co.kr/blog/2026-08-07-lifestyle-auto-6d2617/,관계·고립·생활 리듬,loneliness-isolation,"혼자 사는 직장인, 외로움에 반려동물 입양 고민한다면? 충동 구매 막고 후회 없는 결정을 위한 현실 가이드",1인가구 반려동물 알아보기｜반려동물 입양,1인가구 반려동물,질문형,9.67,"대표 키워드가 원제목에 없어 새 제목이 원래 의미와 달라질 수 있음(추가 검토 필요) → 재판정: 재판정: 제안 제목이 대표 키워드+명확한 검색의도를 포함하고, 다른 글과 충돌하지 않아 안전하게 적용 가능 [HIGH]"
79,2026-08-08-lifestyle-auto-83e6d5,https://honsamnote.co.kr/blog/2026-08-08-lifestyle-auto-83e6d5/,관계·고립·생활 리듬,loneliness-isolation,"혼자 사는 직장인, 퇴근 후 적막한 집에 오히려 불편함을 느낀다면? 나만의 '고요한 안식처' 만드는 법",혼자 사는 불편함 알아보기｜퇴근 후 적막,혼자 사는 불편함,질문형,9.67,"대표 키워드가 원제목에 없어 새 제목이 원래 의미와 달라질 수 있음(추가 검토 필요) → 재판정: 재판정: 제안 제목이 대표 키워드+명확한 검색의도를 포함하고, 다른 글과 충돌하지 않아 안전하게 적용 가능 [HIGH]"
80,2026-08-08-lifestyle-auto-9fe492,https://honsamnote.co.kr/blog/2026-08-08-lifestyle-auto-9fe492/,관계·고립·생활 리듬,loneliness-isolation,"혼자 사는 직장인, 친구들 라이프스타일 달라져 약속 잡기 애매하다면? 내 시간과 에너지를 아끼는 스마트 소셜 스케줄링",1인 가구 친구 관계 알아보기｜라이프스타일 차이,1인 가구 친구 관계,질문형,9.67,"대표 키워드가 원제목에 없어 새 제목이 원래 의미와 달라질 수 있음(추가 검토 필요) → 재판정: 재판정: 제안 제목이 대표 키워드+명확한 검색의도를 포함하고, 다른 글과 충돌하지 않아 안전하게 적용 가능 [HIGH]"
81,2026-08-14-lifestyle-auto-e506f6,https://honsamnote.co.kr/blog/2026-08-14-lifestyle-auto-e506f6/,관계·고립·생활 리듬,loneliness-isolation,"혼자 사는 직장인, 나만의 기념일, 혼자 보낼까 함께 보낼까? '소소한 자기 보상' vs. '가벼운 소셜 이벤트', 나에게 맞는 선택 기준",1인 가구 기념일 비교｜혼자 생일 보내기,1인 가구 기념일,비교형,9.67,"대표 키워드가 원제목에 없어 새 제목이 원래 의미와 달라질 수 있음(추가 검토 필요) → 재판정: 재판정: 제안 제목이 대표 키워드+명확한 검색의도를 포함하고, 다른 글과 충돌하지 않아 안전하게 적용 가능 [HIGH]"
82,2026-08-06-safety-auto-97b7d5,https://honsamnote.co.kr/blog/2026-08-06-safety-auto-97b7d5/,안전·응급상황,emergency-response,"혼자 사는 당신, 외출 중 지갑이나 신분증을 잃어버렸을 때: 당황하지 않고 개인정보와 재산을 지키는 최단기 대처법",지갑 잃어버렸을 때 해결 방법｜신분증 분실,지갑 잃어버렸을 때,문제해결형,9.6,"대표 키워드가 원제목에 없어 새 제목이 원래 의미와 달라질 수 있음(추가 검토 필요) → 재판정: 재판정: 제안 제목이 대표 키워드+명확한 검색의도를 포함하고, 다른 글과 충돌하지 않아 안전하게 적용 가능 [HIGH]"
83,2026-08-10-cleaning-auto-8285cc,https://honsamnote.co.kr/blog/2026-08-10-cleaning-auto-8285cc/,청소·세탁·집안일,kitchen-cleaning,"혼자 사는 당신, 쌓이는 주방 기름때와 정리 안 되는 식료품? 퇴근 후 30분, 깔끔하고 효율적인 수납장 청소 가이드",주방 수납장 청소 알아보기｜혼자 살림,주방 수납장 청소,질문형,9.6,"대표 키워드가 원제목에 없어 새 제목이 원래 의미와 달라질 수 있음(추가 검토 필요) → 재판정: 재판정: 제안 제목이 대표 키워드+명확한 검색의도를 포함하고, 다른 글과 충돌하지 않아 안전하게 적용 가능 [HIGH]"
84,2026-08-10-cost-auto-2c9756,https://honsamnote.co.kr/blog/2026-08-10-cost-auto-2c9756/,생활비 최적화,general-living-cost,"혼자 사는 직장인, 세탁 세제 살 때마다 고민된다면? 액체 vs 가루 vs 캡슐, 나에게 맞는 최적의 선택 가이드",세탁세제 종류 비교｜액체세제,세탁세제 종류,비교형,9.6,"대표 키워드가 원제목에 없어 새 제목이 원래 의미와 달라질 수 있음(추가 검토 필요) → 재판정: 재판정: 제안 제목이 대표 키워드+명확한 검색의도를 포함하고, 다른 글과 충돌하지 않아 안전하게 적용 가능 [HIGH]"
85,2026-08-14-cost-auto-c66395,https://honsamnote.co.kr/blog/2026-08-14-cost-auto-c66395/,생활비 최적화,general-living-cost,"혼자 사는 직장인, 외풍 때문에 겨울마다 난방비 폭탄이라면? 셀프 방풍/단열 시공으로 따뜻하고 돈 아끼는 법",난방비 절약 알아보기｜외풍,난방비 절약,질문형,9.6,"대표 키워드가 원제목에 없어 새 제목이 원래 의미와 달라질 수 있음(추가 검토 필요) → 재판정: 재판정: 제안 제목이 대표 키워드+명확한 검색의도를 포함하고, 다른 글과 충돌하지 않아 안전하게 적용 가능 [HIGH]"
86,2026-08-05-lifestyle-auto-420299,https://honsamnote.co.kr/blog/2026-08-05-lifestyle-auto-420299/,관계·고립·생활 리듬,loneliness-isolation,"1인 가구 직장인, 재택근무로 무너진 생활 리듬과 고립감? 나만의 홈 오피스 루틴으로 잡는 법",재택근무 루틴 알아보기｜재택근무 생활 리듬,재택근무 루틴,질문형,9.57,"대표 키워드가 원제목에 없어 새 제목이 원래 의미와 달라질 수 있음(추가 검토 필요) → 재판정: 재판정: 제안 제목이 대표 키워드+명확한 검색의도를 포함하고, 다른 글과 충돌하지 않아 안전하게 적용 가능 [HIGH]"
87,2026-08-07-cleaning-auto-d3c72b,https://honsamnote.co.kr/blog/2026-08-07-cleaning-auto-d3c72b/,청소·세탁·집안일,bathroom-cleaning,"혼자 사는 당신, 변기 속 보기 싫은 노란 얼룩·물때? 지금 당장 새것처럼 되돌리는 현실 솔루션",변기 얼룩 제거 알아보기｜변기 물때 청소,변기 얼룩 제거,질문형,9.53,"대표 키워드가 원제목에 없어 새 제목이 원래 의미와 달라질 수 있음(추가 검토 필요) → 재판정: 재판정: 제안 제목이 대표 키워드+명확한 검색의도를 포함하고, 다른 글과 충돌하지 않아 안전하게 적용 가능 [HIGH]"
88,2026-08-13-cleaning-auto-cf3699,https://honsamnote.co.kr/blog/2026-08-13-cleaning-auto-cf3699/,청소·세탁·집안일,bathroom-cleaning,"혼자 사는 당신, 샤워 후 발목까지 물이 차오르고 퀴퀴한 냄새가 난다면? 딱 10분, 배수구 막힘 근본 원인 잡고 뻥 뚫린 욕실 만드는 현실 가이드",욕실 배수구 청소 알아보기｜배수구 막힘 방지,욕실 배수구 청소,질문형,9.53,"대표 키워드가 원제목에 없어 새 제목이 원래 의미와 달라질 수 있음(추가 검토 필요) → 재판정: 재판정: 제안 제목이 대표 키워드+명확한 검색의도를 포함하고, 다른 글과 충돌하지 않아 안전하게 적용 가능 [HIGH]"
89,2026-08-08-lifestyle-auto-4e7860,https://honsamnote.co.kr/blog/2026-08-08-lifestyle-auto-4e7860/,관계·고립·생활 리듬,loneliness-isolation,"혼자 사는 직장인, 매일 혼밥 지겹다면? 밀키트 vs. 소셜 다이닝, 나에게 맞는 식사 경험",혼밥 해결 비교｜밀키트 추천,혼밥 해결,비교형,9.47,"대표 키워드가 원제목에 없어 새 제목이 원래 의미와 달라질 수 있음(추가 검토 필요) → 재판정: 재판정: 제안 제목이 대표 키워드+명확한 검색의도를 포함하고, 다른 글과 충돌하지 않아 안전하게 적용 가능 [HIGH]"
90,2026-08-03-cost-auto-d01191,https://honsamnote.co.kr/blog/2026-08-03-cost-auto-d01191/,생활비 최적화,general-living-cost,"혼자 사는 직장인, 바쁜 당신에게 홈 서비스 구독, 과연 돈 값 할까? 똑똑하게 따져보고 후회 없이 결정하는 법",1인 가구 청소 서비스 방법｜생활비 절약,1인 가구 청소 서비스,방법형,9.4,"대표 키워드가 원제목에 없어 새 제목이 원래 의미와 달라질 수 있음(추가 검토 필요) → 재판정: 재판정: 제안 제목이 대표 키워드+명확한 검색의도를 포함하고, 다른 글과 충돌하지 않아 안전하게 적용 가능 [HIGH]"
91,2026-08-05-products-auto-9973a7,https://honsamnote.co.kr/blog/2026-08-05-products-auto-9973a7/,1인 가구 제품·서비스,products-general,"혼자 사는 직장인, 택배 분실·재배송 스트레스 끝! 1인 가구 스마트/무인 택배함, 우리 집에 딱 맞는지 따져보는 3가지 기준",1인 가구 택배 기준｜스마트 택배함,1인 가구 택배,판단형,9.4,"대표 키워드가 원제목에 없어 새 제목이 원래 의미와 달라질 수 있음(추가 검토 필요) → 재판정: 재판정: 제안 제목이 대표 키워드+명확한 검색의도를 포함하고, 다른 글과 충돌하지 않아 안전하게 적용 가능 [HIGH]"
92,2026-08-06-cleaning-auto-467d7f,https://honsamnote.co.kr/blog/2026-08-06-cleaning-auto-467d7f/,청소·세탁·집안일,kitchen-cleaning,"혼자 사는 당신, 찌든 때와의 전쟁 언제까지? 전동 청소솔 vs 손 청소, 현명한 선택 기준",전동청소솔 비교｜손청소도구,전동청소솔,비교형,9.4,"대표 키워드가 원제목에 없어 새 제목이 원래 의미와 달라질 수 있음(추가 검토 필요) → 재판정: 재판정: 제안 제목이 대표 키워드+명확한 검색의도를 포함하고, 다른 글과 충돌하지 않아 안전하게 적용 가능 [HIGH]"
93,2026-08-07-food-auto-44e578,https://honsamnote.co.kr/blog/2026-08-07-food-auto-44e578/,혼밥·식재료 관리,food-waste,"1인 가구 직장인, 특별한 요리 위해 산 비싼 식재료, 남은 거 버릴까 말까? 알뜰하게 다 쓰는 현실적인 전략",1인 가구 식재료 알아보기｜남은 식재료 활용,1인 가구 식재료,질문형,9.4,"대표 키워드가 원제목에 없어 새 제목이 원래 의미와 달라질 수 있음(추가 검토 필요) → 재판정: 재판정: 제안 제목이 대표 키워드+명확한 검색의도를 포함하고, 다른 글과 충돌하지 않아 안전하게 적용 가능 [HIGH]"
94,2026-08-08-cleaning-auto-176b73,https://honsamnote.co.kr/blog/2026-08-08-cleaning-auto-176b73/,청소·세탁·집안일,kitchen-cleaning,"혼자 사는 당신, 매일 쓰는 밥솥 속 밥풀 찌꺼기와 쿰쿰한 냄새? 15분 만에 새 밥솥처럼 깔끔하게 만드는 현실 솔루션",밥솥 냄새 알아보기｜밥솥 밥맛,밥솥 냄새,질문형,9.4,"대표 키워드가 원제목에 없어 새 제목이 원래 의미와 달라질 수 있음(추가 검토 필요) → 재판정: 재판정: 제안 제목이 대표 키워드+명확한 검색의도를 포함하고, 다른 글과 충돌하지 않아 안전하게 적용 가능 [HIGH]"
95,2026-08-08-cleaning-auto-4d4ce4,https://honsamnote.co.kr/blog/2026-08-08-cleaning-auto-4d4ce4/,청소·세탁·집안일,kitchen-cleaning,"혼자 사는 당신, 설거지 후 주방 싱크대에서 스멀스멀 올라오는 하수구 냄새? 끈적한 물때와 더딘 물 빠짐, 20분 만에 싹 잡는 현실 솔루션",싱크대 냄새 제거 알아보기｜싱크대 물 빠짐,싱크대 냄새 제거,질문형,9.4,"대표 키워드가 원제목에 없어 새 제목이 원래 의미와 달라질 수 있음(추가 검토 필요) → 재판정: 재판정: 제안 제목이 대표 키워드+명확한 검색의도를 포함하고, 다른 글과 충돌하지 않아 안전하게 적용 가능 [HIGH]"
96,2026-08-08-food-auto-9b0e80,https://honsamnote.co.kr/blog/2026-08-08-food-auto-9b0e80/,혼밥·식재료 관리,food-waste,"혼자 사는 직장인, 요리에 허브/향신료 쓰고 싶을 때: 신선 vs. 건조 vs. 분말, 당신의 요리 스타일과 지갑을 위한 최적의 선택 가이드",1인 가구 허브 비교｜혼밥 향신료,1인 가구 허브,비교형,9.4,"대표 키워드가 원제목에 없어 새 제목이 원래 의미와 달라질 수 있음(추가 검토 필요) → 재판정: 재판정: 제안 제목이 대표 키워드+명확한 검색의도를 포함하고, 다른 글과 충돌하지 않아 안전하게 적용 가능 [HIGH]"
97,2026-08-09-food-auto-937ea1,https://honsamnote.co.kr/blog/2026-08-09-food-auto-937ea1/,혼밥·식재료 관리,food-waste,"1인 가구 직장인, 신선한 고기·생선 한 팩 샀는데 한 끼 먹고 남은 것 버릴까 말까? 신선도 낭비 없이 끝까지 즐기는 현실적인 보관 & 활용 전략",1인 가구 고기 보관 알아보기｜혼밥 생선 보관,1인 가구 고기 보관,질문형,9.4,"대표 키워드가 원제목에 없어 새 제목이 원래 의미와 달라질 수 있음(추가 검토 필요) → 재판정: 재판정: 제안 제목이 대표 키워드+명확한 검색의도를 포함하고, 다른 글과 충돌하지 않아 안전하게 적용 가능 [HIGH]"
98,2026-08-09-food-auto-bd7a7d,https://honsamnote.co.kr/blog/2026-08-09-food-auto-bd7a7d/,혼밥·식재료 관리,food-waste,"혼자 사는 직장인, 요리 시간 아끼고 싶을 때: 손질 채소 vs. 통 채소, 당신의 시간과 지갑을 위한 현명한 선택",1인 가구 채소 비교｜손질 채소 구매,1인 가구 채소,비교형,9.4,"대표 키워드가 원제목에 없어 새 제목이 원래 의미와 달라질 수 있음(추가 검토 필요) → 재판정: 재판정: 제안 제목이 대표 키워드+명확한 검색의도를 포함하고, 다른 글과 충돌하지 않아 안전하게 적용 가능 [HIGH]"
99,2026-08-12-cleaning-auto-4cf6ca,https://honsamnote.co.kr/blog/2026-08-12-cleaning-auto-4cf6ca/,청소·세탁·집안일,kitchen-cleaning,"혼자 사는 당신, 주방에 갑자기 초파리 떼가 들끓는다고요? 딱 15분, 근본 원인 싹 잡고 다시는 안 보는 현실 솔루션",초파리 없애는 법 알아보기｜주방 초파리,초파리 없애는 법,질문형,9.4,"대표 키워드가 원제목에 없어 새 제목이 원래 의미와 달라질 수 있음(추가 검토 필요) → 재판정: 재판정: 제안 제목이 대표 키워드+명확한 검색의도를 포함하고, 다른 글과 충돌하지 않아 안전하게 적용 가능 [HIGH]"
100,2026-08-13-cost-auto-590148,https://honsamnote.co.kr/blog/2026-08-13-cost-auto-590148/,생활비 최적화,general-living-cost,"혼자 사는 직장인, 매달 통장 스쳐 가는 숨은 구독료에 놀란다면? OTT 외 디지털 구독 서비스 비용 확 줄이는 법",1인 가구 구독 서비스 비용 정리｜디지털 구독료 절약,1인 가구 구독 서비스,비용형,9.4,"대표 키워드가 원제목에 없어 새 제목이 원래 의미와 달라질 수 있음(추가 검토 필요) → 재판정: 재판정: 제안 제목이 대표 키워드+명확한 검색의도를 포함하고, 다른 글과 충돌하지 않아 안전하게 적용 가능 [HIGH]"
